,threesMade,name,player_id,game_id,game_date,season,team,height,exp,daysBetweenGames,gamesInFive,gamesInThree,oppGamesFive,oppGamesThree,oppDaysLastGame,netRest,home,tmGameCt,Starter,mvAvgstart,mvAvgThrees,mvAvgUsage,mvAvgOffRating,mvAvgMarginOffRating,mvAvgMinutes,mvAvgFtPrct,mvAvgThrPtPrct,seasonUsage,seasonOffRating,seasonFtPrct,seasonThrPtPrct,past3FtPrct,past3ThrPtPrct,past3Usage,past3OffRating,past3AvgThrees,mvAvgOppPace,mvAvgOppOpen3,mvAvgOppOpen3Rate,mvAvgOppWide3,mvAvgOppWide3Rate,mvAvgOppDefRating,seasonOppPace,seasonOppOpen3,seasonOppWide3,seasonOppDefRating,mvGood3Rate,mvAvgTeamPace,ra_fgaskew,ra_fgakurt,paint_fgaskew,paint_fgakurt,mid_fgaskew,mid_fgakurt,crn_fgaskew,crn_fgakurt,abv_fgaskew,abv_fgakurt,wide_fg3allowed,crn_fgallowed,abv_fgallowed,ra_residualsAllowed,paint_residualsAllowed,mid_residualsAllowed,threes_residualsAllowed,ra_fgallowedskew,ra_fgallowedkurt,paint_fgallowedskew,paint_fgallowedkurt,mid_fgallowedskew,mid_fgallowedkurt,crn_fgallowedskew,crn_fgallowedkurt,abv_fgallowedskew,abv_fgallowedkurt,ra_residualsAllowedskew,ra_residualsAllowedkurt,ra_residualsAllowedMv,paint_residualsAllowedskew,paint_residualsAllowedkurt,paint_residualsAllowedMv,mid_residualsAllowedskew,mid_residualsAllowedkurt,mid_residualsAllowedMv,threes_residualsAllowedskew,threes_residualsAllowedkurt,threes_residualsAllowedMv,crn_fgallowedMv,abv_fgallowedMv,wide_fg3allowedcoefVar,abv_kurtSkew,crn_kurtSkew,crn_fgaMv,abv_fgaMv,threesMadeMv,cornerRatio,crn_interaction,abv_interaction,wide_interaction,crResid_interaction,usage_interaction
69562,0,Kevon Looney,1626172,0022200002,2022-10-18,2022-23,GSW,81,7.0,10.0,1,1,1.0,1.0,9.0,,1.0,1.0,0.0,,1.1851851851851853,0.1838888888888889,115.20000000000002,,24.455030864197536,0.7280177694109583,0.2605223037831733,0.18848027458682137,110.35179991880892,0.7455948730450315,0.33117609187308467,0.6254180602006689,0.15,0.11708502024291512,111.44615384615376,0.024291497975708502,99.79759349593495,0.4025496768015322,,0.49381134785731384,,114.1397967479674,113.5,0.4025496768015322,0.49381134785731384,107.0,,,0.7054716310367818,0.15968942607860198,1.3202801948447942,0.8076923076923055,0.5473172873368348,-0.38461538461538314,0.0,-3.0,0.0,-3.0,16.0,10.0,33.0,0.0,0.0,0.0,0.0,0.0,0.0,0.0,0.0,0.0,0.0,0.0,0.0,0.0,0.0,0.0,0.0,0.0,0.0,0.0,0.0,0.0,0.0,0.0,0.0,0.0,0.0,0.0,0.0,,-0.0,-0.0,0.0,0.0,0.0,0.0,0.0,0.0,,0.0,
69563,4,Jaylen Brown,1627759,0022200001,2022-10-18,2022-23,BOS,78,6.0,10.0,1,1,1.0,1.0,9.0,,1.0,1.0,0.0,,1.3333333333333335,0.19089583333333338,118.65208333333334,,26.25895833333334,0.7877699905873281,0.2605223037831733,0.18727613886968822,110.90407450380172,0.7552847184335886,0.3405531445458337,0.7338056680161943,0.3704481792717087,0.2637764227642279,112.15121951219511,2.1902834008097165,99.79759349593495,0.4025496768015322,,0.49381134785731384,,114.1397967479674,97.5,0.4025496768015322,0.49381134785731384,129.9,,,0.18053821629070538,-0.6101618089562074,0.23856299913885332,0.5242768595041338,0.3664211267810758,-0.354884449577479,1.1296331863021507,0.32252005391907584,-0.3122474341438572,0.4606131226759366,14.0,10.0,25.0,0.0,0.0,0.0,0.0,0.0,0.0,0.0,0.0,0.0,0.0,0.0,0.0,0.0,0.0,0.0,0.0,0.0,0.0,0.0,0.0,0.0,0.0,0.0,0.0,0.0,0.0,0.0,0.0,,-0.14382526568855095,0.3643293561549471,0.619307113398879,5.273169312994591,3.2206372113729147,-0.7351978563373132,0.0,0.0,,-0.0,
69564,0,Malcolm Brogdon,1627763,0022200001,2022-10-18,2022-23,BOS,76,6.0,10.0,1,1,1.0,1.0,9.0,,1.0,1.0,0.0,,1.1666666666666667,0.18466666666666676,118.03333333333333,,25.913015873015883,0.7950454027764954,0.2471245059288537,0.17580141723915785,110.50974622296829,0.7431825353526725,0.34072104875717096,0.8850267379679144,0.37145390070921985,0.22836032388663954,110.04777327935223,1.7408906882591093,99.79759349593495,0.4025496768015322,,0.49381134785731384,,114.1397967479674,97.5,0.4025496768015322,0.49381134785731384,129.9,,,1.3294457176467578,1.6912517682757016,2.15930473934368,5.322749100608712,0.16832956375009075,-0.9093803310230394,1.81142209327368,4.2628205128205146,0.434369220446059,-0.32266969751651614,14.0,10.0,25.0,0.0,0.0,0.0,0.0,0.0,0.0,0.0,0.0,0.0,0.0,0.0,0.0,0.0,0.0,0.0,0.0,0.0,0.0,0.0,0.0,0.0,0.0,0.0,0.0,0.0,0.0,0.0,0.0,,-0.14015778497181478,7.721767256583319,1.0003060473679406,2.737094504070896,2.083978775447663,-0.29459790884494386,0.0,0.0,,-0.0,
69565,1,Georges Niang,1627777,0022200001,2022-10-18,2022-23,PHI,79,6.0,10.0,1,1,1.0,1.0,9.0,,0.0,1.0,0.0,,1.166666666666667,0.18033333333333346,118.03333333333335,,26.29898148148149,0.8208863032392445,0.23291304347826083,0.16738168043623747,110.9023287581054,0.7352886166998241,0.3428350278005701,0.88,0.4141791044776119,0.168348178137652,108.18947368421054,1.48582995951417,99.79759349593495,0.4025496768015322,,0.49381134785731384,,114.1397967479674,97.5,0.4025496768015322,0.49381134785731384,119.4,,,1.1724322978427606,0.5931718403819516,0.840720619905746,-0.4698487108459284,2.4047631387103303,4.349112426035515,0.5518606681171822,-0.6654516397073513,-0.5679136258327024,-1.0546229609953355,23.0,6.0,28.0,0.0,0.0,0.0,0.0,0.0,0.0,0.0,0.0,0.0,0.0,0.0,0.0,0.0,0.0,0.0,0.0,0.0,0.0,0.0,0.0,0.0,0.0,0.0,0.0,0.0,0.0,0.0,0.0,,0.5989347496652817,-0.36723658648857327,1.7880578463096104,4.617512974930708,2.810315720678395,-0.29459790884494386,0.0,0.0,,-0.0,
69566,2,Jayson Tatum,1628369,0022200001,2022-10-18,2022-23,BOS,80,5.0,10.0,1,1,1.0,1.0,9.0,,1.0,1.0,0.0,,0.8000000000000004,0.17050000000000007,118.47333333333336,,25.254611111111114,0.8383968972204269,0.19874999999999995,0.16701817912511102,110.52986768045818,0.7202022864384489,0.3408144269525475,0.8473344103392568,0.37902753368482717,0.2850325203252029,114.97235772357725,2.6639676113360324,99.79759349593495,0.4025496768015322,,0.49381134785731384,,114.1397967479674,97.5,0.4025496768015322,0.49381134785731384,129.9,,,0.26926282462466694,-0.27998516634879966,0.7987790569971868,1.1258741258741265,0.31471498962480443,-0.47379493277234147,0.5788052811305192,0.5016816548060686,0.4454845461716621,1.470212574804683,14.0,10.0,25.0,0.0,0.0,0.0,0.0,0.0,0.0,0.0,0.0,0.0,0.0,0.0,0.0,0.0,0.0,0.0,0.0,0.0,0.0,0.0,0.0,0.0,0.0,0.0,0.0,0.0,0.0,0.0,0.0,,0.6549569816627351,0.29037599124805064,0.5408900918204737,8.468087828742553,4.67707869450385,-0.7351978563373132,0.0,0.0,,-0.0,
69567,0,Derrick White,1628401,0022200001,2022-10-18,2022-23,BOS,76,5.0,10.0,1,1,1.0,1.0,9.0,,1.0,1.0,0.0,,0.8750000000000004,0.17362500000000008,120.60833333333336,,25.867847222222228,0.8337104072398192,0.13999999999999993,0.17103689394687457,111.36769897304235,0.72664174693695,0.3416532784899215,0.8308270676691729,0.354978354978355,0.1832367149758455,110.19033816425117,1.2173913043478262,99.79759349593495,0.4025496768015322,,0.49381134785731384,,114.1397967479674,97.5,0.4025496768015322,0.49381134785731384,129.9,,,1.0381527976994704,0.2992261929525229,0.06634600811033681,-1.2154857889284274,0.25598422138411814,-0.5048076923076916,0.623148144077679,-0.1794871794871795,1.3241898061650679,1.5032051282051266,14.0,10.0,25.0,0.0,0.0,0.0,0.0,0.0,0.0,0.0,0.0,0.0,0.0,0.0,0.0,0.0,0.0,0.0,0.0,0.0,0.0,0.0,0.0,0.0,0.0,0.0,0.0,0.0,0.0,0.0,0.0,,1.9905289073442827,-0.11184710278317317,1.4445737844942053,4.194411284967121,2.202272011895201,-0.29459790884494386,0.0,0.0,,-0.0,
69568,1,Donte DiVincenzo,1628978,0022200002,2022-10-18,2022-23,GSW,76,4.0,10.0,1,1,1.0,1.0,9.0,,1.0,1.0,0.0,,1.1666666666666672,0.17872222222222225,117.81666666666673,,25.599166666666665,0.8039215686274512,0.2099999999999999,0.18132696970694387,111.07630865782342,0.7148874086143461,0.35977055812897085,0.7575757575757576,0.3553299492385787,0.16638547486033517,113.54078212290507,1.6201117318435754,99.79759349593495,0.4025496768015322,,0.49381134785731384,,114.1397967479674,113.5,0.4025496768015322,0.49381134785731384,107.0,,,0.813920820591383,0.712015257469804,0.40923745230824105,-0.7459715329839696,0.5547871557170474,-1.1317408365748753,0.4930066485916346,-0.598290598290597,0.401838608759262,-0.6551933699567627,16.0,10.0,33.0,0.0,0.0,0.0,0.0,0.0,0.0,0.0,0.0,0.0,0.0,0.0,0.0,0.0,0.0,0.0,0.0,0.0,0.0,0.0,0.0,0.0,0.0,0.0,0.0,0.0,0.0,0.0,0.0,,-0.26328199225171794,-0.2949612427471312,2.0739755097461288,5.2681090742607815,3.16913878485497,-0.29459790884494386,0.0,0.0,,-0.0,
69569,1,De'Anthony Melton,1629001,0022200001,2022-10-18,2022-23,PHI,75,4.0,10.0,1,1,1.0,1.0,9.0,,0.0,1.0,0.0,,1.7500000000000009,0.19383333333333327,114.8333333333334,,25.247777777777774,1.0,0.2099999999999999,0.18491525130838338,109.29047924689775,0.7900432900432903,0.35977055812897085,0.7689873417721519,0.37483085250338294,0.18463133640552995,108.94470046082947,1.327188940092166,99.79759349593495,0.4025496768015322,,0.49381134785731384,,114.1397967479674,97.5,0.4025496768015322,0.49381134785731384,119.4,,,0.5874024977822339,-0.08814525164072798,0.4936989760000664,-0.3494505494505496,0.1489608979310544,-2.3076923076923084,0.8139208205913823,0.7120152574698033,-0.20866575686010289,-1.258065254198512,23.0,6.0,28.0,0.0,0.0,0.0,0.0,0.0,0.0,0.0,0.0,0.0,0.0,0.0,0.0,0.0,0.0,0.0,0.0,0.0,0.0,0.0,0.0,0.0,0.0,0.0,0.0,0.0,0.0,0.0,0.0,,0.26251513844673025,0.5795240426334066,1.6031264917934684,6.9064493592440686,4.7428890838006525,-0.51461064452263,0.0,0.0,,-0.0,
69570,0,Lonnie Walker IV,1629022,0022200002,2022-10-18,2022-23,LAL,76,4.0,10.0,1,1,1.0,1.0,9.0,,0.0,1.0,0.0,,0.0,0.14966666666666664,107.33333333333343,,23.1761111111111,1.0,0.0,0.15369635627530354,107.88421052631574,0.7619047619047619,0.33613445378151263,0.7884615384615384,0.3447204968944099,0.20486666666666672,106.82222222222214,1.3333333333333333,99.79759349593495,0.4025496768015322,,0.49381134785731384,,114.1397967479674,113.5,0.4025496768015322,0.49381134785731384,97.3,,,-0.06634600811033681,-1.2154857889284274,2.873415758518382,9.711538461538462,-0.5282938496664262,0.12678457276794428,0.9380008508241537,0.5016742760667475,0.6065146764573071,1.0854680513156176,18.0,10.0,30.0,0.0,0.0,0.0,0.0,0.0,0.0,0.0,0.0,0.0,0.0,0.0,0.0,0.0,0.0,0.0,0.0,0.0,0.0,0.0,0.0,0.0,0.0,0.0,0.0,0.0,0.0,0.0,0.0,,0.6583523039484354,0.47057089778720057,0.7508455852400312,5.853391001775524,3.0213828340821127,-0.7351978563373132,0.0,0.0,,-0.0,
69571,0,Wenyen Gabriel,1629117,0022200002,2022-10-18,2022-23,LAL,81,3.0,10.0,1,1,1.0,1.0,9.0,,0.0,1.0,0.0,,0.43636363636363634,0.15181818181818177,108.5709090909091,,,0.6615384615384615,0.3684210526315789,0.15181818181818177,108.5709090909091,0.6615384615384615,0.3684210526315789,0.6615384615384615,0.3684210526315789,0.15181818181818177,108.5709090909091,0.43636363636363634,99.79759349593495,0.4025496768015322,,0.49381134785731384,,114.1397967479674,113.5,0.4025496768015322,0.49381134785731384,97.3,,,0.5382453524077101,-0.3855242111385779,1.6189863692771862,3.634615384615382,2.4047631387103303,4.349112426035515,1.558286985061904,1.0457724094087728,1.6319870856993823,1.3200511399957275,18.0,10.0,30.0,0.0,0.0,0.0,0.0,0.0,0.0,0.0,0.0,0.0,0.0,0.0,0.0,0.0,0.0,0.0,0.0,0.0,0.0,0.0,0.0,0.0,0.0,0.0,0.0,0.0,0.0,0.0,0.0,,2.154306412935775,1.62961353491852,0.1664030342322935,0.3006370411916981,0.012460995591639273,-0.13732763635137965,0.0,0.0,,-0.0,
69572,2,Jordan Poole,1629673,0022200002,2022-10-18,2022-23,GSW,76,3.0,10.0,1,1,1.0,1.0,9.0,,1.0,1.0,0.0,,2.1497005988023954,0.23614371257485034,106.87544910179643,,,0.8925619834710744,0.34375,0.23614371257485034,106.87544910179643,0.8925619834710744,0.34375,0.8925619834710744,0.34375,0.23614371257485034,106.87544910179643,2.1497005988023954,99.79759349593495,0.4025496768015322,,0.49381134785731384,,114.1397967479674,113.5,0.4025496768015322,0.49381134785731384,107.0,,,0.22487494136056768,-1.237334625303282,0.20159614605590287,-0.5857321549743714,0.6169562772827634,-0.3554563040509803,0.704614484417818,-0.3339274181021443,-0.04010421469177623,-0.8251511801807714,16.0,10.0,33.0,0.0,0.0,0.0,0.0,0.0,0.0,0.0,0.0,0.0,0.0,0.0,0.0,0.0,0.0,0.0,0.0,0.0,0.0,0.0,0.0,0.0,0.0,0.0,0.0,0.0,0.0,0.0,0.0,,0.03309204008314219,-0.2352900955390156,0.5012186206731934,9.054257838324354,3.7226935196983795,-0.7351978563373132,0.0,0.0,,-0.0,
69573,0,Matisse Thybulle,1629680,0022200001,2022-10-18,2022-23,PHI,77,3.0,10.0,1,1,1.0,1.0,9.0,,0.0,1.0,0.0,,0.803680981595092,0.09857055214723927,109.82760736196313,,,0.6931818181818182,0.336986301369863,0.09857055214723927,109.82760736196313,0.6931818181818182,0.336986301369863,0.6931818181818182,0.336986301369863,0.09857055214723927,109.82760736196313,0.803680981595092,99.79759349593495,0.4025496768015322,,0.49381134785731384,,114.1397967479674,97.5,0.4025496768015322,0.49381134785731384,119.4,,,0.3019446152568869,-0.8544183089637636,1.791550914223327,2.6250000000000115,3.8729833462074166,14.999999999999995,0.40923745230824105,-0.7459715329839673,0.8407206199057488,-0.4698487108459007,23.0,6.0,28.0,0.0,0.0,0.0,0.0,0.0,0.0,0.0,0.0,0.0,0.0,0.0,0.0,0.0,0.0,0.0,0.0,0.0,0.0,0.0,0.0,0.0,0.0,0.0,0.0,0.0,0.0,0.0,0.0,,-0.39501149944428254,-0.3052794896528318,0.7365075114554404,0.24580006035940835,0.6393339424545402,1.269843310776022,0.0,0.0,,0.0,
69574,3,Grant Williams,1629684,0022200001,2022-10-18,2022-23,BOS,78,3.0,10.0,1,1,1.0,1.0,9.0,,1.0,1.0,0.0,,0.8917525773195877,0.12178865979381447,108.35051546391755,,,0.774869109947644,0.3793911007025761,0.12178865979381447,108.35051546391755,0.774869109947644,0.3793911007025761,0.774869109947644,0.3793911007025761,0.12178865979381447,108.35051546391755,0.8917525773195877,99.79759349593495,0.4025496768015322,,0.49381134785731384,,114.1397967479674,97.5,0.4025496768015322,0.49381134785731384,129.9,,,1.5355242898536816,2.7854973582393794,1.57953064861557,2.7168326213406706,2.272968452080367,4.784795190200593,0.06240471233199363,0.21942067450693187,0.20962363907744985,-1.1183900461871945,14.0,10.0,25.0,0.0,0.0,0.0,0.0,0.0,0.0,0.0,0.0,0.0,0.0,0.0,0.0,0.0,0.0,0.0,0.0,0.0,0.0,0.0,0.0,0.0,0.0,0.0,0.0,0.0,0.0,0.0,0.0,,-0.23444099138975694,0.01369288407229709,1.7669060116718904,1.0976528349938712,0.7742481294518713,0.3751551779993052,0.0,0.0,,0.0,
69575,0,James Wiseman,1630164,0022200002,2022-10-18,2022-23,GSW,83,2.0,10.0,1,1,1.0,1.0,9.0,,1.0,1.0,0.0,,0.3076923076923077,0.23920512820512818,101.51282051282051,,,0.627906976744186,0.3235294117647059,0.23920512820512818,101.51282051282051,0.627906976744186,0.3235294117647059,0.627906976744186,0.3235294117647059,0.23920512820512818,101.51282051282051,0.3076923076923077,99.79759349593495,0.4025496768015322,,0.49381134785731384,,114.1397967479674,113.5,0.4025496768015322,0.49381134785731384,107.0,,,1.6215699857544936,4.5472483914446,0.32051301489448025,-0.742043423704323,1.5787449373703626,2.0423129682388947,0.0,-3.0,0.25598422138410487,-0.504807692307763,16.0,10.0,33.0,0.0,0.0,0.0,0.0,0.0,0.0,0.0,0.0,0.0,0.0,0.0,0.0,0.0,0.0,0.0,0.0,0.0,0.0,0.0,0.0,0.0,0.0,0.0,0.0,0.0,0.0,0.0,0.0,,-0.1292228040641095,-0.0,0.0,0.2589078269732628,0.06371748278756037,0.824414167986588,0.0,0.0,,0.0,
69576,2,Tyrese Maxey,1630178,0022200001,2022-10-18,2022-23,PHI,74,2.0,10.0,1,1,1.0,1.0,9.0,,0.0,1.0,0.0,,1.2920353982300885,0.20036283185840703,110.29469026548672,,,0.8673469387755102,0.4011299435028249,0.20036283185840703,110.29469026548672,0.8673469387755102,0.4011299435028249,0.8673469387755102,0.4011299435028249,0.20036283185840703,110.29469026548672,1.2920353982300885,99.79759349593495,0.4025496768015322,,0.49381134785731384,,114.1397967479674,97.5,0.4025496768015322,0.49381134785731384,119.4,,,0.5290671138202723,-0.6397091671900191,0.1423776724514579,-1.4792283678860156,0.3513784378080763,-0.48394787031150616,0.9671110966131887,0.555851299795937,0.5997019189713426,-0.4570145826550374,23.0,6.0,28.0,0.0,0.0,0.0,0.0,0.0,0.0,0.0,0.0,0.0,0.0,0.0,0.0,0.0,0.0,0.0,0.0,0.0,0.0,0.0,0.0,0.0,0.0,0.0,0.0,0.0,0.0,0.0,0.0,,-0.2740725222161132,0.5375699600995149,0.880579113659591,3.1559483676059674,1.6696335914779605,-0.51461064452263,0.0,0.0,,-0.0,
69577,0,Jonathan Kuminga,1630228,0022200002,2022-10-18,2022-23,GSW,79,1.0,10.0,1,1,1.0,1.0,9.0,,1.0,1.0,0.0,,0.8135593220338984,0.22647457627118653,108.17796610169492,,,0.6827956989247311,0.36220472440944884,0.22647457627118653,108.17796610169492,0.6827956989247311,0.36220472440944884,0.6827956989247311,0.36220472440944884,0.22647457627118653,108.17796610169492,0.8135593220338984,99.79759349593495,0.4025496768015322,,0.49381134785731384,,114.1397967479674,113.5,0.4025496768015322,0.49381134785731384,107.0,,,0.2687183635402933,-0.6970298727699953,-0.29947270643938356,-0.23434910392681255,0.628044799734325,-0.6541640178003809,1.3388461517623682,2.4492672062267205,-0.26876674066050066,-1.273477215305469,16.0,10.0,33.0,0.0,0.0,0.0,0.0,0.0,0.0,0.0,0.0,0.0,0.0,0.0,0.0,0.0,0.0,0.0,0.0,0.0,0.0,0.0,0.0,0.0,0.0,0.0,0.0,0.0,0.0,0.0,0.0,,0.34226832046306155,3.2791919736944113,0.3964693873347013,1.6662097024347324,0.07577763077629276,-0.51461064452263,0.0,0.0,,-0.0,
69578,1,Moses Moody,1630541,0022200002,2022-10-18,2022-23,GSW,77,1.0,10.0,1,1,1.0,1.0,9.0,,1.0,1.0,0.0,,1.1935483870967742,0.14309677419354844,102.51290322580645,,,0.7941176470588235,0.38823529411764707,0.14309677419354844,102.51290322580645,0.7941176470588235,0.38823529411764707,0.7941176470588235,0.38823529411764707,0.14309677419354844,102.51290322580645,1.1935483870967742,99.79759349593495,0.4025496768015322,,0.49381134785731384,,114.1397967479674,113.5,0.4025496768015322,0.49381134785731384,107.0,,,1.7997447655387881,3.2874617198465113,1.6319870856993872,1.3200511399957553,1.4073873102947176,1.2637362637362621,1.2551601952722364,0.9478703115066764,1.77814734671137,2.587216106171178,16.0,10.0,33.0,0.0,0.0,0.0,0.0,0.0,0.0,0.0,0.0,0.0,0.0,0.0,0.0,0.0,0.0,0.0,0.0,0.0,0.0,0.0,0.0,0.0,0.0,0.0,0.0,0.0,0.0,0.0,0.0,,4.600451454557202,1.1897290852834757,1.2134460381440406,1.3625453395562406,0.6517275278885266,0.02128755332478359,0.0,0.0,,0.0,
69579,0,Austin Reaves,1630559,0022200002,2022-10-18,2022-23,LAL,77,1.0,10.0,1,1,1.0,1.0,9.0,,0.0,1.0,0.0,,0.9259259259259259,0.11912962962962961,109.59814814814814,,,0.8392857142857143,0.33557046979865773,0.11912962962962961,109.59814814814814,0.8392857142857143,0.33557046979865773,0.8392857142857143,0.33557046979865773,0.11912962962962961,109.59814814814814,0.9259259259259259,99.79759349593495,0.4025496768015322,,0.49381134785731384,,114.1397967479674,113.5,0.4025496768015322,0.49381134785731384,97.3,,,0.8565086411054884,0.4065934065934067,0.748794513706997,-0.29876373626373576,2.3221531542098965,6.089213816486545,1.096605429017946,0.6975583301492619,1.5631214235957338,2.1706148522757482,18.0,10.0,30.0,0.0,0.0,0.0,0.0,0.0,0.0,0.0,0.0,0.0,0.0,0.0,0.0,0.0,0.0,0.0,0.0,0.0,0.0,0.0,0.0,0.0,0.0,0.0,0.0,0.0,0.0,0.0,0.0,,3.3929345779673112,0.7649462518983735,0.3683738427803527,1.417345704704221,0.16712227573998578,-0.51461064452263,0.0,0.0,,-0.0,
69580,0,Sam Hauser,1630573,0022200001,2022-10-18,2022-23,BOS,79,1.0,10.0,1,1,1.0,1.0,9.0,,1.0,1.0,0.0,,0.875,0.14306249999999998,104.95625000000001,,,0.759289372103107,0.37037037037037035,0.14306249999999998,104.95625000000001,0.759289372103107,0.37037037037037035,0.759289372103107,0.37037037037037035,0.14306249999999998,104.95625000000001,0.875,99.79759349593495,0.4025496768015322,,0.49381134785731384,,114.1397967479674,97.5,0.4025496768015322,0.49381134785731384,129.9,,,2.893627992848262,8.868131868131858,3.872983346207332,14.999999999999217,0.0,-3.0,1.172432297842763,0.5931718403819581,0.25598422138411725,-1.2935697115384641,14.0,10.0,25.0,0.0,0.0,0.0,0.0,0.0,0.0,0.0,0.0,0.0,0.0,0.0,0.0,0.0,0.0,0.0,0.0,0.0,0.0,0.0,0.0,0.0,0.0,0.0,0.0,0.0,0.0,0.0,0.0,,-0.3311334354142509,0.6954538238346398,1.0288363897210127,1.1156774570571546,0.6875220658652509,0.02128755332478359,0.0,0.0,,0.0,
69581,0,Scotty Pippen Jr.,1630590,0022200002,2022-10-18,2022-23,LAL,73,0.0,9.0,1,1,1.0,1.0,9.0,,0.0,1.0,0.0,,1.0280994998551192,0.16975937385264486,106.9007055757371,,,0.7715082359236877,0.3601297351151215,0.16975937385264486,106.9007055757371,0.7715082359236877,0.3601297351151215,0.7715082359236877,0.3601297351151215,0.16975937385264486,106.9007055757371,1.0280994998551192,99.79759349593495,0.4025496768015322,,0.49381134785731384,,114.1397967479674,113.5,0.4025496768015322,0.49381134785731384,97.3,,,1.1146200787865272,1.829604530003189,1.109984515046119,2.0357518860644883,1.4500685238875468,2.7429433384999387,0.7784902021740617,0.1536934123868212,0.57715693729751,-0.13160313117484637,18.0,10.0,30.0,0.0,0.0,0.0,0.0,0.0,0.0,0.0,0.0,0.0,0.0,0.0,0.0,0.0,0.0,0.0,0.0,0.0,0.0,0.0,0.0,0.0,0.0,0.0,0.0,0.0,0.0,0.0,0.0,,0.7783183489491282,0.6600015992990039,0.7658152128266918,2.1527050146676907,0.9390862406822627,0.0,0.0,0.0,,0.0,
69582,1,Max Christie,1631108,0022200002,2022-10-18,2022-23,LAL,77,0.0,9.0,1,1,1.0,1.0,9.0,,0.0,1.0,0.0,,0.8878993624867095,0.1614613315123692,106.90386263497969,,,0.7542148434169181,0.36217720200451164,0.1614613315123692,106.90386263497969,0.7542148434169181,0.36217720200451164,0.7542148434169181,0.36217720200451164,0.1614613315123692,106.90386263497969,0.8878993624867095,99.79759349593495,0.4025496768015322,,0.49381134785731384,,114.1397967479674,113.5,0.4025496768015322,0.49381134785731384,97.3,,,1.2258382209647722,2.212971924416498,1.2235330611698958,2.363437391194346,1.5542075547131449,3.130243293818803,0.7877246668935922,0.21464601619794188,0.6543145812961708,-0.044909625049105756,18.0,10.0,30.0,0.0,0.0,0.0,0.0,0.0,0.0,0.0,0.0,0.0,0.0,0.0,0.0,0.0,0.0,0.0,0.0,0.0,0.0,0.0,0.0,0.0,0.0,0.0,0.0,0.0,0.0,0.0,0.0,,0.8714716375573764,0.7719130611537564,0.7988897868458792,1.2900109117106082,0.5911353308052483,0.0,0.0,0.0,,0.0,
69583,0,Ryan Rollins,1631157,0022200002,2022-10-18,2022-23,GSW,75,0.0,9.0,1,1,1.0,1.0,9.0,,1.0,1.0,0.0,,0.8999305597569406,0.1704457285645306,106.4861848168392,,,0.7643870142894348,0.36577590209517574,0.1704457285645306,106.4861848168392,0.7643870142894348,0.36577590209517574,0.7643870142894348,0.36577590209517574,0.1704457285645306,106.4861848168392,0.8999305597569406,99.79759349593495,0.4025496768015322,,0.49381134785731384,,114.1397967479674,113.5,0.4025496768015322,0.49381134785731384,107.0,,,1.3578230217801845,2.6511705291851064,1.1423876535908344,2.326071304222108,1.222953870213963,1.4345637643643474,0.8417942689772139,0.35187709465250033,0.6276851472090883,0.015795958636150662,16.0,10.0,33.0,0.0,0.0,0.0,0.0,0.0,0.0,0.0,0.0,0.0,0.0,0.0,0.0,0.0,0.0,0.0,0.0,0.0,0.0,0.0,0.0,0.0,0.0,0.0,0.0,0.0,0.0,0.0,0.0,,1.0523977999861849,0.9257977112689832,0.8078015404730847,1.4391838904750653,0.5842498148553493,0.0,0.0,0.0,,0.0,
69584,0,Cole Swider,1631306,0022200002,2022-10-18,2022-23,LAL,80,0.0,9.0,1,1,1.0,1.0,9.0,,0.0,1.0,0.0,,0.9012935568298328,0.17855524002631662,106.17546304232614,,,0.762290595157793,0.3635067023272757,0.17855524002631662,106.17546304232614,0.762290595157793,0.3635067023272757,0.762290595157793,0.3635067023272757,0.17855524002631662,106.17546304232614,0.9012935568298328,99.79759349593495,0.4025496768015322,,0.49381134785731384,,114.1397967479674,113.5,0.4025496768015322,0.49381134785731384,97.3,,,1.3282061437679349,2.6287827243427278,1.0695304877533782,2.260944418035681,1.0479514399028957,0.8761918600583066,0.9716925284180838,0.37395316467676176,0.6973620652310281,0.2048269594400415,18.0,10.0,30.0,0.0,0.0,0.0,0.0,0.0,0.0,0.0,0.0,0.0,0.0,0.0,0.0,0.0,0.0,0.0,0.0,0.0,0.0,0.0,0.0,0.0,0.0,0.0,0.0,0.0,0.0,0.0,0.0,,1.2668709318821751,1.077815182468431,0.6479507952732838,1.4961057330552645,0.5525834290892624,0.0,0.0,0.0,,0.0,
69585,0,P.J. Tucker,200782,0022200001,2022-10-18,2022-23,PHI,77,16.0,10.0,1,1,1.0,1.0,9.0,,0.0,1.0,0.0,,1.4008097165991902,0.09570445344129559,113.45425101214586,,,0.7398843930635838,0.37731733914940024,0.09570445344129559,113.45425101214586,0.7398843930635838,0.37731733914940024,0.7398843930635838,0.37731733914940024,0.09570445344129559,113.45425101214586,1.4008097165991902,99.79759349593495,0.4025496768015322,,0.49381134785731384,,114.1397967479674,97.5,0.4025496768015322,0.49381134785731384,119.4,,,0.9140194750603665,-0.6123244366817263,0.4247692012156762,-1.1005900161315265,1.1763539004879071,-0.734265734265738,0.7235243613794081,-0.5076923076923083,2.4047631387104955,4.349112426039439,23.0,6.0,28.0,0.0,0.0,0.0,0.0,0.0,0.0,0.0,0.0,0.0,0.0,0.0,0.0,0.0,0.0,0.0,0.0,0.0,0.0,0.0,0.0,0.0,0.0,0.0,0.0,0.0,0.0,0.0,0.0,,10.45858524824742,-0.36732775270031537,1.7132245391021472,0.002292072047346031,0.1101765836170866,1.269843310776022,0.0,0.0,,0.0,
69586,2,Al Horford,201143,0022200001,2022-10-18,2022-23,BOS,81,15.0,10.0,1,1,1.0,1.0,9.0,,1.0,1.0,0.0,,1.2793522267206479,0.17149186991869905,111.0463414634146,,,0.8041543026706232,0.36018957345971564,0.17149186991869905,111.0463414634146,0.8041543026706232,0.36018957345971564,0.8041543026706232,0.36018957345971564,0.17149186991869905,111.0463414634146,1.2793522267206479,99.79759349593495,0.4025496768015322,,0.49381134785731384,,114.1397967479674,97.5,0.4025496768015322,0.49381134785731384,129.9,,,-0.10788498434245862,-1.7083551801194419,0.7649054353794569,0.10846125759509526,1.172432297842763,0.5931718403819581,0.4930066485916346,-0.598290598290597,1.705528186232947,3.109950990837417,14.0,10.0,25.0,0.0,0.0,0.0,0.0,0.0,0.0,0.0,0.0,0.0,0.0,0.0,0.0,0.0,0.0,0.0,0.0,0.0,0.0,0.0,0.0,0.0,0.0,0.0,0.0,0.0,0.0,0.0,0.0,,5.3041090726762965,-0.2949612427471312,1.4424749604052285,0.9618461716760299,0.9597866238351503,0.3751551779993052,0.0,0.0,,0.0,
69587,1,Russell Westbrook,201566,0022200002,2022-10-18,2022-23,LAL,76,14.0,10.0,1,1,1.0,1.0,9.0,,0.0,1.0,0.0,,1.242914979757085,0.29496356275303653,109.30445344129556,,,0.6909212283044058,0.2941747572815534,0.29496356275303653,109.30445344129556,0.6909212283044058,0.2941747572815534,0.6909212283044058,0.2941747572815534,0.29496356275303653,109.30445344129556,1.242914979757085,99.79759349593495,0.4025496768015322,,0.49381134785731384,,114.1397967479674,113.5,0.4025496768015322,0.49381134785731384,97.3,,,0.6352429627430519,1.3601688450389038,1.0117762055694737,1.8599226217569402,-0.26742053702826907,-0.7779697658585933,2.130077485325831,4.196439923712653,-0.01822665709948236,-0.3965929906223606,18.0,10.0,30.0,0.0,0.0,0.0,0.0,0.0,0.0,0.0,0.0,0.0,0.0,0.0,0.0,0.0,0.0,0.0,0.0,0.0,0.0,0.0,0.0,0.0,0.0,0.0,0.0,0.0,0.0,0.0,0.0,,0.00722856444813199,8.93874220002277,1.9240032671163727,3.0478038784117505,1.9129425518509577,-0.13732763635137965,0.0,0.0,,-0.0,
69588,5,James Harden,201935,0022200001,2022-10-18,2022-23,PHI,77,13.0,10.0,1,1,1.0,1.0,9.0,,0.0,1.0,0.0,,3.8987854251012144,0.34629959514170033,116.39595141700403,,,0.8686473807662236,0.3589265747297801,0.34629959514170033,116.39595141700403,0.8686473807662236,0.3589265747297801,0.8686473807662236,0.3589265747297801,0.34629959514170033,116.39595141700403,3.8987854251012144,99.79759349593495,0.4025496768015322,,0.49381134785731384,,114.1397967479674,97.5,0.4025496768015322,0.49381134785731384,119.4,,,2.066947269830159,6.729252160832609,-0.061977786051081465,-0.810487090763908,0.25598422138411814,-0.5048076923076916,1.3347837313925504,0.4705936156590138,0.6832063000558664,-0.5394576359081108,23.0,6.0,28.0,0.0,0.0,0.0,0.0,0.0,0.0,0.0,0.0,0.0,0.0,0.0,0.0,0.0,0.0,0.0,0.0,0.0,0.0,0.0,0.0,0.0,0.0,0.0,0.0,0.0,0.0,0.0,0.0,,-0.368560855465665,0.6281407022788502,0.37275409132312015,8.022919959285783,3.009572926537818,0.824414167986588,0.0,0.0,,0.0,
69589,4,Stephen Curry,201939,0022200002,2022-10-18,2022-23,GSW,74,13.0,10.0,1,1,1.0,1.0,9.0,,1.0,1.0,0.0,,4.777327935222672,0.3008218623481781,116.83036437246957,,,0.9192789968652038,0.41570605187319887,0.3008218623481781,116.83036437246957,0.9192789968652038,0.41570605187319887,0.9192789968652038,0.41570605187319887,0.3008218623481781,116.83036437246957,4.777327935222672,99.79759349593495,0.4025496768015322,,0.49381134785731384,,114.1397967479674,113.5,0.4025496768015322,0.49381134785731384,107.0,,,1.4729991726066922,3.1701923076923073,0.18185092543521858,-0.6812110636554412,0.3041771782296738,-1.2487205853029155,0.7402304167751361,-1.0219780219780217,0.39751184117947486,-1.2121141036535334,16.0,10.0,33.0,0.0,0.0,0.0,0.0,0.0,0.0,0.0,0.0,0.0,0.0,0.0,0.0,0.0,0.0,0.0,0.0,0.0,0.0,0.0,0.0,0.0,0.0,0.0,0.0,0.0,0.0,0.0,0.0,,-0.48182970906292494,-0.7564992171438202,0.36908762811851936,7.83497444047748,3.8697937976780343,0.824414167986588,0.0,0.0,,0.0,
69590,1,Patrick Beverley,201976,0022200002,2022-10-18,2022-23,LAL,74,13.0,10.0,1,1,1.0,1.0,9.0,,0.0,1.0,0.0,,1.534412955465587,0.14090688259109324,114.03724696356267,,,0.7450980392156863,0.38284518828451886,0.14090688259109324,114.03724696356267,0.7450980392156863,0.38284518828451886,0.7450980392156863,0.38284518828451886,0.14090688259109324,114.03724696356267,1.534412955465587,99.79759349593495,0.4025496768015322,,0.49381134785731384,,114.1397967479674,113.5,0.4025496768015322,0.49381134785731384,97.3,,,0.8727781529518863,0.7601244680364254,1.7365584201272048,4.637245589738757,0.7882269819968927,-1.615384615384615,0.4325150191747367,-1.5452890304961306,-0.17702718166395232,-1.1460715265709318,18.0,10.0,30.0,0.0,0.0,0.0,0.0,0.0,0.0,0.0,0.0,0.0,0.0,0.0,0.0,0.0,0.0,0.0,0.0,0.0,0.0,0.0,0.0,0.0,0.0,0.0,0.0,0.0,0.0,0.0,0.0,,0.2028858123341555,-0.6683607146555443,1.1477632861661196,2.5165007814713283,0.592583294970225,-0.29459790884494386,0.0,0.0,,-0.0,
69591,2,Klay Thompson,202691,0022200002,2022-10-18,2022-23,GSW,78,11.0,10.0,1,1,1.0,1.0,9.0,,1.0,1.0,0.0,,3.299595141700405,0.25530364372469616,114.68299595141706,,,0.8389662027833003,0.4175257731958763,0.25530364372469616,114.68299595141706,0.8389662027833003,0.4175257731958763,0.8389662027833003,0.4175257731958763,0.25530364372469616,114.68299595141706,3.299595141700405,99.79759349593495,0.4025496768015322,,0.49381134785731384,,114.1397967479674,113.5,0.4025496768015322,0.49381134785731384,107.0,,,0.937645722629161,0.5173235855054074,0.5795085343097203,-0.5757599446235548,0.04543863715599137,1.255030618996199,0.4999479915785398,-0.2595943136483662,0.37846396087850603,-0.443333152797162,16.0,10.0,33.0,0.0,0.0,0.0,0.0,0.0,0.0,0.0,0.0,0.0,0.0,0.0,0.0,0.0,0.0,0.0,0.0,0.0,0.0,0.0,0.0,0.0,0.0,0.0,0.0,0.0,0.0,0.0,0.0,,-0.16778562099636987,-0.1297836557337102,0.949119652704701,9.384410257601234,4.138503802563742,-0.7351978563373132,0.0,0.0,,-0.0,
69592,3,Tobias Harris,202699,0022200001,2022-10-18,2022-23,PHI,80,11.0,10.0,1,1,1.0,1.0,9.0,,0.0,1.0,0.0,,1.54251012145749,0.22842105263157916,111.8485829959515,,,0.844,0.36863136863136864,0.22842105263157916,111.8485829959515,0.844,0.36863136863136864,0.844,0.36863136863136864,0.22842105263157916,111.8485829959515,1.54251012145749,99.79759349593495,0.4025496768015322,,0.49381134785731384,,114.1397967479674,97.5,0.4025496768015322,0.49381134785731384,119.4,,,-0.2853280028022706,-0.8783973349950239,0.224237618260079,-0.7817027702486959,1.1130936439877046,1.1662077878294088,0.2948387669526956,-0.5033061822175438,-0.28961308610794906,-0.7538461538461536,23.0,6.0,28.0,0.0,0.0,0.0,0.0,0.0,0.0,0.0,0.0,0.0,0.0,0.0,0.0,0.0,0.0,0.0,0.0,0.0,0.0,0.0,0.0,0.0,0.0,0.0,0.0,0.0,0.0,0.0,0.0,,0.2183237110659923,-0.14839417416468934,2.34765113699685,2.904592474477117,2.372741223201827,0.02128755332478359,0.0,0.0,,0.0,
69593,0,Anthony Davis,203076,0022200002,2022-10-18,2022-23,LAL,82,10.0,10.0,1,1,1.0,1.0,9.0,,0.0,1.0,0.0,,0.325,0.261725,104.67250000000001,,,0.7131147540983607,0.18181818181818182,0.261725,104.67250000000001,0.7131147540983607,0.18181818181818182,0.7131147540983607,0.18181818181818182,0.261725,104.67250000000001,0.325,99.79759349593495,0.4025496768015322,,0.49381134785731384,,114.1397967479674,113.5,0.4025496768015322,0.49381134785731384,97.3,,,1.065176305195585,0.128067310276396,1.150870303152834,1.9221687403505587,0.1390949866044424,-0.6390265259049196,2.272968452080367,4.784795190200593,0.8587743023032591,0.6678716880977348,18.0,10.0,30.0,0.0,0.0,0.0,0.0,0.0,0.0,0.0,0.0,0.0,0.0,0.0,0.0,0.0,0.0,0.0,0.0,0.0,0.0,0.0,0.0,0.0,0.0,0.0,0.0,0.0,0.0,0.0,0.0,,0.5735510429742321,10.875688516991827,0.031908476431054024,0.3994918311363733,0.03995499780941818,-0.7351978563373132,0.0,0.0,,-0.0,
69594,0,Draymond Green,203110,0022200002,2022-10-18,2022-23,GSW,78,10.0,10.0,1,1,1.0,1.0,9.0,,1.0,1.0,0.0,,0.659919028340081,0.14082995951416985,110.79311740890691,,,0.7341176470588235,0.2898550724637681,0.14082995951416985,110.79311740890691,0.7341176470588235,0.2898550724637681,0.7341176470588235,0.2898550724637681,0.14082995951416985,110.79311740890691,0.659919028340081,99.79759349593495,0.4025496768015322,,0.49381134785731384,,114.1397967479674,113.5,0.4025496768015322,0.49381134785731384,107.0,,,2.2242244165482394,6.477928224965551,2.150331792829358,5.508416790965268,1.6720819322526292,0.8974358974359018,1.6720819322526292,0.8974358974359018,0.8916462030864973,-0.43516933187711604,16.0,10.0,33.0,0.0,0.0,0.0,0.0,0.0,0.0,0.0,0.0,0.0,0.0,0.0,0.0,0.0,0.0,0.0,0.0,0.0,0.0,0.0,0.0,0.0,0.0,0.0,0.0,0.0,0.0,0.0,0.0,,-0.3880170824679184,1.5005863494574951,0.46463600237696223,0.2635746293373339,0.05072038575110907,1.269843310776022,0.0,0.0,,0.0,
69595,1,Marcus Smart,203935,0022200001,2022-10-18,2022-23,BOS,75,8.0,10.0,1,1,1.0,1.0,9.0,,1.0,1.0,0.0,,1.8825910931174088,0.16911382113821122,112.90772357723579,,,0.8121827411167513,0.35038167938931297,0.16911382113821122,112.90772357723579,0.8121827411167513,0.35038167938931297,0.8121827411167513,0.35038167938931297,0.16911382113821122,112.90772357723579,1.8825910931174088,99.79759349593495,0.4025496768015322,,0.49381134785731384,,114.1397967479674,97.5,0.4025496768015322,0.49381134785731384,129.9,,,1.9391293082115677,4.941033645508155,1.7734392014539448,3.620848398169767,1.6720819322526292,0.8974358974359018,1.0631100712998625,0.14173618327134235,1.060506027373159,0.24650579930750582,14.0,10.0,25.0,0.0,0.0,0.0,0.0,0.0,0.0,0.0,0.0,0.0,0.0,0.0,0.0,0.0,0.0,0.0,0.0,0.0,0.0,0.0,0.0,0.0,0.0,0.0,0.0,0.0,0.0,0.0,0.0,,0.26142088594804824,0.15068116390336714,1.0367023080731212,7.705240521812209,1.9178062110912506,-0.7614889595473099,0.0,0.0,,-0.0,
69596,4,Andrew Wiggins,203952,0022200002,2022-10-18,2022-23,GSW,79,8.0,10.0,1,1,1.0,1.0,9.0,,1.0,1.0,0.0,,1.874493927125506,0.2327692307692309,110.19271255060734,,,0.6814159292035398,0.37285363859362225,0.2327692307692309,110.19271255060734,0.6814159292035398,0.37285363859362225,0.6814159292035398,0.37285363859362225,0.2327692307692309,110.19271255060734,1.874493927125506,99.79759349593495,0.4025496768015322,,0.49381134785731384,,114.1397967479674,113.5,0.4025496768015322,0.49381134785731384,107.0,,,-0.12068974748463879,-1.840004619137665,0.4349423701159553,-1.0678936990290624,-0.2999168078879708,-1.3032280219780228,0.41537173057571686,0.3796459722055629,0.4260017960823574,-0.535409164996249,16.0,10.0,33.0,0.0,0.0,0.0,0.0,0.0,0.0,0.0,0.0,0.0,0.0,0.0,0.0,0.0,0.0,0.0,0.0,0.0,0.0,0.0,0.0,0.0,0.0,0.0,0.0,0.0,0.0,0.0,0.0,,-0.2280852659273573,0.15769420448112517,1.1213576570709933,2.9863550928150913,0.6565695227734882,-0.29459790884494386,0.0,0.0,,-0.0,
69597,1,Joel Embiid,203954,0022200001,2022-10-18,2022-23,PHI,84,8.0,10.0,1,1,1.0,1.0,9.0,,0.0,1.0,0.0,,1.2186234817813766,0.3443319838056677,113.59554655870437,,,0.8192627824019025,0.3399765533411489,0.3443319838056677,113.59554655870437,0.8192627824019025,0.3399765533411489,0.8192627824019025,0.3399765533411489,0.3443319838056677,113.59554655870437,1.2186234817813766,99.79759349593495,0.4025496768015322,,0.49381134785731384,,114.1397967479674,97.5,0.4025496768015322,0.49381134785731384,119.4,,,0.5133046689020188,-0.18894900965082684,0.20400425125516425,-0.9217344706428313,0.09418968489760739,0.40901118356017735,1.6720819322526292,0.8974358974359018,0.23581611655377913,-0.6463574232950402,23.0,6.0,28.0,0.0,0.0,0.0,0.0,0.0,0.0,0.0,0.0,0.0,0.0,0.0,0.0,0.0,0.0,0.0,0.0,0.0,0.0,0.0,0.0,0.0,0.0,0.0,0.0,0.0,0.0,0.0,0.0,,-0.15242149746714356,1.5005863494574951,0.2556770223513424,3.8746961827391644,2.012267298499482,-0.7351978563373132,0.0,0.0,,-0.0,
69598,3,LeBron James,2544,0022200002,2022-10-18,2022-23,LAL,81,19.0,10.0,1,1,1.0,1.0,9.0,,0.0,1.0,0.0,,2.327935222672065,0.3141585365853659,112.02682926829264,,,0.7029955385595921,0.35625,0.3141585365853659,112.02682926829264,0.7029955385595921,0.35625,0.7029955385595921,0.35625,0.3141585365853659,112.02682926829264,2.327935222672065,99.79759349593495,0.4025496768015322,,0.49381134785731384,,114.1397967479674,113.5,0.4025496768015322,0.49381134785731384,97.3,,,0.3009507926081402,-1.2443135823240983,0.22946174585134335,-1.136477139637151,0.06714260155533854,-0.0069869576789974765,0.2742374366928442,-1.4989823462332375,0.04759487875542221,0.1318131874277752,18.0,10.0,30.0,0.0,0.0,0.0,0.0,0.0,0.0,0.0,0.0,0.0,0.0,0.0,0.0,0.0,0.0,0.0,0.0,0.0,0.0,0.0,0.0,0.0,0.0,0.0,0.0,0.0,0.0,0.0,0.0,,0.006273632673990704,-0.41107707627882856,0.8651003137158203,7.260106609426493,3.57297061549843,-0.7351978563373132,0.0,0.0,,-0.0,
69599,0,Chris Paul,101108,0022200013,2022-10-19,2022-23,PHX,72,17.0,10.0,1,1,1.0,1.0,9.0,,1.0,1.0,0.0,,1.48582995951417,0.21572064777327932,115.24291497975715,,,0.8917910447761194,0.35971943887775554,0.21572064777327932,115.24291497975715,0.8917910447761194,0.35971943887775554,0.8917910447761194,0.35971943887775554,0.21572064777327932,115.24291497975715,1.48582995951417,99.79759349593495,0.4025496768015322,,0.49381134785731384,,114.1397967479674,94.5,0.4025496768015322,0.49381134785731384,113.8,,,1.3347837313925572,0.47059361565902397,0.07696081606687608,-0.69030788134455,0.19958211692662522,0.8067858067857969,1.6720819322526292,0.8974358974359018,0.41430708233753727,-0.8745712885840268,11.0,5.0,17.0,0.0,0.0,0.0,0.0,0.0,0.0,0.0,0.0,0.0,0.0,0.0,0.0,0.0,0.0,0.0,0.0,0.0,0.0,0.0,0.0,0.0,0.0,0.0,0.0,0.0,0.0,0.0,0.0,,-0.36234107886942846,1.5005863494574951,0.6335767930719568,2.584804461236414,0.963830238647363,-0.51461064452263,0.0,0.0,,-0.0,
69600,3,Tyus Jones,1626145,0022200009,2022-10-19,2022-23,MEM,73,7.0,10.0,1,1,1.0,1.0,9.0,,1.0,1.0,0.0,,0.8016194331983806,0.15315384615384642,108.53198380566802,,,0.8448275862068966,0.3731958762886598,0.15315384615384642,108.53198380566802,0.8448275862068966,0.3731958762886598,0.8448275862068966,0.3731958762886598,0.15315384615384642,108.53198380566802,0.8016194331983806,99.79759349593495,0.4025496768015322,,0.49381134785731384,,114.1397967479674,96.45,0.4025496768015322,0.49381134785731384,107.5,,,0.10343090815182811,-0.1266797021258048,0.247148322209987,-0.3146105559690696,2.9987198666936723,9.859343454556775,1.172432297842763,0.5931718403819581,1.0690044841563042,2.260368765088331,26.0,16.0,34.0,0.0,0.0,0.0,0.0,0.0,0.0,0.0,0.0,0.0,0.0,0.0,0.0,0.0,0.0,0.0,0.0,0.0,0.0,0.0,0.0,0.0,0.0,0.0,0.0,0.0,0.0,0.0,0.0,,2.416344345726274,0.6954538238346398,0.5681103146327473,2.4507266463185395,1.801332271495181,-0.51461064452263,0.0,0.0,,-0.0,
69601,1,Delon Wright,1626153,0022200004,2022-10-19,2022-23,WAS,77,7.0,10.0,1,1,1.0,1.0,9.0,,0.0,1.0,0.0,,0.7732793522267206,0.14482591093117395,109.5935222672065,,,0.7968337730870713,0.38193018480492813,0.14482591093117395,109.5935222672065,0.7968337730870713,0.38193018480492813,0.7968337730870713,0.38193018480492813,0.14482591093117395,109.5935222672065,0.7732793522267206,99.79759349593495,0.4025496768015322,,0.49381134785731384,,114.1397967479674,104.5,0.4025496768015322,0.49381134785731384,108.6,,,0.494505494505497,-0.9120879120879,0.840720619905746,-0.4698487108459284,1.6720819322526292,0.8974358974359018,2.805327488247368,8.884383355799619,1.4965307068252554,1.6490232266601685,13.0,9.0,22.0,0.0,0.0,0.0,0.0,0.0,0.0,0.0,0.0,0.0,0.0,0.0,0.0,0.0,0.0,0.0,0.0,0.0,0.0,0.0,0.0,0.0,0.0,0.0,0.0,0.0,0.0,0.0,0.0,,2.4678138949650053,24.923604844152067,0.42547710487970214,0.8603213818350096,0.6645214342858903,-0.13732763635137965,0.0,0.0,,-0.0,
69602,2,D'Angelo Russell,1626156,0022200010,2022-10-19,2022-23,MIN,75,7.0,10.0,1,1,1.0,1.0,9.0,,1.0,1.0,0.0,,2.720647773279352,0.2845829959514167,109.7315789473683,,,0.795,0.35772357723577236,0.2845829959514167,109.7315789473683,0.795,0.35772357723577236,0.795,0.35772357723577236,0.2845829959514167,109.7315789473683,2.720647773279352,99.79759349593495,0.4025496768015322,,0.49381134785731384,,114.1397967479674,106.0,0.4025496768015322,0.49381134785731384,109.5,,,0.030698835318091727,-0.6051560895851538,0.6311452206274267,-0.8035104688211203,1.0169139988043976,1.4514086736308958,0.2742374366928442,-1.4989823462332375,0.8049550489599834,1.1116931458223023,16.0,12.0,26.0,0.0,0.0,0.0,0.0,0.0,0.0,0.0,0.0,0.0,0.0,0.0,0.0,0.0,0.0,0.0,0.0,0.0,0.0,0.0,0.0,0.0,0.0,0.0,0.0,0.0,0.0,0.0,0.0,,0.8948630106238693,-0.41107707627882856,0.3323765738970409,5.165934432542784,0.8707711882527495,-0.7351978563373132,0.0,0.0,,-0.0,
69603,2,Karl-Anthony Towns,1626157,0022200010,2022-10-19,2022-23,MIN,84,7.0,10.0,1,1,1.0,1.0,9.0,,1.0,1.0,0.0,,2.210526315789474,0.27897154471544694,114.37195121951228,,,0.8317941952506597,0.4023934181002244,0.27897154471544694,114.37195121951228,0.8317941952506597,0.4023934181002244,0.8317941952506597,0.4023934181002244,0.27897154471544694,114.37195121951228,2.210526315789474,99.79759349593495,0.4025496768015322,,0.49381134785731384,,114.1397967479674,106.0,0.4025496768015322,0.49381134785731384,109.5,,,0.601149150929731,1.124582824473802,-1.1121814778778947,1.0235548475193472,1.2496264575684135,1.7281580717007585,1.1763539004879071,-0.734265734265738,0.6150305844891183,0.4438177968982164,16.0,12.0,26.0,0.0,0.0,0.0,0.0,0.0,0.0,0.0,0.0,0.0,0.0,0.0,0.0,0.0,0.0,0.0,0.0,0.0,0.0,0.0,0.0,0.0,0.0,0.0,0.0,0.0,0.0,0.0,0.0,,0.2729615190329828,-0.8637563604981181,0.4904671703038888,3.180198397334515,1.4560360502720127,-0.7614889595473099,0.0,0.0,,-0.0,
69604,0,Richaun Holmes,1626158,0022200014,2022-10-19,2022-23,SAC,81,7.0,10.0,1,1,1.0,1.0,9.0,,1.0,1.0,0.0,,0.020242914979757085,0.16645748987854275,106.55141700404859,,,0.7602040816326531,0.18518518518518517,0.16645748987854275,106.55141700404859,0.7602040816326531,0.18518518518518517,0.7602040816326531,0.18518518518518517,0.16645748987854275,106.55141700404859,0.020242914979757085,99.79759349593495,0.4025496768015322,,0.49381134785731384,,114.1397967479674,101.0,0.4025496768015322,0.49381134785731384,106.9,,,0.6349987383724395,-0.06996165700597565,0.5479633031035221,1.0347985347985356,1.631987085699384,1.3200511399957384,0.0,-3.0,3.872983346207248,14.999999999994102,21.0,13.0,30.0,0.0,0.0,0.0,0.0,0.0,0.0,0.0,0.0,0.0,0.0,0.0,0.0,0.0,0.0,0.0,0.0,0.0,0.0,0.0,0.0,0.0,0.0,0.0,0.0,0.0,0.0,0.0,0.0,,58.09475019308588,-0.0,0.0,0.06257144676388736,0.0,0.824414167986588,0.0,0.0,,0.0,
69605,1,Justise Winslow,1626159,0022200014,2022-10-19,2022-23,POR,78,7.0,10.0,1,1,1.0,1.0,9.0,,0.0,1.0,0.0,,0.8958333333333334,0.1876979166666666,104.33229166666672,,,0.6190476190476191,0.3414141414141414,0.1876979166666666,104.33229166666672,0.6190476190476191,0.3414141414141414,0.6190476190476191,0.3414141414141414,0.1876979166666666,104.33229166666672,0.8958333333333334,99.79759349593495,0.4025496768015322,,0.49381134785731384,,114.1397967479674,101.0,0.4025496768015322,0.49381134785731384,113.9,,,0.08468138055084158,0.26623426104808273,0.4555028881837658,-1.2665449389929537,0.9902743962768398,-0.39679157407689286,1.2324930685568753,0.41161396604585304,0.36542840180002706,-1.1251159388596874,9.0,9.0,19.0,0.0,0.0,0.0,0.0,0.0,0.0,0.0,0.0,0.0,0.0,0.0,0.0,0.0,0.0,0.0,0.0,0.0,0.0,0.0,0.0,0.0,0.0,0.0,0.0,0.0,0.0,0.0,0.0,,-0.41114931937723254,0.5073113600727189,0.8540094010473391,2.6262825904142426,1.1756932781820228,-0.51461064452263,0.0,0.0,,-0.0,
69606,1,Kelly Oubre Jr.,1626162,0022200011,2022-10-19,2022-23,CHA,79,7.0,10.0,1,1,1.0,1.0,9.0,,0.0,1.0,0.0,,1.9676113360323886,0.22206882591093124,108.21012145748979,,,0.7332549941245593,0.3383190883190883,0.22206882591093124,108.21012145748979,0.7332549941245593,0.3383190883190883,0.7332549941245593,0.3383190883190883,0.22206882591093124,108.21012145748979,1.9676113360323886,99.79759349593495,0.4025496768015322,,0.49381134785731384,,114.1397967479674,106.0,0.4025496768015322,0.49381134785731384,120.6,,,0.5984030392987398,0.7585234274447524,0.5547871557170494,-1.1317408365748678,3.8729833462074166,14.999999999999995,0.7877491138388949,-0.6242888029130634,-0.11815141882120472,-0.4427802820997518,18.0,6.0,23.0,0.0,0.0,0.0,0.0,0.0,0.0,0.0,0.0,0.0,0.0,0.0,0.0,0.0,0.0,0.0,0.0,0.0,0.0,0.0,0.0,0.0,0.0,0.0,0.0,0.0,0.0,0.0,0.0,,0.05231511855613895,-0.4917829512743102,2.0356196766712773,2.9168298449489938,1.7889925794595558,-0.005339380832623263,0.0,0.0,,-0.0,
69607,1,Devin Booker,1626164,0022200013,2022-10-19,2022-23,PHX,78,7.0,10.0,1,1,1.0,1.0,9.0,,1.0,1.0,0.0,,2.145748987854251,0.31142510121457523,115.60161943319837,,,0.8853779429987608,0.35719154737559644,0.31142510121457523,115.60161943319837,0.8853779429987608,0.35719154737559644,0.8853779429987608,0.35719154737559644,0.31142510121457523,115.60161943319837,2.145748987854251,99.79759349593495,0.4025496768015322,,0.49381134785731384,,114.1397967479674,94.5,0.4025496768015322,0.49381134785731384,113.8,,,-0.0035022626380282495,-0.5416818845872899,-0.0995494194271566,-1.3773148148148164,0.252335991995762,-0.5946630011697093,0.9376457226291603,0.5173235855054029,1.1087907927892973,0.9508469466373318,11.0,5.0,17.0,0.0,0.0,0.0,0.0,0.0,0.0,0.0,0.0,0.0,0.0,0.0,0.0,0.0,0.0,0.0,0.0,0.0,0.0,0.0,0.0,0.0,0.0,0.0,0.0,0.0,0.0,0.0,0.0,,1.0542903397832897,0.48506624716432173,0.2800892751860134,4.4236779214230175,1.6512297861671017,-0.7351978563373132,0.0,0.0,,-0.0,
69608,1,Cameron Payne,1626166,0022200013,2022-10-19,2022-23,PHX,75,7.0,10.0,1,1,1.0,1.0,9.0,,1.0,1.0,0.0,,1.1153846153846154,0.20521428571428577,107.10769230769228,,,0.8324022346368715,0.39451476793248946,0.20521428571428577,107.10769230769228,0.8324022346368715,0.39451476793248946,0.8324022346368715,0.39451476793248946,0.20521428571428577,107.10769230769228,1.1153846153846154,99.79759349593495,0.4025496768015322,,0.49381134785731384,,114.1397967479674,94.5,0.4025496768015322,0.49381134785731384,113.8,,,0.8540052323059003,0.26815339138128663,2.0852468068771444,5.890592574736759,1.2496264575684135,1.7281580717007585,1.3347837313925504,0.4705936156590138,0.638506850636343,0.7328750794659894,11.0,5.0,17.0,0.0,0.0,0.0,0.0,0.0,0.0,0.0,0.0,0.0,0.0,0.0,0.0,0.0,0.0,0.0,0.0,0.0,0.0,0.0,0.0,0.0,0.0,0.0,0.0,0.0,0.0,0.0,0.0,,0.46794575889968854,0.6281407022788502,1.005038762547653,1.8087631905252493,0.9877614769822123,-0.13732763635137965,0.0,0.0,,-0.0,
69609,2,Trey Lyles,1626168,0022200014,2022-10-19,2022-23,SAC,81,7.0,10.0,1,1,1.0,1.0,9.0,,1.0,1.0,0.0,,0.9676113360323887,0.1850890688259109,105.82874493927132,,,0.7305825242718447,0.3453355155482815,0.1850890688259109,105.82874493927132,0.7305825242718447,0.3453355155482815,0.7305825242718447,0.3453355155482815,0.1850890688259109,105.82874493927132,0.9676113360323887,99.79759349593495,0.4025496768015322,,0.49381134785731384,,114.1397967479674,101.0,0.4025496768015322,0.49381134785731384,106.9,,,-0.19577718013795728,-1.7736263736263738,0.2687667406605018,-1.273477215305469,0.3115740720388396,-0.4038461538461524,0.226627719100072,-0.9699990853379669,-0.0559965484277755,-0.42593149038461614,21.0,13.0,30.0,0.0,0.0,0.0,0.0,0.0,0.0,0.0,0.0,0.0,0.0,0.0,0.0,0.0,0.0,0.0,0.0,0.0,0.0,0.0,0.0,0.0,0.0,0.0,0.0,0.0,0.0,0.0,0.0,,0.023850693328236753,-0.21982868023929952,1.294345089737366,2.26413961820147,1.0180767563441164,-0.13732763635137965,0.0,0.0,,-0.0,
69610,4,Christian Wood,1626174,0022200013,2022-10-19,2022-23,DAL,80,7.0,10.0,1,1,1.0,1.0,9.0,,0.0,1.0,0.0,,1.425531914893617,0.2287446808510638,106.73244680851055,,,0.6690821256038647,0.3819241982507289,0.2287446808510638,106.73244680851055,0.6690821256038647,0.3819241982507289,0.6690821256038647,0.3819241982507289,0.2287446808510638,106.73244680851055,1.425531914893617,99.79759349593495,0.4025496768015322,,0.49381134785731384,,114.1397967479674,94.5,0.4025496768015322,0.49381134785731384,110.5,,,0.25676755109027005,-0.9460715677641925,0.9173825070252305,0.3936184822913643,2.2532965420430466,5.776159475727876,0.8022883956640813,-0.12667970212588933,0.38449735876609636,-0.6608958853104693,20.0,5.0,28.0,0.0,0.0,0.0,0.0,0.0,0.0,0.0,0.0,0.0,0.0,0.0,0.0,0.0,0.0,0.0,0.0,0.0,0.0,0.0,0.0,0.0,0.0,0.0,0.0,0.0,0.0,0.0,0.0,,-0.25411272232125637,-0.10163365498178346,0.7108468621019791,5.088249998616478,2.219152685837649,-0.7614889595473099,0.0,0.0,,-0.0,
69611,4,Terry Rozier,1626179,0022200011,2022-10-19,2022-23,CHA,73,7.0,10.0,1,1,1.0,1.0,9.0,,0.0,1.0,0.0,,2.7246963562753037,0.22361538461538466,108.89392712550614,,,0.8456486042692939,0.38496844520940904,0.22361538461538466,108.89392712550614,0.8456486042692939,0.38496844520940904,0.8456486042692939,0.38496844520940904,0.22361538461538466,108.89392712550614,2.7246963562753037,99.79759349593495,0.4025496768015322,,0.49381134785731384,,114.1397967479674,106.0,0.4025496768015322,0.49381134785731384,120.6,,,0.8993329507052724,0.2372722178816374,-0.4000018700682067,-1.3402056849853845,-0.578805281130518,0.501681654806065,0.6169562772827617,-0.35545630405097084,1.795327556287467,4.930540389466996,18.0,6.0,23.0,0.0,0.0,0.0,0.0,0.0,0.0,0.0,0.0,0.0,0.0,0.0,0.0,0.0,0.0,0.0,0.0,0.0,0.0,0.0,0.0,0.0,0.0,0.0,0.0,0.0,0.0,0.0,0.0,,8.851935028598438,-0.2193009980839764,2.676926736764525,4.108095700958609,1.9717639606161557,-0.13732763635137965,0.0,0.0,,-0.0,
69612,0,Josh Richardson,1626196,0022200011,2022-10-19,2022-23,SAS,77,7.0,10.0,1,1,1.0,1.0,9.0,,1.0,1.0,0.0,,1.7732793522267207,0.1923400809716598,110.15546558704442,,,0.8662207357859532,0.36145574855252277,0.1923400809716598,110.15546558704442,0.8662207357859532,0.36145574855252277,0.8662207357859532,0.36145574855252277,0.1923400809716598,110.15546558704442,1.7732793522267207,99.79759349593495,0.4025496768015322,,0.49381134785731384,,114.1397967479674,106.0,0.4025496768015322,0.49381134785731384,97.1,,,1.35642366281663,0.8042160414565885,0.31529079279875677,-1.3282051282051281,0.5020640781088942,-0.6541640178003817,0.628044799734325,-0.6541640178003809,0.578056558709322,2.209656857920021,17.0,6.0,28.0,0.0,0.0,0.0,0.0,0.0,0.0,0.0,0.0,0.0,0.0,0.0,0.0,0.0,0.0,0.0,0.0,0.0,0.0,0.0,0.0,0.0,0.0,0.0,0.0,0.0,0.0,0.0,0.0,,1.2773066392177008,-0.4108443095528417,0.9696047173117197,4.1211655242278775,2.1788436692751496,-0.51461064452263,0.0,0.0,,-0.0,
69613,0,Larry Nance Jr.,1626204,0022200006,2022-10-19,2022-23,NOP,80,7.0,10.0,1,1,1.0,1.0,9.0,,0.0,1.0,0.0,,0.582995951417004,0.14725910931174094,104.25587044534421,,,0.700507614213198,0.3468354430379747,0.14725910931174094,104.25587044534421,0.700507614213198,0.3468354430379747,0.700507614213198,0.3468354430379747,0.14725910931174094,104.25587044534421,0.582995951417004,99.79759349593495,0.4025496768015322,,0.49381134785731384,,114.1397967479674,102.0,0.4025496768015322,0.49381134785731384,127.5,,,1.4971962810720563,2.1536470186618124,0.8214835391400872,-0.5439749053030329,1.0846268206190368,0.3975121687398604,1.0441029313106924,0.4958776915072448,0.7145529463707679,-1.0000441959649038,14.0,5.0,21.0,0.0,0.0,0.0,0.0,0.0,0.0,0.0,0.0,0.0,0.0,0.0,0.0,0.0,0.0,0.0,0.0,0.0,0.0,0.0,0.0,0.0,0.0,0.0,0.0,0.0,0.0,0.0,0.0,,-0.7145845267277077,0.5177473512742936,0.7016218625562898,0.04205313076269422,0.23688711626048548,1.269843310776022,0.0,0.0,,0.0,
69614,2,Royce O'Neale,1626220,0022200006,2022-10-19,2022-23,BKN,78,5.0,10.0,1,1,1.0,1.0,9.0,,1.0,1.0,0.0,,1.3846153846153846,0.09675303643724696,115.04291497975706,,,0.8035714285714286,0.38646788990825687,0.09675303643724696,115.04291497975706,0.8035714285714286,0.38646788990825687,0.8035714285714286,0.38646788990825687,0.09675303643724696,115.04291497975706,1.3846153846153846,99.79759349593495,0.4025496768015322,,0.49381134785731384,,114.1397967479674,102.0,0.4025496768015322,0.49381134785731384,105.9,,,1.6881442338170627,3.3449883449883444,0.7882269819968861,-1.6153846153847065,1.1763539004879071,-0.734265734265738,0.2758794436989122,-0.6461538461538459,0.6572264339340922,0.5527495872085276,16.0,6.0,26.0,0.0,0.0,0.0,0.0,0.0,0.0,0.0,0.0,0.0,0.0,0.0,0.0,0.0,0.0,0.0,0.0,0.0,0.0,0.0,0.0,0.0,0.0,0.0,0.0,0.0,0.0,0.0,0.0,,0.3632816400596021,-0.1782605636208355,1.3168812993442587,3.4657369023169062,1.614932910952903,-0.29459790884494386,0.0,0.0,,-0.0,
69615,3,Cedi Osman,1626224,0022200008,2022-10-19,2022-23,CLE,79,7.0,10.0,1,1,1.0,1.0,9.0,,0.0,1.0,0.0,,1.8582995951417005,0.18663967611336044,104.9068825910931,,,0.7348643006263048,0.3536776212832551,0.18663967611336044,104.9068825910931,0.7348643006263048,0.3536776212832551,0.7348643006263048,0.3536776212832551,0.18663967611336044,104.9068825910931,1.8582995951417005,99.79759349593495,0.4025496768015322,,0.49381134785731384,,114.1397967479674,99.0,0.4025496768015322,0.49381134785731384,106.1,,,0.6608667822145672,-0.8921591123804208,0.4550830602384218,-2.0940170940172496,2.272968452080367,4.784795190200593,0.1682341856307127,-0.03296703296703203,-0.012612394084145334,-0.7221969352146869,15.0,9.0,18.0,0.0,0.0,0.0,0.0,0.0,0.0,0.0,0.0,0.0,0.0,0.0,0.0,0.0,0.0,0.0,0.0,0.0,0.0,0.0,0.0,0.0,0.0,0.0,0.0,0.0,0.0,0.0,0.0,,0.009108632353289608,-0.005546181943869493,0.8954650663043601,2.144289119387137,0.8180875072071389,-0.29459790884494386,0.0,0.0,,-0.0,
69616,0,Ben Simmons,1627732,0022200006,2022-10-19,2022-23,BKN,82,6.0,10.0,1,1,1.0,1.0,9.0,,1.0,1.0,0.0,,0.020242914979757085,0.2096963562753034,111.75101214574906,,,0.6018062397372742,0.21739130434782608,0.2096963562753034,111.75101214574906,0.6018062397372742,0.21739130434782608,0.6018062397372742,0.21739130434782608,0.2096963562753034,111.75101214574906,0.020242914979757085,99.79759349593495,0.4025496768015322,,0.49381134785731384,,114.1397967479674,102.0,0.4025496768015322,0.49381134785731384,105.9,,,1.0311479248325988,1.1211837465926469,-0.3634484489057971,-0.6735997566447389,0.8022883956640813,-0.12667970212588933,0.0,-3.0,3.872983346207248,14.999999999994102,16.0,6.0,26.0,0.0,0.0,0.0,0.0,0.0,0.0,0.0,0.0,0.0,0.0,0.0,0.0,0.0,0.0,0.0,0.0,0.0,0.0,0.0,0.0,0.0,0.0,0.0,0.0,0.0,0.0,0.0,0.0,,58.09475019308588,-0.0,0.0,0.0031152488979098183,0.0,0.824414167986588,0.0,0.0,,0.0,
69617,0,Domantas Sabonis,1627734,0022200014,2022-10-19,2022-23,SAC,82,6.0,10.0,1,1,1.0,1.0,9.0,,1.0,1.0,0.0,,0.3562753036437247,0.2304453441295544,108.74129554655855,,,0.7269372693726938,0.3044982698961938,0.2304453441295544,108.74129554655855,0.7269372693726938,0.3044982698961938,0.7269372693726938,0.3044982698961938,0.2304453441295544,108.74129554655855,0.3562753036437247,99.79759349593495,0.4025496768015322,,0.49381134785731384,,114.1397967479674,101.0,0.4025496768015322,0.49381134785731384,106.9,,,0.39489088092338287,-0.43781957633308,0.12514995287889147,-1.189328077877301,0.2142071745267021,-0.7824519230769235,3.8729833462074166,14.999999999999995,0.40923745230823677,-0.7459715329839867,21.0,13.0,30.0,0.0,0.0,0.0,0.0,0.0,0.0,0.0,0.0,0.0,0.0,0.0,0.0,0.0,0.0,0.0,0.0,0.0,0.0,0.0,0.0,0.0,0.0,0.0,0.0,0.0,0.0,0.0,0.0,,-0.3052794896528365,58.09475019311123,0.06257144676388736,0.5211169292200415,0.021197533862213486,-0.7351978563373132,0.0,0.0,,-0.0,
69618,3,Malik Beasley,1627736,0022200012,2022-10-19,2022-23,UTA,76,6.0,10.0,1,1,1.0,1.0,9.0,,1.0,1.0,0.0,,2.331983805668016,0.19464372469635646,108.4242914979757,,,0.8244274809160306,0.3877266387726639,0.19464372469635646,108.4242914979757,0.8244274809160306,0.3877266387726639,0.8244274809160306,0.3877266387726639,0.19464372469635646,108.4242914979757,2.331983805668016,99.79759349593495,0.4025496768015322,,0.49381134785731384,,114.1397967479674,102.5,0.4025496768015322,0.49381134785731384,119.4,,,1.0742510779389194,-0.10564346473977264,2.272968452080373,4.784795190200645,1.0742510779389236,-0.1056434647397792,0.48453680188721915,-1.13395516098219,0.49299609880502265,0.37615864052844616,16.0,9.0,29.0,0.0,0.0,0.0,0.0,0.0,0.0,0.0,0.0,0.0,0.0,0.0,0.0,0.0,0.0,0.0,0.0,0.0,0.0,0.0,0.0,0.0,0.0,0.0,0.0,0.0,0.0,0.0,0.0,,0.18544474231232486,-0.5494430071858172,2.9442320325346554,2.8262955028118206,2.611577506259825,0.3751551779993052,0.0,0.0,,0.0,
69619,4,Buddy Hield,1627741,0022200004,2022-10-19,2022-23,IND,76,6.0,10.0,1,1,1.0,1.0,9.0,,1.0,1.0,0.0,,3.6801619433198383,0.23441869918699207,111.67276422764232,,,0.8658008658008658,0.4015151515151515,0.23441869918699207,111.67276422764232,0.8658008658008658,0.4015151515151515,0.8658008658008658,0.4015151515151515,0.23441869918699207,111.67276422764232,3.6801619433198383,99.79759349593495,0.4025496768015322,,0.49381134785731384,,114.1397967479674,104.5,0.4025496768015322,0.49381134785731384,102.9,,,-0.15991207535073387,-1.0058115590536763,1.4311451237658088,1.8031418640812227,0.8727781529518865,0.7601244680364261,-0.166951097678374,-1.2042477154205464,-0.13252479686056223,-0.4016402462727495,17.0,6.0,36.0,0.0,0.0,0.0,0.0,0.0,0.0,0.0,0.0,0.0,0.0,0.0,0.0,0.0,0.0,0.0,0.0,0.0,0.0,0.0,0.0,0.0,0.0,0.0,0.0,0.0,0.0,0.0,0.0,,0.05322729204832232,0.20105047796613437,1.517875898784289,6.190459598794004,4.2575233400004615,-0.51461064452263,0.0,0.0,,-0.0,
69620,2,Brandon Ingram,1627742,0022200006,2022-10-19,2022-23,NOP,80,6.0,10.0,1,1,1.0,1.0,9.0,,0.0,1.0,0.0,,1.6477732793522266,0.26568979591836744,111.67673469387769,,,0.8067846607669616,0.3707865168539326,0.26568979591836744,111.67673469387769,0.8067846607669616,0.3707865168539326,0.8067846607669616,0.3707865168539326,0.26568979591836744,111.67673469387769,1.6477732793522266,99.79759349593495,0.4025496768015322,,0.49381134785731384,,114.1397967479674,102.0,0.4025496768015322,0.49381134785731384,127.5,,,0.6245762653752678,-0.06422109695038596,0.4367069928390939,-0.9620350864519929,-1.0397066444317313,1.3900600535804852,1.1763539004879071,-0.734265734265738,0.6507102656920994,-0.2652862793626936,14.0,5.0,21.0,0.0,0.0,0.0,0.0,0.0,0.0,0.0,0.0,0.0,0.0,0.0,0.0,0.0,0.0,0.0,0.0,0.0,0.0,0.0,0.0,0.0,0.0,0.0,0.0,0.0,0.0,0.0,0.0,,-0.17262450532856688,-0.8637563604981181,0.5564022504326065,2.609594536093649,1.1513325802996324,-0.6415716903718726,0.0,0.0,,-0.0,
69621,2,Caris LeVert,1627747,0022200008,2022-10-19,2022-23,CLE,78,6.0,10.0,1,1,1.0,1.0,9.0,,0.0,1.0,0.0,,1.3724696356275303,0.2298178137651822,106.58340080971665,,,0.7364953886693018,0.33608247422680415,0.2298178137651822,106.58340080971665,0.7364953886693018,0.33608247422680415,0.7364953886693018,0.33608247422680415,0.2298178137651822,106.58340080971665,1.3724696356275303,99.79759349593495,0.4025496768015322,,0.49381134785731384,,114.1397967479674,99.0,0.4025496768015322,0.49381134785731384,106.1,,,0.24432998739577735,-0.022582805000561226,0.7731105535801772,0.17539775994742238,1.18551590297258,1.1563746698881836,0.4550830602384314,-2.0940170940170977,0.19033525357899747,-0.32600732600732546,15.0,9.0,18.0,0.0,0.0,0.0,0.0,0.0,0.0,0.0,0.0,0.0,0.0,0.0,0.0,0.0,0.0,0.0,0.0,0.0,0.0,0.0,0.0,0.0,0.0,0.0,0.0,0.0,0.0,0.0,0.0,,-0.06205068706421519,-0.9529517073368879,0.12330756676759738,4.064925816531828,0.9930363231241013,0.824414167986588,0.0,0.0,,0.0,
69622,1,Dejounte Murray,1627749,0022200005,2022-10-19,2022-23,ATL,77,6.0,10.0,1,1,1.0,1.0,9.0,,1.0,1.0,0.0,,0.8340080971659919,0.23014979757085033,109.58340080971664,,,0.7777777777777778,0.32741935483870965,0.23014979757085033,109.58340080971664,0.7777777777777778,0.32741935483870965,0.7777777777777778,0.32741935483870965,0.23014979757085033,109.58340080971664,0.8340080971659919,99.79759349593495,0.4025496768015322,,0.49381134785731384,,114.1397967479674,106.0,0.4025496768015322,0.49381134785731384,110.4,,,1.1227767762451373,0.6799976044787963,0.5234294825510772,0.9562668724428016,0.9139039847490286,1.9477682811016108,0.5547871557170474,-1.1317408365748753,0.6749193533348393,1.3528846153846166,13.0,7.0,17.0,0.0,0.0,0.0,0.0,0.0,0.0,0.0,0.0,0.0,0.0,0.0,0.0,0.0,0.0,0.0,0.0,0.0,0.0,0.0,0.0,0.0,0.0,0.0,0.0,0.0,0.0,0.0,0.0,,0.9130880097520382,-0.6278752797322068,1.188064276003177,5.873271929395725,2.730479248221032,-0.6415716903718726,0.0,0.0,,-0.0,
69623,1,Jamal Murray,1627750,0022200012,2022-10-19,2022-23,DEN,76,6.0,10.0,1,1,1.0,1.0,9.0,,0.0,1.0,0.0,,2.1578947368421053,0.23787398373983734,114.77398373983749,,,0.8780177890724269,0.37734487734487737,0.23787398373983734,114.77398373983749,0.8780177890724269,0.37734487734487737,0.8780177890724269,0.37734487734487737,0.23787398373983734,114.77398373983749,2.1578947368421053,99.79759349593495,0.4025496768015322,,0.49381134785731384,,114.1397967479674,102.5,0.4025496768015322,0.49381134785731384,100.0,,,-0.46272520794784233,1.519345101984817,-0.2148376991881566,-0.6236672310437931,-0.0065966410183867724,-0.22592687186179405,-0.11226494077122501,0.37825810553083233,1.5216131786556963,1.129237256965613,11.0,6.0,16.0,0.0,0.0,0.0,0.0,0.0,0.0,0.0,0.0,0.0,0.0,0.0,0.0,0.0,0.0,0.0,0.0,0.0,0.0,0.0,0.0,0.0,0.0,0.0,0.0,0.0,0.0,0.0,0.0,,1.7182622920278858,-0.04246512381365467,0.781892350915917,4.643660730544945,2.6604428898569616,-0.6415716903718726,0.0,0.0,,-0.0,
69624,0,Jakob Poeltl,1627751,0022200011,2022-10-19,2022-23,SAS,84,6.0,10.0,1,1,1.0,1.0,9.0,,1.0,1.0,0.0,,0.0,0.1407165991902835,111.8510121457489,,,0.48451327433628316,0.34182691211993477,0.1407165991902835,111.8510121457489,0.48451327433628316,0.34182691211993477,0.48451327433628316,0.34182691211993477,0.1407165991902835,111.8510121457489,0.0,99.79759349593495,0.4025496768015322,,0.49381134785731384,,114.1397967479674,106.0,0.4025496768015322,0.49381134785731384,97.1,,,0.6209956397387796,-0.020275008384402327,-0.010381171961122109,-0.9273275272587898,1.1763539004879071,-0.734265734265738,0.0,-3.0,0.0,-3.0,17.0,6.0,28.0,0.0,0.0,0.0,0.0,0.0,0.0,0.0,0.0,0.0,0.0,0.0,0.0,0.0,0.0,0.0,0.0,0.0,0.0,0.0,0.0,0.0,0.0,0.0,0.0,0.0,0.0,0.0,0.0,,-0.0,-0.0,0.0,0.0,0.0,0.0,0.0,0.0,,0.0,
69625,3,Taurean Prince,1627752,0022200010,2022-10-19,2022-23,MIN,78,6.0,10.0,1,1,1.0,1.0,9.0,,1.0,1.0,0.0,,1.9878542510121457,0.19531983805668024,107.3251012145749,,,0.822429906542056,0.37293469708890636,0.19531983805668024,107.3251012145749,0.822429906542056,0.37293469708890636,0.822429906542056,0.37293469708890636,0.19531983805668024,107.3251012145749,1.9878542510121457,99.79759349593495,0.4025496768015322,,0.49381134785731384,,114.1397967479674,106.0,0.4025496768015322,0.49381134785731384,109.5,,,1.4829857756495144,1.8007229065830204,2.6132129100804216,8.043385680063883,0.4325150191747367,-1.5452890304961306,1.0459878827117655,1.1374601729631293,0.15574707396266146,-0.9792227720398399,16.0,12.0,26.0,0.0,0.0,0.0,0.0,0.0,0.0,0.0,0.0,0.0,0.0,0.0,0.0,0.0,0.0,0.0,0.0,0.0,0.0,0.0,0.0,0.0,0.0,0.0,0.0,0.0,0.0,0.0,0.0,,-0.15251108150281134,1.189769557986662,2.8993299338713547,1.7885087363911125,1.9697579066034114,0.3751551779993052,0.0,0.0,,0.0,
69626,1,Pascal Siakam,1627783,0022200008,2022-10-19,2022-23,TOR,80,6.0,10.0,1,1,1.0,1.0,9.0,,1.0,1.0,0.0,,1.408906882591093,0.2512886178861786,113.9150406504064,,,0.7864077669902912,0.34634634634634637,0.2512886178861786,113.9150406504064,0.7864077669902912,0.34634634634634637,0.7864077669902912,0.34634634634634637,0.2512886178861786,113.9150406504064,1.408906882591093,99.79759349593495,0.4025496768015322,,0.49381134785731384,,114.1397967479674,99.0,0.4025496768015322,0.49381134785731384,109.1,,,-0.1629491315613566,-0.24014240115578334,0.26792068846436157,-0.6063511157318049,1.6432225300570278,3.585268975952673,1.4470487227588156,4.010989010989012,0.8510863425021228,1.0831455564054329,13.0,12.0,18.0,0.0,0.0,0.0,0.0,0.0,0.0,0.0,0.0,0.0,0.0,0.0,0.0,0.0,0.0,0.0,0.0,0.0,0.0,0.0,0.0,0.0,0.0,0.0,0.0,0.0,0.0,0.0,0.0,,0.9218503899985265,5.804096525351294,0.311041936392598,3.22744211259283,0.5964039202541019,-0.7351978563373132,0.0,0.0,,-0.0,
69627,3,Damion Lee,1627814,0022200013,2022-10-19,2022-23,PHX,78,5.0,10.0,1,1,1.0,1.0,9.0,,1.0,1.0,0.0,,1.3265306122448979,0.15761734693877558,105.925,,,0.8631578947368421,0.3570391872278665,0.15761734693877558,105.925,0.8631578947368421,0.3570391872278665,0.8631578947368421,0.3570391872278665,0.15761734693877558,105.925,1.3265306122448979,99.79759349593495,0.4025496768015322,,0.49381134785731384,,114.1397967479674,94.5,0.4025496768015322,0.49381134785731384,113.8,,,0.37990906366274885,-1.3542075128890194,0.6231481440776792,-0.17948717948718093,-0.788226981996892,-1.6153846153846154,1.090997687231827,1.5757511186874062,0.7299262885904487,0.8793892117649664,11.0,5.0,17.0,0.0,0.0,0.0,0.0,0.0,0.0,0.0,0.0,0.0,0.0,0.0,0.0,0.0,0.0,0.0,0.0,0.0,0.0,0.0,0.0,0.0,0.0,0.0,0.0,0.0,0.0,0.0,0.0,,0.6418893035700821,1.7191408261409244,2.377531212323012,1.7132084534526848,1.4014476127485518,0.3751551779993052,0.0,0.0,,0.0,
69628,1,Dorian Finney-Smith,1627827,0022200013,2022-10-19,2022-23,DAL,79,6.0,10.0,1,1,1.0,1.0,9.0,,0.0,1.0,0.0,,1.777327935222672,0.13282995951417004,114.71902834008095,,,0.7174721189591078,0.3793103448275862,0.13282995951417004,114.71902834008095,0.7174721189591078,0.3793103448275862,0.7174721189591078,0.3793103448275862,0.13282995951417004,114.71902834008095,1.777327935222672,99.79759349593495,0.4025496768015322,,0.49381134785731384,,114.1397967479674,94.5,0.4025496768015322,0.49381134785731384,110.5,,,0.46579374730111217,0.1596894260786049,0.5473172873368379,-0.3846153846153868,1.6720819322526292,0.8974358974359018,0.5277570702665068,0.9387862434830294,1.0819726904941422,1.2374649787651875,20.0,5.0,28.0,0.0,0.0,0.0,0.0,0.0,0.0,0.0,0.0,0.0,0.0,0.0,0.0,0.0,0.0,0.0,0.0,0.0,0.0,0.0,0.0,0.0,0.0,0.0,0.0,0.0,0.0,0.0,0.0,,1.3389033124668466,0.4954510774671031,2.0754295508458145,3.795178919548305,2.6236340087634713,-0.13732763635137965,0.0,0.0,,-0.0,
69629,3,Fred VanVleet,1627832,0022200008,2022-10-19,2022-23,TOR,72,6.0,10.0,1,1,1.0,1.0,9.0,,1.0,1.0,0.0,,2.785425101214575,0.21443495934959347,111.95691056910566,,,0.8590425531914894,0.3804469273743017,0.21443495934959347,111.95691056910566,0.8590425531914894,0.3804469273743017,0.8590425531914894,0.3804469273743017,0.21443495934959347,111.95691056910566,2.785425101214575,99.79759349593495,0.4025496768015322,,0.49381134785731384,,114.1397967479674,99.0,0.4025496768015322,0.49381134785731384,109.1,,,0.44660269842738365,-1.2335350658597377,-0.2044445814949019,-1.542816204978367,0.144176065430312,-1.0235802478301876,1.4971962810720556,2.1536470186618097,-0.6175015038300466,0.6149468132340176,13.0,12.0,18.0,0.0,0.0,0.0,0.0,0.0,0.0,0.0,0.0,0.0,0.0,0.0,0.0,0.0,0.0,0.0,0.0,0.0,0.0,0.0,0.0,0.0,0.0,0.0,0.0,0.0,0.0,0.0,0.0,,-0.3797305819475007,3.2244323070823815,1.5000761393738478,4.782015229953245,1.94997068851225,-0.51461064452263,0.0,0.0,,-0.0,
69630,1,Alex Caruso,1627936,0022200007,2022-10-19,2022-23,CHI,77,5.0,10.0,1,1,1.0,1.0,9.0,,0.0,1.0,0.0,,0.8457446808510638,0.14016489361702128,108.1643617021276,,,0.7467948717948718,0.3893129770992366,0.14016489361702128,108.1643617021276,0.7467948717948718,0.3893129770992366,0.7467948717948718,0.3893129770992366,0.14016489361702128,108.1643617021276,0.8457446808510638,99.79759349593495,0.4025496768015322,,0.49381134785731384,,114.1397967479674,105.0,0.4025496768015322,0.49381134785731384,110.5,,,0.3026974580194823,-0.9611591564254309,0.3830423089655683,-1.1172161172161197,0.25598422138411814,-0.5048076923076916,0.40923745230824105,-0.7459715329839673,-0.13839972539753442,-1.2262399443903058,23.0,10.0,26.0,0.0,0.0,0.0,0.0,0.0,0.0,0.0,0.0,0.0,0.0,0.0,0.0,0.0,0.0,0.0,0.0,0.0,0.0,0.0,0.0,0.0,0.0,0.0,0.0,0.0,0.0,0.0,0.0,,0.1697112715751062,-0.3052794896528318,0.9490027313221937,1.5127829374956638,0.7575849337610401,-0.13732763635137965,0.0,0.0,,-0.0,
69631,5,De'Aaron Fox,1628368,0022200014,2022-10-19,2022-23,SAC,75,5.0,9.0,1,1,1.0,1.0,9.0,,1.0,1.0,0.0,,1.4581880330160608,0.18893288842926562,110.91264879684428,,,0.7706237726001274,0.36626933901847875,0.18893288842926562,110.91264879684428,0.7706237726001274,0.36626933901847875,0.7706237726001274,0.36626933901847875,0.18893288842926562,110.91264879684428,1.4581880330160608,99.79759349593495,0.4025496768015322,,0.49381134785731384,,114.1397967479674,101.0,0.4025496768015322,0.49381134785731384,106.9,,,0.4662318688372189,0.038937321601208025,0.5031563743146403,0.4020190880194717,0.604823781168942,0.08680210692711701,0.717860812366115,0.5907977000840438,0.47326263314581457,0.12128952400997145,21.0,13.0,30.0,0.0,0.0,0.0,0.0,0.0,0.0,0.0,0.0,0.0,0.0,0.0,0.0,0.0,0.0,0.0,0.0,0.0,0.0,0.0,0.0,0.0,0.0,0.0,0.0,0.0,0.0,0.0,0.0,,0.5746069906600138,1.2730300445366491,1.3424853478942134,3.0373410054860575,1.6321912454134244,0.0,0.0,0.0,,0.0,
69632,2,Malik Monk,1628370,0022200014,2022-10-19,2022-23,SAC,75,5.0,10.0,1,1,1.0,1.0,9.0,,1.0,1.0,0.0,,1.8137651821862348,0.21927935222672085,107.22591093117408,,,0.8298969072164949,0.3696969696969697,0.21927935222672085,107.22591093117408,0.8298969072164949,0.3696969696969697,0.8298969072164949,0.3696969696969697,0.21927935222672085,107.22591093117408,1.8137651821862348,99.79759349593495,0.4025496768015322,,0.49381134785731384,,114.1397967479674,101.0,0.4025496768015322,0.49381134785731384,106.9,,,0.7765177025745057,0.6268376509853787,0.40392214861558656,-0.9522683228297188,0.9291279146534654,-0.34900284900284834,0.20962363907744802,-1.1183900461871998,1.5884735937179275,2.436701569229382,21.0,13.0,30.0,0.0,0.0,0.0,0.0,0.0,0.0,0.0,0.0,0.0,0.0,0.0,0.0,0.0,0.0,0.0,0.0,0.0,0.0,0.0,0.0,0.0,0.0,0.0,0.0,0.0,0.0,0.0,0.0,,3.87063609849191,-0.234440991389756,0.5561599577266383,5.834920118448088,2.6273053884395314,-0.7351978563373132,0.0,0.0,,-0.0,
69633,2,Dennis Smith Jr.,1628372,0022200011,2022-10-19,2022-23,CHA,75,5.0,10.0,1,1,1.0,1.0,9.0,,0.0,1.0,0.0,,0.9879518072289156,0.24116265060240968,100.06987951807228,,,0.6401985111662531,0.30237154150197626,0.24116265060240968,100.06987951807228,0.6401985111662531,0.30237154150197626,0.6401985111662531,0.30237154150197626,0.24116265060240968,100.06987951807228,0.9879518072289156,99.79759349593495,0.4025496768015322,,0.49381134785731384,,114.1397967479674,106.0,0.4025496768015322,0.49381134785731384,120.6,,,0.25677579908964876,-0.7692083570528879,1.4582870415769058,2.03273833346674,1.6458178569951274,1.8291406136396693,3.8729833462074166,14.999999999999995,3.872983346207248,14.999999999994102,18.0,6.0,23.0,0.0,0.0,0.0,0.0,0.0,0.0,0.0,0.0,0.0,0.0,0.0,0.0,0.0,0.0,0.0,0.0,0.0,0.0,0.0,0.0,0.0,0.0,0.0,0.0,0.0,0.0,0.0,0.0,,58.09475019308588,58.09475019311123,0.0008432061839023417,0.008889727562266496,0.0008432061839023417,-0.7351978563373132,0.0,0.0,,-0.0,
69634,3,Lauri Markkanen,1628374,0022200012,2022-10-19,2022-23,UTA,84,5.0,10.0,1,1,1.0,1.0,9.0,,1.0,1.0,0.0,,2.230769230769231,0.21102439024390235,107.35121951219517,,,0.8521229868228404,0.3684941013185288,0.21102439024390235,107.35121951219517,0.8521229868228404,0.3684941013185288,0.8521229868228404,0.3684941013185288,0.21102439024390235,107.35121951219517,2.230769230769231,99.79759349593495,0.4025496768015322,,0.49381134785731384,,114.1397967479674,102.5,0.4025496768015322,0.49381134785731384,119.4,,,-0.5055936772995699,-1.526285550129274,0.7156095124855456,-0.6352948975758513,2.011917047073769,4.866766747982737,0.2758794436989122,-0.6461538461538459,0.580929330137283,0.2871389187872207,16.0,9.0,29.0,0.0,0.0,0.0,0.0,0.0,0.0,0.0,0.0,0.0,0.0,0.0,0.0,0.0,0.0,0.0,0.0,0.0,0.0,0.0,0.0,0.0,0.0,0.0,0.0,0.0,0.0,0.0,0.0,,0.16680741974740382,-0.1782605636208355,1.4031667032931732,4.662985136400917,1.4905232421693673,-0.51461064452263,0.0,0.0,,-0.0,
69635,2,Donovan Mitchell,1628378,0022200008,2022-10-19,2022-23,CLE,75,5.0,10.0,1,1,1.0,1.0,9.0,,0.0,1.0,0.0,,2.9433198380566803,0.31306477732793514,114.42388663967601,,,0.8403830806065443,0.3709677419354839,0.31306477732793514,114.42388663967601,0.8403830806065443,0.3709677419354839,0.8403830806065443,0.3709677419354839,0.31306477732793514,114.42388663967601,2.9433198380566803,99.79759349593495,0.4025496768015322,,0.49381134785731384,,114.1397967479674,99.0,0.4025496768015322,0.49381134785731384,106.1,,,0.05776389912714659,-0.1972686822871077,0.27384347364388434,-1.209489756554849,0.9254794810726563,0.23134032586748696,0.7356179743325332,0.1596894260786049,0.3159827627640657,-0.6777819518411413,15.0,9.0,18.0,0.0,0.0,0.0,0.0,0.0,0.0,0.0,0.0,0.0,0.0,0.0,0.0,0.0,0.0,0.0,0.0,0.0,0.0,0.0,0.0,0.0,0.0,0.0,0.0,0.0,0.0,0.0,0.0,,-0.21416741369438477,0.11747041213426813,1.2684946186328065,8.545696605114228,3.229385301669846,-0.7614889595473099,0.0,0.0,,-0.0,
69636,0,Zach Collins,1628380,0022200011,2022-10-19,2022-23,SAS,83,5.0,9.0,1,1,1.0,1.0,9.0,,1.0,1.0,0.0,,1.8388542984717842,0.20369729122756608,108.72952465155397,,,0.7936336155618054,0.3647049738727436,0.20369729122756608,108.72952465155397,0.7936336155618054,0.3647049738727436,0.7936336155618054,0.3647049738727436,0.20369729122756608,108.72952465155397,1.8388542984717842,99.79759349593495,0.4025496768015322,,0.49381134785731384,,114.1397967479674,106.0,0.4025496768015322,0.49381134785731384,97.1,,,0.2725583363628086,-0.6568921559474333,0.525090666900888,-0.4985561912238414,0.8495446921081478,0.5414885225500596,1.0774116117743677,2.164669797698231,0.9267958478354417,2.3189524494429357,17.0,6.0,28.0,0.0,0.0,0.0,0.0,0.0,0.0,0.0,0.0,0.0,0.0,0.0,0.0,0.0,0.0,0.0,0.0,0.0,0.0,0.0,0.0,0.0,0.0,0.0,0.0,0.0,0.0,0.0,0.0,,7.961099950411912,7.866657971409082,1.2663380149626742,3.8569596409969256,1.7600867977809946,0.0,0.0,0.0,,0.0,
69637,2,John Collins,1628381,0022200005,2022-10-19,2022-23,ATL,81,5.0,10.0,1,1,1.0,1.0,9.0,,1.0,1.0,0.0,,1.097165991902834,0.2120653061224491,111.11836734693875,,,0.7843822843822844,0.37906647807637905,0.2120653061224491,111.11836734693875,0.7843822843822844,0.37906647807637905,0.7843822843822844,0.37906647807637905,0.2120653061224491,111.11836734693875,1.097165991902834,99.79759349593495,0.4025496768015322,,0.49381134785731384,,114.1397967479674,106.0,0.4025496768015322,0.49381134785731384,110.4,,,0.9501794567985355,0.8826582164871158,0.573834185337884,-0.7531971365539902,0.12661609092713902,-1.031856495972686,1.1121814778778945,1.3222576240327741,0.37469242869740627,-0.37502494288273025,13.0,7.0,17.0,0.0,0.0,0.0,0.0,0.0,0.0,0.0,0.0,0.0,0.0,0.0,0.0,0.0,0.0,0.0,0.0,0.0,0.0,0.0,0.0,0.0,0.0,0.0,0.0,0.0,0.0,0.0,0.0,,-0.14051900667083625,1.470590438432084,0.8840602209035382,2.4851012736838065,0.8858411022908651,-0.29459790884494386,0.0,0.0,,-0.0,
69638,2,OG Anunoby,1628384,0022200008,2022-10-19,2022-23,TOR,79,5.0,10.0,1,1,1.0,1.0,9.0,,1.0,1.0,0.0,,1.591093117408907,0.1628380566801619,109.59028340080968,,,0.7075,0.3754863813229572,0.1628380566801619,109.59028340080968,0.7075,0.3754863813229572,0.7075,0.3754863813229572,0.1628380566801619,109.59028340080968,1.591093117408907,99.79759349593495,0.4025496768015322,,0.49381134785731384,,114.1397967479674,99.0,0.4025496768015322,0.49381134785731384,109.1,,,0.7901246453364104,-0.5329829809402855,0.32762473974296724,-1.1259323662654999,0.8778777317602693,1.3075110765606148,1.3315694757384038,1.7120539998908169,0.7548309069238618,-0.20168297813957756,13.0,12.0,18.0,0.0,0.0,0.0,0.0,0.0,0.0,0.0,0.0,0.0,0.0,0.0,0.0,0.0,0.0,0.0,0.0,0.0,0.0,0.0,0.0,0.0,0.0,0.0,0.0,0.0,0.0,0.0,0.0,,-0.15223654530020272,2.2797188470704524,1.742627206983768,3.04898933152996,1.292794825567675,-0.13732763635137965,0.0,0.0,,-0.0,
69639,0,Jarrett Allen,1628386,0022200008,2022-10-19,2022-23,CLE,81,5.0,10.0,1,1,1.0,1.0,9.0,,0.0,1.0,0.0,,0.044534412955465584,0.16146963562753056,108.43927125506082,,,0.6875,0.15714285714285714,0.16146963562753056,108.43927125506082,0.6875,0.15714285714285714,0.6875,0.15714285714285714,0.16146963562753056,108.43927125506082,0.044534412955465584,99.79759349593495,0.4025496768015322,,0.49381134785731384,,114.1397967479674,99.0,0.4025496768015322,0.49381134785731384,106.1,,,1.4225234882221236,4.024917460111073,-0.07702232516232924,-1.0210805865722778,0.8191495084291777,0.9692307692307688,0.0,-3.0,2.4047631387104955,4.349112426039439,15.0,9.0,18.0,0.0,0.0,0.0,0.0,0.0,0.0,0.0,0.0,0.0,0.0,0.0,0.0,0.0,0.0,0.0,0.0,0.0,0.0,0.0,0.0,0.0,0.0,0.0,0.0,0.0,0.0,0.0,0.0,,10.45858524824742,-0.0,0.0,0.008468124470315325,0.0,0.824414167986588,0.0,0.0,,0.0,
69640,0,Bam Adebayo,1628389,0022200007,2022-10-19,2022-23,MIA,81,5.0,10.0,1,1,1.0,1.0,9.0,,1.0,1.0,0.0,,0.02834008097165992,0.21326315789473665,110.52388663967618,,,0.7469186524239935,0.20588235294117646,0.21326315789473665,110.52388663967618,0.7469186524239935,0.20588235294117646,0.7469186524239935,0.20588235294117646,0.21326315789473665,110.52388663967618,0.02834008097165992,99.79759349593495,0.4025496768015322,,0.49381134785731384,,114.1397967479674,105.0,0.4025496768015322,0.49381134785731384,102.9,,,0.7719779804664115,-0.4374696256083264,0.2623855507861806,-0.8532777012066358,0.30801315834101556,-0.867751740747575,0.0,-3.0,3.872983346207248,14.999999999994102,7.0,7.0,21.0,0.0,0.0,0.0,0.0,0.0,0.0,0.0,0.0,0.0,0.0,0.0,0.0,0.0,0.0,0.0,0.0,0.0,0.0,0.0,0.0,0.0,0.0,0.0,0.0,0.0,0.0,0.0,0.0,,58.09475019308588,-0.0,0.0,0.4623439303296163,0.0,0.824414167986588,0.0,0.0,,0.0,
69641,0,Isaiah Hartenstein,1628392,0022200009,2022-10-19,2022-23,NYK,84,5.0,10.0,1,1,1.0,1.0,9.0,,0.0,1.0,0.0,,0.1487603305785124,0.16681666666666672,108.46249999999999,,,0.6844660194174758,0.3829787234042553,0.16681666666666672,108.46249999999999,0.6844660194174758,0.3829787234042553,0.6844660194174758,0.3829787234042553,0.16681666666666672,108.46249999999999,0.1487603305785124,99.79759349593495,0.4025496768015322,,0.49381134785731384,,114.1397967479674,96.45,0.4025496768015322,0.49381134785731384,105.7,,,0.058641137928946485,-1.002747252747253,-0.005216483571901071,-1.5051691764759112,3.8729833462074166,14.999999999999995,2.4047631387103303,4.349112426035515,1.1584523444317956,1.1846153846153806,14.0,12.0,25.0,0.0,0.0,0.0,0.0,0.0,0.0,0.0,0.0,0.0,0.0,0.0,0.0,0.0,0.0,0.0,0.0,0.0,0.0,0.0,0.0,0.0,0.0,0.0,0.0,0.0,0.0,0.0,0.0,,1.372320469557661,10.458585248237265,0.06413908587951155,1.0388089617857448,0.3030085539802532,-0.7351978563373132,0.0,0.0,,-0.0,
69642,3,Kyle Kuzma,1628398,0022200004,2022-10-19,2022-23,WAS,81,5.0,10.0,1,1,1.0,1.0,9.0,,0.0,1.0,0.0,,1.825910931174089,0.22110162601626013,107.20609756097555,,,0.7259475218658892,0.3335843373493976,0.22110162601626013,107.20609756097555,0.7259475218658892,0.3335843373493976,0.7259475218658892,0.3335843373493976,0.22110162601626013,107.20609756097555,1.825910931174089,99.79759349593495,0.4025496768015322,,0.49381134785731384,,114.1397967479674,104.5,0.4025496768015322,0.49381134785731384,108.6,,,1.3590370927048854,2.5868300338535644,1.1612614192378026,2.493428380485635,1.2556549437205238,1.2607054204121413,0.8407206199057432,-0.4698487108459415,1.5963246606046488,2.7151656259407844,13.0,9.0,22.0,0.0,0.0,0.0,0.0,0.0,0.0,0.0,0.0,0.0,0.0,0.0,0.0,0.0,0.0,0.0,0.0,0.0,0.0,0.0,0.0,0.0,0.0,0.0,0.0,0.0,0.0,0.0,0.0,,4.334285846315331,-0.39501149944431424,2.131253769367401,3.9033873886630226,1.6057332845808088,-0.13732763635137965,0.0,0.0,,-0.0,
69643,0,Josh Hart,1628404,0022200014,2022-10-19,2022-23,POR,76,5.0,10.0,1,1,1.0,1.0,9.0,,0.0,1.0,0.0,,1.54251012145749,0.13973469387755094,107.20367346938762,,,0.7376681614349776,0.3538899430740038,0.13973469387755094,107.20367346938762,0.7376681614349776,0.3538899430740038,0.7376681614349776,0.3538899430740038,0.13973469387755094,107.20367346938762,1.54251012145749,99.79759349593495,0.4025496768015322,,0.49381134785731384,,114.1397967479674,101.0,0.4025496768015322,0.49381134785731384,113.9,,,0.273145694711233,0.12764295164455738,0.47597491100562184,-0.13189417287142904,0.12791724574823116,-1.3476532378292234,0.3115740720388396,-0.4038461538461524,0.7973268772902392,0.5145912229895365,9.0,9.0,19.0,0.0,0.0,0.0,0.0,0.0,0.0,0.0,0.0,0.0,0.0,0.0,0.0,0.0,0.0,0.0,0.0,0.0,0.0,0.0,0.0,0.0,0.0,0.0,0.0,0.0,0.0,0.0,0.0,,0.41029741290721233,-0.1258279906310694,0.5095328296961107,5.4570022239352145,1.1744948658756025,-0.7351978563373132,0.0,0.0,,-0.0,
69644,1,Monte Morris,1628420,0022200004,2022-10-19,2022-23,WAS,74,5.0,10.0,1,1,1.0,1.0,9.0,,0.0,1.0,0.0,,1.1974789915966386,0.16826470588235293,112.77563025210087,,,0.8263888888888888,0.3890449438202247,0.16826470588235293,112.77563025210087,0.8263888888888888,0.3890449438202247,0.8263888888888888,0.3890449438202247,0.16826470588235293,112.77563025210087,1.1974789915966386,99.79759349593495,0.4025496768015322,,0.49381134785731384,,114.1397967479674,104.5,0.4025496768015322,0.49381134785731384,108.6,,,0.9952648515060637,1.9353292137225668,0.49834560724632526,-0.33392741810214577,0.762585569339642,1.018825465192245,0.723110594157651,1.3753603398573813,-0.1480489210848677,-1.1358173076923073,13.0,9.0,22.0,0.0,0.0,0.0,0.0,0.0,0.0,0.0,0.0,0.0,0.0,0.0,0.0,0.0,0.0,0.0,0.0,0.0,0.0,0.0,0.0,0.0,0.0,0.0,0.0,0.0,0.0,0.0,0.0,,0.16815652695336528,0.9945376325351398,0.8210691449435591,2.388937239124521,1.8372850950053479,-0.29459790884494386,0.0,0.0,,-0.0,
69645,0,Maxi Kleber,1628467,0022200013,2022-10-19,2022-23,DAL,82,5.0,10.0,1,1,1.0,1.0,9.0,,0.0,1.0,0.0,,1.4067796610169492,0.133135593220339,111.9542372881356,,,0.7076923076923077,0.32806324110671936,0.133135593220339,111.9542372881356,0.7076923076923077,0.32806324110671936,0.7076923076923077,0.32806324110671936,0.133135593220339,111.9542372881356,1.4067796610169492,99.79759349593495,0.4025496768015322,,0.49381134785731384,,114.1397967479674,94.5,0.4025496768015322,0.49381134785731384,110.5,,,0.704936121166442,-0.6365323845932835,2.4047631387103467,4.349112426035783,1.6720819322526292,0.8974358974359018,0.293133642410542,-1.8606961220597582,0.6212982361498289,-0.34760808531536413,20.0,5.0,28.0,0.0,0.0,0.0,0.0,0.0,0.0,0.0,0.0,0.0,0.0,0.0,0.0,0.0,0.0,0.0,0.0,0.0,0.0,0.0,0.0,0.0,0.0,0.0,0.0,0.0,0.0,0.0,0.0,,-0.215968290277855,-0.5454326316785474,1.2288424506631588,3.2174132393742094,0.37563506750771297,-0.29459790884494386,0.0,0.0,,-0.0,
69646,0,Torrey Craig,1628470,0022200013,2022-10-19,2022-23,PHX,77,5.0,10.0,1,1,1.0,1.0,9.0,,1.0,1.0,0.0,,0.8773584905660378,0.12893396226415105,107.97169811320762,,,0.6741573033707865,0.34004024144869216,0.12893396226415105,107.97169811320762,0.6741573033707865,0.34004024144869216,0.6741573033707865,0.34004024144869216,0.12893396226415105,107.97169811320762,0.8773584905660378,99.79759349593495,0.4025496768015322,,0.49381134785731384,,114.1397967479674,94.5,0.4025496768015322,0.49381134785731384,113.8,,,-0.050361645477493375,-0.23241301634653574,2.2532965420430475,5.7761594757278845,1.4073873102947176,1.2637362637362621,-0.38304230896556885,-1.1172161172161172,0.5675178330329029,-0.9632009948791577,11.0,5.0,17.0,0.0,0.0,0.0,0.0,0.0,0.0,0.0,0.0,0.0,0.0,0.0,0.0,0.0,0.0,0.0,0.0,0.0,0.0,0.0,0.0,0.0,0.0,0.0,0.0,0.0,0.0,0.0,0.0,,-0.5466337413889558,0.42794104115200915,1.2400242502727714,2.1354789398402674,0.9982139271886431,-0.13732763635137965,0.0,0.0,,-0.0,
69647,0,Mo Bamba,1628964,0022200003,2022-10-19,2022-23,ORL,84,4.0,10.0,1,1,1.0,1.0,9.0,,0.0,1.0,0.0,,0.90625,0.1781160714285715,99.39375000000007,,,0.6854838709677419,0.36381709741550694,0.1781160714285715,99.39375000000007,0.6854838709677419,0.36381709741550694,0.6854838709677419,0.36381709741550694,0.1781160714285715,99.39375000000007,0.90625,99.79759349593495,0.4025496768015322,,0.49381134785731384,,114.1397967479674,101.5,0.4025496768015322,0.49381134785731384,106.9,,,1.417373013938755,2.625000000000001,2.5215258231860935,7.605828712380912,0.704614484417818,-0.3339274181021443,1.3014067987668418,1.7703117888029123,0.28704783313199184,-1.1027136129176955,14.0,5.0,24.0,0.0,0.0,0.0,0.0,0.0,0.0,0.0,0.0,0.0,0.0,0.0,0.0,0.0,0.0,0.0,0.0,0.0,0.0,0.0,0.0,0.0,0.0,0.0,0.0,0.0,0.0,0.0,0.0,,-0.3165315531531745,2.3038957978851995,2.31203449082854,2.483571038847455,2.687138491281243,0.02128755332478359,0.0,0.0,,0.0,
69648,0,Keita Bates-Diop,1628966,0022200011,2022-10-19,2022-23,SAS,80,4.0,10.0,1,1,1.0,1.0,9.0,,1.0,1.0,0.0,,0.3611111111111111,0.1477685185185185,104.78888888888888,,,0.7192982456140351,0.2956521739130435,0.1477685185185185,104.78888888888888,0.7192982456140351,0.2956521739130435,0.7192982456140351,0.2956521739130435,0.1477685185185185,104.78888888888888,0.3611111111111111,99.79759349593495,0.4025496768015322,,0.49381134785731384,,114.1397967479674,106.0,0.4025496768015322,0.49381134785731384,97.1,,,1.333012616624878,1.9211558163168758,1.0467163095691057,0.3193681318681303,1.980756676085179,2.5499046408137316,1.4073873102947176,1.2637362637362621,2.0462065006051873,3.646296884933256,17.0,6.0,28.0,0.0,0.0,0.0,0.0,0.0,0.0,0.0,0.0,0.0,0.0,0.0,0.0,0.0,0.0,0.0,0.0,0.0,0.0,0.0,0.0,0.0,0.0,0.0,0.0,0.0,0.0,0.0,0.0,,7.461076389086873,1.7785663811416739,0.39779452454313524,0.03580260363353604,0.003438108071019047,1.269843310776022,0.0,0.0,,0.0,
69649,0,Mikal Bridges,1628969,0022200013,2022-10-19,2022-23,PHX,78,4.0,10.0,1,1,1.0,1.0,9.0,,1.0,1.0,0.0,,1.3562753036437247,0.1375263157894737,113.8647773279352,,,0.834051724137931,0.3778280542986425,0.1375263157894737,113.8647773279352,0.834051724137931,0.3778280542986425,0.834051724137931,0.3778280542986425,0.1375263157894737,113.8647773279352,1.3562753036437247,99.79759349593495,0.4025496768015322,,0.49381134785731384,,114.1397967479674,94.5,0.4025496768015322,0.49381134785731384,113.8,,,-0.41987523570793617,-1.0956790737857973,1.2662804805963355,1.1342801234064217,0.2758794436989122,-0.6461538461538459,0.2808310023100302,-1.1320657642001277,0.739988421092244,-0.025240384615384616,11.0,5.0,17.0,0.0,0.0,0.0,0.0,0.0,0.0,0.0,0.0,0.0,0.0,0.0,0.0,0.0,0.0,0.0,0.0,0.0,0.0,0.0,0.0,0.0,0.0,0.0,0.0,0.0,0.0,0.0,0.0,,-0.01867759235929943,-0.3179191632411922,1.646685891108091,1.0783784714860134,1.1356002602056652,0.3751551779993052,0.0,0.0,,0.0,
69650,0,Bruce Brown,1628971,0022200012,2022-10-19,2022-23,DEN,76,4.0,10.0,1,1,1.0,1.0,9.0,,0.0,1.0,0.0,,0.4331983805668016,0.14056097560975628,108.95121951219504,,,0.7456359102244389,0.35034013605442177,0.14056097560975628,108.95121951219504,0.7456359102244389,0.35034013605442177,0.7456359102244389,0.35034013605442177,0.14056097560975628,108.95121951219504,0.4331983805668016,99.79759349593495,0.4025496768015322,,0.49381134785731384,,114.1397967479674,102.5,0.4025496768015322,0.49381134785731384,100.0,,,0.8492312001040061,0.9727470877780502,0.1199249162427545,-0.9772079772079769,0.7402304167751361,-1.0219780219780217,0.871689710136005,0.1984749943933621,1.458447871181914,2.0066542454085905,11.0,6.0,16.0,0.0,0.0,0.0,0.0,0.0,0.0,0.0,0.0,0.0,0.0,0.0,0.0,0.0,0.0,0.0,0.0,0.0,0.0,0.0,0.0,0.0,0.0,0.0,0.0,0.0,0.0,0.0,0.0,,2.9266006124143087,0.17300861033199505,1.0532713992946512,0.2135806504138063,0.8631130454041044,1.269843310776022,0.0,0.0,,0.0,
69651,1,Jalen Brunson,1628973,0022200009,2022-10-19,2022-23,NYK,74,4.0,10.0,1,1,1.0,1.0,9.0,,0.0,1.0,0.0,,1.073469387755102,0.2007745901639345,112.61926229508198,,,0.797752808988764,0.37813884785819796,0.2007745901639345,112.61926229508198,0.797752808988764,0.37813884785819796,0.797752808988764,0.37813884785819796,0.2007745901639345,112.61926229508198,1.073469387755102,99.79759349593495,0.4025496768015322,,0.49381134785731384,,114.1397967479674,96.45,0.4025496768015322,0.49381134785731384,105.7,,,0.2807294889658587,-1.210756670313947,0.47037390999542744,-1.0492240069172811,0.3664211267810769,-0.3548844495774768,0.0035022626380282755,0.5368882395909415,0.7877938420308588,0.7534457293866118,14.0,12.0,25.0,0.0,0.0,0.0,0.0,0.0,0.0,0.0,0.0,0.0,0.0,0.0,0.0,0.0,0.0,0.0,0.0,0.0,0.0,0.0,0.0,0.0,0.0,0.0,0.0,0.0,0.0,0.0,0.0,,0.5935599059152217,0.0018803236223161274,0.7658046737644351,2.631456364801887,0.7310845044309477,-0.51461064452263,0.0,0.0,,-0.0,
69652,1,Wendell Carter Jr.,1628976,0022200003,2022-10-19,2022-23,ORL,82,4.0,10.0,1,1,1.0,1.0,9.0,,0.0,1.0,0.0,,0.52046783625731,0.19075438596491223,102.04444444444441,,,0.7291280148423006,0.2905405405405405,0.19075438596491223,102.04444444444441,0.7291280148423006,0.2905405405405405,0.7291280148423006,0.2905405405405405,0.19075438596491223,102.04444444444441,0.52046783625731,99.79759349593495,0.4025496768015322,,0.49381134785731384,,114.1397967479674,101.5,0.4025496768015322,0.49381134785731384,106.9,,,-0.6375770993370824,-0.346803796692199,0.6751048976509143,0.3175803402646511,-0.3604320125144612,-0.7529528629538046,2.272968452080367,4.784795190200593,0.20632396181869653,-0.7401856407500054,14.0,5.0,24.0,0.0,0.0,0.0,0.0,0.0,0.0,0.0,0.0,0.0,0.0,0.0,0.0,0.0,0.0,0.0,0.0,0.0,0.0,0.0,0.0,0.0,0.0,0.0,0.0,0.0,0.0,0.0,0.0,,-0.15271803388085153,10.875688516991827,0.46615975314901203,1.7447056477998633,0.7177586306416518,-0.51461064452263,0.0,0.0,,-0.0,
69653,0,Hamidou Diallo,1628977,0022200003,2022-10-19,2022-23,DET,77,4.0,10.0,1,1,1.0,1.0,9.0,,1.0,1.0,0.0,,0.3625,0.19168749999999996,102.60875000000006,,,0.640625,0.2717948717948718,0.19168749999999996,102.60875000000006,0.640625,0.2717948717948718,0.640625,0.2717948717948718,0.19168749999999996,102.60875000000006,0.3625,99.79759349593495,0.4025496768015322,,0.49381134785731384,,114.1397967479674,101.5,0.4025496768015322,0.49381134785731384,111.9,,,1.1349857055381352,1.3966045851828135,0.8168350559844507,-0.8145870749748864,0.37864410232473283,-1.1251618525639309,1.9780219780219783,5.681318681318681,1.0441029313106924,0.49587769150725136,21.0,11.0,27.0,0.0,0.0,0.0,0.0,0.0,0.0,0.0,0.0,0.0,0.0,0.0,0.0,0.0,0.0,0.0,0.0,0.0,0.0,0.0,0.0,0.0,0.0,0.0,0.0,0.0,0.0,0.0,0.0,,0.5177473512743004,11.237773215795194,0.7900920615859734,1.230777247497884,1.3990367674490252,-0.13732763635137965,0.0,0.0,,-0.0,
69654,0,Bruno Fernando,1628981,0022200005,2022-10-19,2022-23,HOU,81,3.0,10.0,1,1,1.0,1.0,9.0,,0.0,1.0,0.0,,0.05952380952380952,0.14820238095238097,100.04642857142852,,,0.5909090909090909,0.12121212121212122,0.14820238095238097,100.04642857142852,0.5909090909090909,0.12121212121212122,0.5909090909090909,0.12121212121212122,0.14820238095238097,100.04642857142852,0.05952380952380952,99.79759349593495,0.4025496768015322,,0.49381134785731384,,114.1397967479674,106.0,0.4025496768015322,0.49381134785731384,100.9,,,0.867165195121933,-0.6052098870658427,2.1307288344703843,5.151689736874922,2.1652838385218067,4.250865051903115,3.8729833462074166,14.999999999999995,0.0,-3.0,13.0,5.0,30.0,0.0,0.0,0.0,0.0,0.0,0.0,0.0,0.0,0.0,0.0,0.0,0.0,0.0,0.0,0.0,0.0,0.0,0.0,0.0,0.0,0.0,0.0,0.0,0.0,0.0,0.0,0.0,0.0,,-0.0,58.09475019311123,0.1700868267186675,0.0,0.0,1.269843310776022,0.0,0.0,,0.0,
69655,2,Shai Gilgeous-Alexander,1628983,0022200010,2022-10-19,2022-23,OKC,78,4.0,10.0,1,1,1.0,1.0,9.0,,0.0,1.0,0.0,,1.2426778242677825,0.24124686192468617,108.797489539749,,,0.8071065989847716,0.35287081339712917,0.24124686192468617,108.797489539749,0.8071065989847716,0.35287081339712917,0.8071065989847716,0.35287081339712917,0.24124686192468617,108.797489539749,1.2426778242677825,99.79759349593495,0.4025496768015322,,0.49381134785731384,,114.1397967479674,106.0,0.4025496768015322,0.49381134785731384,100.9,,,1.50192783959053,3.08042083574773,0.08306562915516294,-1.586023351648343,0.9410878185262246,0.3523178881684299,1.4073873102947176,1.2637362637362621,0.7292078759431145,1.1206335641381737,37.0,11.0,34.0,0.0,0.0,0.0,0.0,0.0,0.0,0.0,0.0,0.0,0.0,0.0,0.0,0.0,0.0,0.0,0.0,0.0,0.0,0.0,0.0,0.0,0.0,0.0,0.0,0.0,0.0,0.0,0.0,,0.8171748210157597,1.7785663811416739,0.26005188910107624,3.365893939587675,1.6969635597086974,-0.7351978563373132,0.0,0.0,,-0.0,
69656,0,Devonte' Graham,1628984,0022200006,2022-10-19,2022-23,NOP,73,4.0,10.0,1,1,1.0,1.0,9.0,,0.0,1.0,0.0,,2.7476635514018692,0.20759345794392525,108.54112149532703,,,0.8348794063079777,0.35575109993714643,0.20759345794392525,108.54112149532703,0.8348794063079777,0.35575109993714643,0.8348794063079777,0.35575109993714643,0.20759345794392525,108.54112149532703,2.7476635514018692,99.79759349593495,0.4025496768015322,,0.49381134785731384,,114.1397967479674,102.0,0.4025496768015322,0.49381134785731384,127.5,,,0.8587743023032591,0.6678716880977348,1.645817856995127,1.8291406136396655,0.623148144077679,-0.1794871794871795,0.09105882858873597,-0.17109625217733246,-0.0073420677794561314,-0.22388092685293243,14.0,5.0,21.0,0.0,0.0,0.0,0.0,0.0,0.0,0.0,0.0,0.0,0.0,0.0,0.0,0.0,0.0,0.0,0.0,0.0,0.0,0.0,0.0,0.0,0.0,0.0,0.0,0.0,0.0,0.0,0.0,,0.0016437489394816901,-0.01557982429919086,0.7599651926979522,4.920687665310921,1.5328830208714237,-0.7614889595473099,0.0,0.0,,-0.0,
69657,1,Aaron Holiday,1628988,0022200005,2022-10-19,2022-23,ATL,72,4.0,10.0,1,1,1.0,1.0,9.0,,1.0,1.0,0.0,,1.178343949044586,0.19438216560509566,108.90509554140127,,,0.8245614035087719,0.39675174013921116,0.19438216560509566,108.90509554140127,0.8245614035087719,0.39675174013921116,0.8245614035087719,0.39675174013921116,0.19438216560509566,108.90509554140127,1.178343949044586,99.79759349593495,0.4025496768015322,,0.49381134785731384,,114.1397967479674,106.0,0.4025496768015322,0.49381134785731384,110.4,,,-0.14854624783545858,-0.8443121587621523,0.5085998207720275,-0.5795476341891842,0.7649054353794572,0.10846125759509671,2.918888460051857,8.388429752066125,2.2370339803817267,5.814163152537444,13.0,7.0,17.0,0.0,0.0,0.0,0.0,0.0,0.0,0.0,0.0,0.0,0.0,0.0,0.0,0.0,0.0,0.0,0.0,0.0,0.0,0.0,0.0,0.0,0.0,0.0,0.0,0.0,0.0,0.0,0.0,,13.006480539709607,24.48489080126147,0.4027451002012224,0.4371708213050395,0.3586795153894494,0.02128755332478359,0.0,0.0,,0.0,
69658,6,Kevin Huerter,1628989,0022200014,2022-10-19,2022-23,SAC,79,4.0,9.0,1,1,1.0,1.0,9.0,,1.0,1.0,0.0,,0.9971244491623321,0.18363651488379606,107.37539874750695,,,0.7560722175448942,0.32169202502580907,0.18363651488379606,107.37539874750695,0.7560722175448942,0.32169202502580907,0.7560722175448942,0.32169202502580907,0.18363651488379606,107.37539874750695,0.9971244491623321,99.79759349593495,0.4025496768015322,,0.49381134785731384,,114.1397967479674,101.0,0.4025496768015322,0.49381134785731384,106.9,,,0.4763127943048062,0.22387584557626639,0.8574146002069536,0.3806778632497768,0.6550187015078401,0.07011399832804527,1.5219257055921265,3.8389423449920574,0.7995063128866435,0.6890519367510892,21.0,13.0,30.0,0.0,0.0,0.0,0.0,0.0,0.0,0.0,0.0,0.0,0.0,0.0,0.0,0.0,0.0,0.0,0.0,0.0,0.0,0.0,0.0,0.0,0.0,0.0,0.0,0.0,0.0,0.0,0.0,,1.9657568170031645,11.81256211719061,0.7016514208467874,1.735850089800344,0.9372354782334402,0.0,0.0,0.0,,0.0,
69659,1,Kevin Knox II,1628995,0022200003,2022-10-19,2022-23,DET,79,4.0,10.0,1,1,1.0,1.0,9.0,,1.0,1.0,0.0,,1.2823529411764707,0.1905000000000001,99.82,,,0.7071005917159763,0.34290540540540543,0.1905000000000001,99.82,0.7071005917159763,0.34290540540540543,0.7071005917159763,0.34290540540540543,0.1905000000000001,99.82,1.2823529411764707,99.79759349593495,0.4025496768015322,,0.49381134785731384,,114.1397967479674,101.5,0.4025496768015322,0.49381134785731384,111.9,,,0.8286929382243324,-1.0171263746169312,2.165283838521805,4.25086505190308,2.0514014818793345,3.7114747895184883,2.6401944949477043,8.172507965407375,0.7046144844178203,-0.3339274181021298,21.0,11.0,27.0,0.0,0.0,0.0,0.0,0.0,0.0,0.0,0.0,0.0,0.0,0.0,0.0,0.0,0.0,0.0,0.0,0.0,0.0,0.0,0.0,0.0,0.0,0.0,0.0,0.0,0.0,0.0,0.0,,-0.23529009553900607,21.577010540184816,0.13188927306606368,0.44187600463536697,0.03205647429871679,-0.51461064452263,0.0,0.0,,-0.0,
69660,1,Caleb Martin,1628997,0022200007,2022-10-19,2022-23,MIA,77,3.0,10.0,1,1,1.0,1.0,9.0,,1.0,1.0,0.0,,0.9009009009009009,0.15604504504504502,106.86036036036033,,,0.7197452229299363,0.35125448028673834,0.15604504504504502,106.86036036036033,0.7197452229299363,0.35125448028673834,0.7197452229299363,0.35125448028673834,0.15604504504504502,106.86036036036033,0.9009009009009009,99.79759349593495,0.4025496768015322,,0.49381134785731384,,114.1397967479674,105.0,0.4025496768015322,0.49381134785731384,102.9,,,-0.9552302556022143,-0.7172860811953726,-0.14896089793105236,-2.307692307692306,0.5547871557170474,-1.1317408365748753,1.6881442338170627,3.344988344988346,0.594509082805304,-1.1445749283587203,7.0,7.0,21.0,0.0,0.0,0.0,0.0,0.0,0.0,0.0,0.0,0.0,0.0,0.0,0.0,0.0,0.0,0.0,0.0,0.0,0.0,0.0,0.0,0.0,0.0,0.0,0.0,0.0,0.0,0.0,0.0,,-0.6804601908604894,5.646822786777356,1.555620825014817,0.6166364100784464,1.5476988804613898,1.269843310776022,0.0,0.0,,0.0,
69661,0,Cody Martin,1628998,0022200011,2022-10-19,2022-23,CHA,78,3.0,10.0,1,1,1.0,1.0,9.0,,0.0,1.0,0.0,,0.5743243243243243,0.12376351351351354,107.15337837837839,,,0.6602870813397129,0.30711610486891383,0.12376351351351354,107.15337837837839,0.6602870813397129,0.30711610486891383,0.6602870813397129,0.30711610486891383,0.12376351351351354,107.15337837837839,0.5743243243243243,99.79759349593495,0.4025496768015322,,0.49381134785731384,,114.1397967479674,106.0,0.4025496768015322,0.49381134785731384,120.6,,,-0.11815141882120457,-0.4427802820997518,1.176353900487909,-0.7342657342657395,1.6720819322526292,0.8974358974359018,1.3117555040605238,1.2493239588966993,1.3173534105789162,1.8210314373312333,18.0,6.0,23.0,0.0,0.0,0.0,0.0,0.0,0.0,0.0,0.0,0.0,0.0,0.0,0.0,0.0,0.0,0.0,0.0,0.0,0.0,0.0,0.0,0.0,0.0,0.0,0.0,0.0,0.0,0.0,0.0,,2.398941974739726,1.6388075794374288,1.2613520309411512,0.7623904247036519,0.9604360189199184,0.3751551779993052,0.0,0.0,,0.0,
69662,0,Josh Okogie,1629006,0022200013,2022-10-19,2022-23,PHX,76,4.0,10.0,1,1,1.0,1.0,9.0,,1.0,1.0,0.0,,0.6571428571428571,0.1422105263157894,105.66555023923445,,,0.7540983606557377,0.27593818984547464,0.1422105263157894,105.66555023923445,0.7540983606557377,0.27593818984547464,0.7540983606557377,0.27593818984547464,0.1422105263157894,105.66555023923445,0.6571428571428571,99.79759349593495,0.4025496768015322,,0.49381134785731384,,114.1397967479674,94.5,0.4025496768015322,0.49381134785731384,113.8,,,1.4065403131246268,1.6929469422544245,3.8729833462074166,14.999999999999995,0.0,-3.0,0.628044799734325,-0.6541640178003809,0.8407206199057488,-0.4698487108459007,11.0,5.0,17.0,0.0,0.0,0.0,0.0,0.0,0.0,0.0,0.0,0.0,0.0,0.0,0.0,0.0,0.0,0.0,0.0,0.0,0.0,0.0,0.0,0.0,0.0,0.0,0.0,0.0,0.0,0.0,0.0,,-0.39501149944428254,-0.4108443095528417,0.759999608737464,0.34340445805925535,0.2703756446174774,1.269843310776022,0.0,0.0,,0.0,
69663,2,Michael Porter Jr.,1629008,0022200012,2022-10-19,2022-23,DEN,82,4.0,10.0,1,1,1.0,1.0,9.0,,0.0,1.0,0.0,,1.9836065573770492,0.21304958677685953,113.5165289256198,,,0.7953488372093023,0.427797833935018,0.21304958677685953,113.5165289256198,0.7953488372093023,0.427797833935018,0.7953488372093023,0.427797833935018,0.21304958677685953,113.5165289256198,1.9836065573770492,99.79759349593495,0.4025496768015322,,0.49381134785731384,,114.1397967479674,102.5,0.4025496768015322,0.49381134785731384,100.0,,,1.355302156967511,1.8062466895851397,0.680964104827678,1.0805860805860805,0.31984843426188625,-1.2292431185555848,0.3115740720388396,-0.4038461538461524,0.18379672714606077,-1.0764869192194135,11.0,6.0,16.0,0.0,0.0,0.0,0.0,0.0,0.0,0.0,0.0,0.0,0.0,0.0,0.0,0.0,0.0,0.0,0.0,0.0,0.0,0.0,0.0,0.0,0.0,0.0,0.0,0.0,0.0,0.0,0.0,,-0.1978547725680741,-0.1258279906310694,0.7776310659943343,7.088634294626751,2.360715137313063,-0.7351978563373132,0.0,0.0,,-0.0,
69664,0,Mitchell Robinson,1629011,0022200009,2022-10-19,2022-23,NYK,84,4.0,10.0,1,1,1.0,1.0,9.0,,0.0,1.0,0.0,,0.0,0.1183171806167402,105.75638766519818,,,0.539651837524178,0.35129820847687954,0.1183171806167402,105.75638766519818,0.539651837524178,0.35129820847687954,0.539651837524178,0.35129820847687954,0.1183171806167402,105.75638766519818,0.0,99.79759349593495,0.4025496768015322,,0.49381134785731384,,114.1397967479674,96.45,0.4025496768015322,0.49381134785731384,105.7,,,0.44675737776348506,-1.3049776647749627,2.5429579386342076,7.067307692307709,0.0,-3.0,0.0,-3.0,0.0,-3.0,14.0,12.0,25.0,0.0,0.0,0.0,0.0,0.0,0.0,0.0,0.0,0.0,0.0,0.0,0.0,0.0,0.0,0.0,0.0,0.0,0.0,0.0,0.0,0.0,0.0,0.0,0.0,0.0,0.0,0.0,0.0,,-0.0,-0.0,0.0,0.0,0.0,0.0,0.0,0.0,,0.0,
69665,1,Collin Sexton,1629012,0022200012,2022-10-19,2022-23,UTA,75,4.0,10.0,1,1,1.0,1.0,9.0,,1.0,1.0,0.0,,1.4857142857142858,0.2641904761904762,105.1471428571429,,,0.8278145695364238,0.3801242236024845,0.2641904761904762,105.1471428571429,0.8278145695364238,0.3801242236024845,0.8278145695364238,0.3801242236024845,0.2641904761904762,105.1471428571429,1.4857142857142858,99.79759349593495,0.4025496768015322,,0.49381134785731384,,114.1397967479674,102.5,0.4025496768015322,0.49381134785731384,119.4,,,1.5215628707711217,2.129854906520409,0.6293908398435155,-0.6898608446996567,0.8121855586858461,-0.10298816194536442,1.0742510779389236,-0.1056434647397792,0.6557722020892123,-0.2794015689421383,16.0,9.0,29.0,0.0,0.0,0.0,0.0,0.0,0.0,0.0,0.0,0.0,0.0,0.0,0.0,0.0,0.0,0.0,0.0,0.0,0.0,0.0,0.0,0.0,0.0,0.0,0.0,0.0,0.0,0.0,0.0,,-0.1832237821323669,-0.11348760587391048,0.462355213514598,3.2274094238172992,0.6225550006706944,-0.7614889595473099,0.0,0.0,,-0.0,
69666,3,Anfernee Simons,1629014,0022200014,2022-10-19,2022-23,POR,75,4.0,10.0,1,1,1.0,1.0,9.0,,0.0,1.0,0.0,,2.111801242236025,0.20554037267080755,110.26521739130438,,,0.8502024291497976,0.40097799511002447,0.20554037267080755,110.26521739130438,0.8502024291497976,0.40097799511002447,0.8502024291497976,0.40097799511002447,0.20554037267080755,110.26521739130438,2.111801242236025,99.79759349593495,0.4025496768015322,,0.49381134785731384,,114.1397967479674,101.0,0.4025496768015322,0.49381134785731384,113.9,,,0.5633259222462217,1.1759999999999986,-0.7299262885904482,0.8793892117649664,-0.425602565517298,0.2835164835164855,0.38304230896556885,-1.1172161172161172,0.8891530835697294,0.29512080052864376,9.0,9.0,19.0,0.0,0.0,0.0,0.0,0.0,0.0,0.0,0.0,0.0,0.0,0.0,0.0,0.0,0.0,0.0,0.0,0.0,0.0,0.0,0.0,0.0,0.0,0.0,0.0,0.0,0.0,0.0,0.0,,0.26240756981561064,-0.42794104115200915,1.3525889498044807,9.154672180484974,4.031204416140022,-0.7614889595473099,0.0,0.0,,-0.0,
69667,4,Gary Trent Jr.,1629018,0022200008,2022-10-19,2022-23,TOR,77,4.0,10.0,1,1,1.0,1.0,9.0,,1.0,1.0,0.0,,2.448529411764706,0.19605147058823527,110.39264705882348,,,0.8364312267657993,0.38902147971360385,0.19605147058823527,110.39264705882348,0.8364312267657993,0.38902147971360385,0.8364312267657993,0.38902147971360385,0.19605147058823527,110.39264705882348,2.448529411764706,99.79759349593495,0.4025496768015322,,0.49381134785731384,,114.1397967479674,99.0,0.4025496768015322,0.49381134785731384,109.1,,,0.6495161469223034,0.8200060125418182,0.13290779766823682,-1.1576196956009652,0.4654851850299287,-0.4771489173393556,0.9427500345894423,1.82914061363967,-0.10746806628238931,-1.1792867863982144,13.0,12.0,18.0,0.0,0.0,0.0,0.0,0.0,0.0,0.0,0.0,0.0,0.0,0.0,0.0,0.0,0.0,0.0,0.0,0.0,0.0,0.0,0.0,0.0,0.0,0.0,0.0,0.0,0.0,0.0,0.0,,0.12673567052658918,1.7244223767777525,2.444061114168711,4.550221726760599,3.8403010206438983,-0.13732763635137965,0.0,0.0,,-0.0,
69668,0,Jarred Vanderbilt,1629020,0022200012,2022-10-19,2022-23,UTA,80,4.0,10.0,1,1,1.0,1.0,9.0,,1.0,1.0,0.0,,0.02112676056338028,0.12102816901408453,109.62676056338029,,,0.6150627615062761,0.15789473684210525,0.12102816901408453,109.62676056338029,0.6150627615062761,0.15789473684210525,0.6150627615062761,0.15789473684210525,0.12102816901408453,109.62676056338029,0.02112676056338028,99.79759349593495,0.4025496768015322,,0.49381134785731384,,114.1397967479674,102.5,0.4025496768015322,0.49381134785731384,119.4,,,0.4892709162212731,-1.1268337818813143,2.343530638599325,5.885251112523833,3.8729833462074166,14.999999999999995,3.8729833462074166,14.999999999999995,3.872983346207248,14.999999999994102,16.0,9.0,29.0,0.0,0.0,0.0,0.0,0.0,0.0,0.0,0.0,0.0,0.0,0.0,0.0,0.0,0.0,0.0,0.0,0.0,0.0,0.0,0.0,0.0,0.0,0.0,0.0,0.0,0.0,0.0,0.0,,58.09475019308588,58.09475019311123,0.0011460360236730156,0.008468124470315325,0.0,-0.7614889595473099,0.0,0.0,,-0.0,
69669,3,P.J. Washington,1629023,0022200011,2022-10-19,2022-23,CHA,79,3.0,10.0,1,1,1.0,1.0,9.0,,0.0,1.0,0.0,,1.654054054054054,0.17720000000000002,109.58324324324327,,,0.7016574585635359,0.37561576354679804,0.17720000000000002,109.58324324324327,0.7016574585635359,0.37561576354679804,0.7016574585635359,0.37561576354679804,0.17720000000000002,109.58324324324327,1.654054054054054,99.79759349593495,0.4025496768015322,,0.49381134785731384,,114.1397967479674,106.0,0.4025496768015322,0.49381134785731384,120.6,,,-0.7505123965159692,0.1864749103318607,2.421491345219312,7.360451619710882,2.272968452080367,4.784795190200593,0.8664437380221677,0.9313654209684461,1.6088828619923163,3.8794094090608326,18.0,6.0,23.0,0.0,0.0,0.0,0.0,0.0,0.0,0.0,0.0,0.0,0.0,0.0,0.0,0.0,0.0,0.0,0.0,0.0,0.0,0.0,0.0,0.0,0.0,0.0,0.0,0.0,0.0,0.0,0.0,,6.241515312889713,0.8069757368084902,0.7145909102667513,2.9471898112608406,1.6368452312615587,-0.51461064452263,0.0,0.0,,-0.0,
69670,1,Kenrich Williams,1629026,0022200010,2022-10-19,2022-23,OKC,78,4.0,10.0,1,1,1.0,1.0,9.0,,0.0,1.0,0.0,,0.9037433155080213,0.13078609625668458,104.36149732620318,,,0.5398773006134969,0.3537117903930131,0.13078609625668458,104.36149732620318,0.5398773006134969,0.3537117903930131,0.5398773006134969,0.3537117903930131,0.13078609625668458,104.36149732620318,0.9037433155080213,99.79759349593495,0.4025496768015322,,0.49381134785731384,,114.1397967479674,106.0,0.4025496768015322,0.49381134785731384,100.9,,,1.5902740636862367,3.6572307692307677,-0.07989407072791894,-1.1023702195724876,1.2048632677010522,1.8001820664542578,0.748794513706997,-0.29876373626373576,0.9763060832463525,-0.3887627909782601,37.0,11.0,34.0,0.0,0.0,0.0,0.0,0.0,0.0,0.0,0.0,0.0,0.0,0.0,0.0,0.0,0.0,0.0,0.0,0.0,0.0,0.0,0.0,0.0,0.0,0.0,0.0,0.0,0.0,0.0,0.0,,-0.37955147777190557,-0.22371264660888954,1.4431648632904603,1.9510651695836423,1.2614946632035673,-0.005339380832623263,0.0,0.0,,-0.0,
69671,1,Trae Young,1629027,0022200005,2022-10-19,2022-23,ATL,73,4.0,10.0,1,1,1.0,1.0,9.0,,1.0,1.0,0.0,,2.7530364372469633,0.31856097560975616,115.17560975609766,,,0.8778467908902692,0.36500268384326356,0.31856097560975616,115.17560975609766,0.8778467908902692,0.36500268384326356,0.8778467908902692,0.36500268384326356,0.31856097560975616,115.17560975609766,2.7530364372469633,99.79759349593495,0.4025496768015322,,0.49381134785731384,,114.1397967479674,106.0,0.4025496768015322,0.49381134785731384,110.4,,,1.0342099142103431,1.2017106539896762,0.8187869017853135,0.7992268414198032,1.0909976872318266,1.5757511186874011,0.5473172873368348,-0.38461538461538314,0.5559396461638838,0.7060100610813785,13.0,7.0,17.0,0.0,0.0,0.0,0.0,0.0,0.0,0.0,0.0,0.0,0.0,0.0,0.0,0.0,0.0,0.0,0.0,0.0,0.0,0.0,0.0,0.0,0.0,0.0,0.0,0.0,0.0,0.0,0.0,,0.3924989835457236,-0.2105066489757049,0.7308691353250373,9.673678388070533,3.6190672496913057,-0.7351978563373132,0.0,0.0,,-0.0,
69672,0,Deandre Ayton,1629028,0022200013,2022-10-19,2022-23,PHX,84,4.0,10.0,1,1,1.0,1.0,9.0,,1.0,1.0,0.0,,0.059574468085106386,0.20628936170212775,113.11361702127654,,,0.7537942664418212,0.25,0.20628936170212775,113.11361702127654,0.7537942664418212,0.25,0.7537942664418212,0.25,0.20628936170212775,113.11361702127654,0.059574468085106386,99.79759349593495,0.4025496768015322,,0.49381134785731384,,114.1397967479674,94.5,0.4025496768015322,0.49381134785731384,113.8,,,0.33911680915513903,-0.6582781418240357,0.7437823346050431,-0.7309642227339587,-0.005216483571900391,-0.07996953541507569,0.0,-3.0,1.407387310294733,1.2637362637365543,11.0,5.0,17.0,0.0,0.0,0.0,0.0,0.0,0.0,0.0,0.0,0.0,0.0,0.0,0.0,0.0,0.0,0.0,0.0,0.0,0.0,0.0,0.0,0.0,0.0,0.0,0.0,0.0,0.0,0.0,0.0,,1.7785663811421044,-0.0,0.0,0.5314687340624324,0.46348996635328926,0.824414167986588,0.0,0.0,,0.0,
69673,2,Luka Doncic,1629029,0022200013,2022-10-19,2022-23,DAL,79,4.0,10.0,1,1,1.0,1.0,9.0,,0.0,1.0,0.0,,3.0923076923076924,0.36879999999999996,113.9076923076923,,,0.7443762781186094,0.3544973544973545,0.36879999999999996,113.9076923076923,0.7443762781186094,0.3544973544973545,0.7443762781186094,0.3544973544973545,0.36879999999999996,113.9076923076923,3.0923076923076924,99.79759349593495,0.4025496768015322,,0.49381134785731384,,114.1397967479674,94.5,0.4025496768015322,0.49381134785731384,110.5,,,0.7215529993075323,-0.1312682150389763,1.5901479118458322,2.6689986392379743,0.9303946711350864,-0.016822089143264024,0.628044799734325,-0.6541640178003809,-0.5342877913440683,-0.7374632915349986,20.0,5.0,28.0,0.0,0.0,0.0,0.0,0.0,0.0,0.0,0.0,0.0,0.0,0.0,0.0,0.0,0.0,0.0,0.0,0.0,0.0,0.0,0.0,0.0,0.0,0.0,0.0,0.0,0.0,0.0,0.0,,0.39401763323156114,-0.4108443095528417,0.6682937448772743,9.073657988824202,3.8645093779386093,-0.7351978563373132,0.0,0.0,,-0.0,
69674,0,Goga Bitadze,1629048,0022200004,2022-10-19,2022-23,IND,82,3.0,10.0,1,1,1.0,1.0,9.0,,1.0,1.0,0.0,,0.3984375,0.18209374999999997,107.56874999999998,,,0.7032967032967034,0.27702702702702703,0.18209374999999997,107.56874999999998,0.7032967032967034,0.27702702702702703,0.7032967032967034,0.27702702702702703,0.18209374999999997,107.56874999999998,0.3984375,99.79759349593495,0.4025496768015322,,0.49381134785731384,,114.1397967479674,104.5,0.4025496768015322,0.49381134785731384,102.9,,,-0.010519246252049995,-0.989159109162465,0.6231481440776792,-0.17948717948718093,3.741657386773938,14.0,0.0,-3.0,-0.4120194725479389,-0.5871557449352791,17.0,6.0,36.0,0.0,0.0,0.0,0.0,0.0,0.0,0.0,0.0,0.0,0.0,0.0,0.0,0.0,0.0,0.0,0.0,0.0,0.0,0.0,0.0,0.0,0.0,0.0,0.0,0.0,0.0,0.0,0.0,,0.24191960033172585,-0.0,0.0,2.0769349149649425,0.797151496777865,0.824414167986588,0.0,0.0,,0.0,
69675,1,Oshae Brissett,1629052,0022200004,2022-10-19,2022-23,IND,79,3.0,10.0,1,1,1.0,1.0,9.0,,1.0,1.0,0.0,,1.2446808510638299,0.16086170212765952,107.96702127659576,,,0.7161016949152542,0.3662420382165605,0.16086170212765952,107.96702127659576,0.7161016949152542,0.3662420382165605,0.7161016949152542,0.3662420382165605,0.16086170212765952,107.96702127659576,1.2446808510638299,99.79759349593495,0.4025496768015322,,0.49381134785731384,,114.1397967479674,104.5,0.4025496768015322,0.49381134785731384,102.9,,,0.6678879685309982,-0.2074004228667839,0.3513784378080765,-0.4839478703115076,1.3173534105789226,1.8210314373312588,0.6820656487560117,-0.08259819070629867,0.9900552994355133,0.7632191520684538,17.0,6.0,36.0,0.0,0.0,0.0,0.0,0.0,0.0,0.0,0.0,0.0,0.0,0.0,0.0,0.0,0.0,0.0,0.0,0.0,0.0,0.0,0.0,0.0,0.0,0.0,0.0,0.0,0.0,0.0,0.0,,0.7556291661360516,-0.05633738853016439,1.5405820142937992,4.639223189195009,1.521024624465383,-0.29459790884494386,0.0,0.0,,-0.0,
69676,1,Rui Hachimura,1629060,0022200004,2022-10-19,2022-23,WAS,80,3.0,10.0,1,1,1.0,1.0,9.0,,0.0,1.0,0.0,,0.8561643835616438,0.18996575342465757,108.81917808219175,,,0.7796143250688705,0.3708206686930091,0.18996575342465757,108.81917808219175,0.7796143250688705,0.3708206686930091,0.7796143250688705,0.3708206686930091,0.18996575342465757,108.81917808219175,0.8561643835616438,99.79759349593495,0.4025496768015322,,0.49381134785731384,,114.1397967479674,104.5,0.4025496768015322,0.49381134785731384,108.6,,,0.6295484641515903,-0.6657266388617474,0.2142071745267021,-0.7824519230769235,0.19249051020752647,-1.2168730287592042,1.4258771527803162,1.9531381136221448,-0.46272520794784233,-1.2465928839293878,13.0,9.0,22.0,0.0,0.0,0.0,0.0,0.0,0.0,0.0,0.0,0.0,0.0,0.0,0.0,0.0,0.0,0.0,0.0,0.0,0.0,0.0,0.0,0.0,0.0,0.0,0.0,0.0,0.0,0.0,0.0,,0.5768299514425265,2.7849350124382615,0.35019208774150135,3.316855904405673,1.5479830427149543,-0.7351978563373132,0.0,0.0,,-0.0,
69677,0,Jock Landale,1629111,0022200013,2022-10-19,2022-23,PHX,83,1.0,10.0,1,1,1.0,1.0,9.0,,1.0,1.0,0.0,,0.6829268292682927,0.172,109.38780487804877,,,0.8292682926829268,0.32432432432432434,0.172,109.38780487804877,0.8292682926829268,0.32432432432432434,0.8292682926829268,0.32432432432432434,0.172,109.38780487804877,0.6829268292682927,99.79759349593495,0.4025496768015322,,0.49381134785731384,,114.1397967479674,94.5,0.4025496768015322,0.49381134785731384,113.8,,,2.1546105509041844,5.590973122550656,1.52639498715265,0.9361888111888242,2.4047631387103303,4.349112426035515,0.4325150191747367,-1.5452890304961306,1.4013271061592347,1.0288619346819177,11.0,5.0,17.0,0.0,0.0,0.0,0.0,0.0,0.0,0.0,0.0,0.0,0.0,0.0,0.0,0.0,0.0,0.0,0.0,0.0,0.0,0.0,0.0,0.0,0.0,0.0,0.0,0.0,0.0,0.0,0.0,,1.4417721175652032,-0.6683607146555443,0.6727139796360577,0.43711492362077764,0.4324107585337512,0.3751551779993052,0.0,0.0,,0.0,
69678,1,Duncan Robinson,1629130,0022200007,2022-10-19,2022-23,MIA,79,4.0,10.0,1,1,1.0,1.0,9.0,,1.0,1.0,0.0,,3.315068493150685,0.1637077625570777,110.29086757990858,,,0.861244019138756,0.408,0.1637077625570777,110.29086757990858,0.861244019138756,0.408,0.861244019138756,0.408,0.1637077625570777,110.29086757990858,3.315068493150685,99.79759349593495,0.4025496768015322,,0.49381134785731384,,114.1397967479674,105.0,0.4025496768015322,0.49381134785731384,102.9,,,0.9405460868921105,-0.7852564102563585,3.8729833462074166,14.999999999999995,3.8729833462074166,14.999999999999995,0.2647789519060526,-1.4018675680889465,0.10502825452463174,-1.0223181319692287,7.0,7.0,21.0,0.0,0.0,0.0,0.0,0.0,0.0,0.0,0.0,0.0,0.0,0.0,0.0,0.0,0.0,0.0,0.0,0.0,0.0,0.0,0.0,0.0,0.0,0.0,0.0,0.0,0.0,0.0,0.0,,-0.10737228896961022,-0.3711850253896781,1.5817978776951955,5.738145069248169,2.89657583141928,-0.51461064452263,0.0,0.0,,-0.0,
69679,0,Yuta Watanabe,1629139,0022200006,2022-10-19,2022-23,BKN,81,4.0,10.0,1,1,1.0,1.0,9.0,,1.0,1.0,0.0,,0.6494845360824743,0.14254639175257733,105.97216494845364,,,0.6962025316455697,0.34838709677419355,0.14254639175257733,105.97216494845364,0.6962025316455697,0.34838709677419355,0.6962025316455697,0.34838709677419355,0.14254639175257733,105.97216494845364,0.6494845360824743,99.79759349593495,0.4025496768015322,,0.49381134785731384,,114.1397967479674,102.0,0.4025496768015322,0.49381134785731384,105.9,,,1.626027446394823,2.3593707125217462,1.791550914223327,2.6250000000000115,3.8729833462074166,14.999999999999995,0.9405460868921031,-0.7852564102564096,0.40923745230823677,-0.7459715329839867,16.0,6.0,26.0,0.0,0.0,0.0,0.0,0.0,0.0,0.0,0.0,0.0,0.0,0.0,0.0,0.0,0.0,0.0,0.0,0.0,0.0,0.0,0.0,0.0,0.0,0.0,0.0,0.0,0.0,0.0,0.0,,-0.3052794896528365,-0.7385698438736059,0.8601584842060901,0.9361837732935974,0.8340044571060542,0.02128755332478359,0.0,0.0,,0.0,
69680,0,Jordan McLaughlin,1629162,0022200010,2022-10-19,2022-23,MIN,72,3.0,9.0,1,1,1.0,1.0,9.0,,1.0,1.0,0.0,,1.4501867989740767,0.21164729968598398,110.2447450944739,,,0.7735272113554201,0.3404779103750813,0.21164729968598398,110.2447450944739,0.7735272113554201,0.3404779103750813,0.7735272113554201,0.3404779103750813,0.21164729968598398,110.2447450944739,1.4501867989740767,99.79759349593495,0.4025496768015322,,0.49381134785731384,,114.1397967479674,106.0,0.4025496768015322,0.49381134785731384,109.5,,,0.9003312214771868,0.6349961723390799,1.2813755724702263,2.205840344026338,1.9353785570533952,5.603581147637405,0.5467938829533757,-0.9889613875934873,0.38443806633848715,-0.06418601930939147,16.0,12.0,26.0,0.0,0.0,0.0,0.0,0.0,0.0,0.0,0.0,0.0,0.0,0.0,0.0,0.0,0.0,0.0,0.0,0.0,0.0,0.0,0.0,0.0,0.0,0.0,0.0,0.0,0.0,0.0,0.0,,0.5742868949747111,0.03657012016232064,0.7116230359749957,4.047029209520593,1.77513520055561,0.0,0.0,0.0,,0.0,
69681,0,Gabe Vincent,1629216,0022200007,2022-10-19,2022-23,MIA,74,3.0,10.0,1,1,1.0,1.0,9.0,,1.0,1.0,0.0,,1.7078651685393258,0.17914606741573041,105.80224719101123,,,0.828125,0.362962962962963,0.17914606741573041,105.80224719101123,0.828125,0.362962962962963,0.828125,0.362962962962963,0.17914606741573041,105.80224719101123,1.7078651685393258,99.79759349593495,0.4025496768015322,,0.49381134785731384,,114.1397967479674,105.0,0.4025496768015322,0.49381134785731384,102.9,,,1.3202801948447913,0.8076923076922778,0.4330255302223182,-0.6690942193900662,0.5417664912844686,-0.1463073643004441,0.1343802801439809,-1.3365557500345768,1.2819844769058548,2.620885458255699,7.0,7.0,21.0,0.0,0.0,0.0,0.0,0.0,0.0,0.0,0.0,0.0,0.0,0.0,0.0,0.0,0.0,0.0,0.0,0.0,0.0,0.0,0.0,0.0,0.0,0.0,0.0,0.0,0.0,0.0,0.0,,3.359934473232094,-0.17960673611769495,1.1678492000441716,2.2465121998227193,0.22116035362951778,-0.13732763635137965,0.0,0.0,,-0.0,
69682,0,Drew Eubanks,1629234,0022200014,2022-10-19,2022-23,POR,82,4.0,10.0,1,1,1.0,1.0,9.0,,0.0,1.0,0.0,,0.06363636363636363,0.16623636363636368,100.84181818181818,,,0.7474226804123711,0.3684210526315789,0.16623636363636368,100.84181818181818,0.7474226804123711,0.3684210526315789,0.7474226804123711,0.3684210526315789,0.16623636363636368,100.84181818181818,0.06363636363636363,99.79759349593495,0.4025496768015322,,0.49381134785731384,,114.1397967479674,101.0,0.4025496768015322,0.49381134785731384,113.9,,,-0.2242376182600786,1.487025037632075,0.9406955530454025,-0.4750410045157652,0.8407206199057432,-0.46984871084594004,2.4047631387103303,4.349112426035515,1.447048722758815,4.01098901098904,9.0,9.0,19.0,0.0,0.0,0.0,0.0,0.0,0.0,0.0,0.0,0.0,0.0,0.0,0.0,0.0,0.0,0.0,0.0,0.0,0.0,0.0,0.0,0.0,0.0,0.0,0.0,0.0,0.0,0.0,0.0,,5.804096525351333,10.458585248237265,0.19310557558745506,0.5106647539661804,0.23914307332503013,-0.29459790884494386,0.0,0.0,,-0.0,
69683,0,Haywood Highsmith,1629312,0022200007,2022-10-19,2022-23,MIA,77,4.0,10.0,1,1,1.0,1.0,9.0,,1.0,1.0,0.0,,0.47058823529411764,0.11594117647058823,94.3941176470588,,,0.2857142857142857,0.34782608695652173,0.11594117647058823,94.3941176470588,0.2857142857142857,0.34782608695652173,0.2857142857142857,0.34782608695652173,0.11594117647058823,94.3941176470588,0.47058823529411764,99.79759349593495,0.4025496768015322,,0.49381134785731384,,114.1397967479674,105.0,0.4025496768015322,0.49381134785731384,102.9,,,2.2278761408043835,5.6147306397306345,1.6871201270132006,2.213719101315283,2.555151881950091,6.242214532871969,1.247563228985216,0.18131706544607248,3.2581618575801565,11.561667446291025,7.0,7.0,21.0,0.0,0.0,0.0,0.0,0.0,0.0,0.0,0.0,0.0,0.0,0.0,0.0,0.0,0.0,0.0,0.0,0.0,0.0,0.0,0.0,0.0,0.0,0.0,0.0,0.0,0.0,0.0,0.0,,37.66978388353159,0.22620450363802594,0.29710288925340245,0.10139888942228033,0.06023580232625547,1.269843310776022,0.0,0.0,,0.0,
69684,5,Max Strus,1629622,0022200007,2022-10-19,2022-23,MIA,77,3.0,10.0,1,1,1.0,1.0,9.0,,1.0,1.0,0.0,,2.5121951219512195,0.17970731707317072,113.41829268292685,,,0.7536231884057971,0.38910505836575876,0.17970731707317072,113.41829268292685,0.7536231884057971,0.38910505836575876,0.7536231884057971,0.38910505836575876,0.17970731707317072,113.41829268292685,2.5121951219512195,99.79759349593495,0.4025496768015322,,0.49381134785731384,,114.1397967479674,105.0,0.4025496768015322,0.49381134785731384,102.9,,,1.0467163095691052,0.31936813186813395,1.6720819322526246,0.8974358974359208,1.1763539004879071,-0.734265734265738,1.1289485440777494,1.7456621229711395,0.42499062050905384,0.5689324525889631,7.0,7.0,21.0,0.0,0.0,0.0,0.0,0.0,0.0,0.0,0.0,0.0,0.0,0.0,0.0,0.0,0.0,0.0,0.0,0.0,0.0,0.0,0.0,0.0,0.0,0.0,0.0,0.0,0.0,0.0,0.0,,0.24179095605352127,1.9707627121799411,2.4669867596764727,4.616117542733129,2.7540658328326755,-0.13732763635137965,0.0,0.0,,-0.0,
69685,0,Bol Bol,1629626,0022200003,2022-10-19,2022-23,ORL,87,3.0,10.0,1,1,1.0,1.0,9.0,,0.0,1.0,0.0,,0.4166666666666667,0.20791666666666664,99.39583333333333,,,0.7368421052631579,0.3076923076923077,0.20791666666666664,99.39583333333333,0.7368421052631579,0.3076923076923077,0.7368421052631579,0.3076923076923077,0.20791666666666664,99.39583333333333,0.4166666666666667,99.79759349593495,0.4025496768015322,,0.49381134785731384,,114.1397967479674,101.5,0.4025496768015322,0.49381134785731384,106.9,,,1.407387310294733,1.2637362637365543,1.0846268206190348,0.39751216873984435,2.011917047073769,4.866766747982737,3.8729833462074166,14.999999999999995,0.8083328816223911,-0.387515679720411,14.0,5.0,24.0,0.0,0.0,0.0,0.0,0.0,0.0,0.0,0.0,0.0,0.0,0.0,0.0,0.0,0.0,0.0,0.0,0.0,0.0,0.0,0.0,0.0,0.0,0.0,0.0,0.0,0.0,0.0,0.0,,-0.31324166606225945,58.09475019311123,0.008468124470315325,0.5817043252003831,0.3747757756743477,0.824414167986588,0.0,0.0,,0.0,
69686,0,Zion Williamson,1629627,0022200006,2022-10-19,2022-23,NOP,78,3.0,10.0,1,1,1.0,1.0,9.0,,0.0,1.0,0.0,,0.19047619047619047,0.29049397590361453,113.8457831325301,,,0.6827195467422096,0.34782608695652173,0.29049397590361453,113.8457831325301,0.6827195467422096,0.34782608695652173,0.6827195467422096,0.34782608695652173,0.29049397590361453,113.8457831325301,0.19047619047619047,99.79759349593495,0.4025496768015322,,0.49381134785731384,,114.1397967479674,102.0,0.4025496768015322,0.49381134785731384,127.5,,,0.17624135529117063,-0.8982841975355652,1.6911154602442127,3.042231519353461,1.820865980706526,2.8953432930705665,0.0,-3.0,1.4874668652259688,1.1458610593558967,14.0,5.0,21.0,0.0,0.0,0.0,0.0,0.0,0.0,0.0,0.0,0.0,0.0,0.0,0.0,0.0,0.0,0.0,0.0,0.0,0.0,0.0,0.0,0.0,0.0,0.0,0.0,0.0,0.0,0.0,0.0,,1.7044303579446234,-0.0,0.0,0.2516040689166694,0.1700868267186675,0.824414167986588,0.0,0.0,,0.0,
69687,0,RJ Barrett,1629628,0022200009,2022-10-19,2022-23,NYK,78,3.0,10.0,1,1,1.0,1.0,9.0,,0.0,1.0,0.0,,1.6377551020408163,0.2438622448979591,107.57142857142856,,,0.6956989247311828,0.35674470457079155,0.2438622448979591,107.57142857142856,0.6956989247311828,0.35674470457079155,0.6956989247311828,0.35674470457079155,0.2438622448979591,107.57142857142856,1.6377551020408163,99.79759349593495,0.4025496768015322,,0.49381134785731384,,114.1397967479674,96.45,0.4025496768015322,0.49381134785731384,105.7,,,0.5220821539141371,-0.4283318669682596,0.9333171622267353,0.2867546654528916,-0.10058261180564924,-0.6763375033271225,0.9308771856428639,0.38439440479084236,-0.1988281367392527,-0.8337568779970388,14.0,12.0,25.0,0.0,0.0,0.0,0.0,0.0,0.0,0.0,0.0,0.0,0.0,0.0,0.0,0.0,0.0,0.0,0.0,0.0,0.0,0.0,0.0,0.0,0.0,0.0,0.0,0.0,0.0,0.0,0.0,,0.16577432654568766,0.35782398170856317,0.5728478222003486,5.076404859616919,1.5137889231936639,-0.7351978563373132,0.0,0.0,,-0.0,
69688,3,Cam Reddish,1629629,0022200009,2022-10-19,2022-23,NYK,79,3.0,10.0,1,1,1.0,1.0,9.0,,0.0,1.0,0.0,,1.2857142857142858,0.18318681318681312,106.81098901098906,,,0.8211009174311926,0.2898936170212766,0.18318681318681312,106.81098901098906,0.8211009174311926,0.2898936170212766,0.8211009174311926,0.2898936170212766,0.18318681318681312,106.81098901098906,1.2857142857142858,99.79759349593495,0.4025496768015322,,0.49381134785731384,,114.1397967479674,96.45,0.4025496768015322,0.49381134785731384,105.7,,,1.046888516293375,1.9045637974788896,2.652813146942806,8.327878787878785,1.0846268206190368,0.3975121687398604,0.704614484417818,-0.3339274181021443,0.7269645109406917,0.005920355636802172,14.0,12.0,25.0,0.0,0.0,0.0,0.0,0.0,0.0,0.0,0.0,0.0,0.0,0.0,0.0,0.0,0.0,0.0,0.0,0.0,0.0,0.0,0.0,0.0,0.0,0.0,0.0,0.0,0.0,0.0,0.0,,0.004303888440102858,-0.2352900955390156,0.4593879624843509,1.5637395080040015,0.10820572806243418,-0.51461064452263,0.0,0.0,,-0.0,
69689,3,Ja Morant,1629630,0022200009,2022-10-19,2022-23,MEM,74,3.0,10.0,1,1,1.0,1.0,9.0,,1.0,1.0,0.0,,1.201086956521739,0.2813695652173915,112.39347826086956,,,0.7534626038781164,0.33076923076923076,0.2813695652173915,112.39347826086956,0.7534626038781164,0.33076923076923076,0.7534626038781164,0.33076923076923076,0.2813695652173915,112.39347826086956,1.201086956521739,99.79759349593495,0.4025496768015322,,0.49381134785731384,,114.1397967479674,96.45,0.4025496768015322,0.49381134785731384,107.5,,,0.44157994886061774,-0.5510247476151088,2.0406070411584887,5.237895619367005,0.5742854110581767,0.09129181348098807,1.3347837313925504,0.4705936156590138,2.063131598651493,5.565430517868094,26.0,16.0,34.0,0.0,0.0,0.0,0.0,0.0,0.0,0.0,0.0,0.0,0.0,0.0,0.0,0.0,0.0,0.0,0.0,0.0,0.0,0.0,0.0,0.0,0.0,0.0,0.0,0.0,0.0,0.0,0.0,,11.482215561513009,0.6281407022788502,0.07925931123759766,5.8231168095306725,2.542398110327005,0.824414167986588,0.0,0.0,,0.0,
69690,1,De'Andre Hunter,1629631,0022200005,2022-10-19,2022-23,ATL,80,3.0,10.0,1,1,1.0,1.0,9.0,,1.0,1.0,0.0,,1.5255474452554745,0.18388235294117633,110.72279411764703,,,0.7851662404092071,0.3617391304347826,0.18388235294117633,110.72279411764703,0.7851662404092071,0.3617391304347826,0.7851662404092071,0.3617391304347826,0.18388235294117633,110.72279411764703,1.5255474452554745,99.79759349593495,0.4025496768015322,,0.49381134785731384,,114.1397967479674,106.0,0.4025496768015322,0.49381134785731384,110.4,,,-0.10594288233950164,0.057860887345286875,1.5000340697409884,2.743286299499318,1.2581063330616538,2.105338301354601,1.3393266616352184,1.2035487828403626,1.81142209327368,4.613381410256409,13.0,7.0,17.0,0.0,0.0,0.0,0.0,0.0,0.0,0.0,0.0,0.0,0.0,0.0,0.0,0.0,0.0,0.0,0.0,0.0,0.0,0.0,0.0,0.0,0.0,0.0,0.0,0.0,0.0,0.0,0.0,,8.356781011236546,1.6119449734367133,2.6000251804679446,1.178535704274224,0.8199667223108908,1.269843310776022,0.0,0.0,,0.0,
69691,2,Coby White,1629632,0022200007,2022-10-19,2022-23,CHI,77,3.0,10.0,1,1,1.0,1.0,9.0,,0.0,1.0,0.0,,2.234042553191489,0.21506951871657756,107.00374331550806,,,0.853448275862069,0.3684210526315789,0.21506951871657756,107.00374331550806,0.853448275862069,0.3684210526315789,0.853448275862069,0.3684210526315789,0.21506951871657756,107.00374331550806,2.234042553191489,99.79759349593495,0.4025496768015322,,0.49381134785731384,,114.1397967479674,105.0,0.4025496768015322,0.49381134785731384,110.5,,,-0.3862579454213959,-1.427016873829041,0.7649054353794569,0.10846125759509526,0.49834560724632554,-0.3339274181021443,0.4945054945054946,-0.9120879120879124,-0.027512583657083554,-1.5233107320452717,23.0,10.0,26.0,0.0,0.0,0.0,0.0,0.0,0.0,0.0,0.0,0.0,0.0,0.0,0.0,0.0,0.0,0.0,0.0,0.0,0.0,0.0,0.0,0.0,0.0,0.0,0.0,0.0,0.0,0.0,0.0,,0.041910213951128726,-0.4510324839995172,1.2111634384007575,2.788508966313082,0.6100257897787232,-0.29459790884494386,0.0,0.0,,-0.0,
69692,0,Brandon Clarke,1629634,0022200009,2022-10-19,2022-23,MEM,80,3.0,10.0,1,1,1.0,1.0,9.0,,1.0,1.0,0.0,,0.26256983240223464,0.17311731843575423,109.32513966480444,,,0.6988636363636364,0.2925170068027211,0.17311731843575423,109.32513966480444,0.6988636363636364,0.2925170068027211,0.6988636363636364,0.2925170068027211,0.17311731843575423,109.32513966480444,0.26256983240223464,99.79759349593495,0.4025496768015322,,0.49381134785731384,,114.1397967479674,96.45,0.4025496768015322,0.49381134785731384,107.5,,,0.4680556072774287,-0.8742629593807669,0.35977474872826376,-0.977207977207978,1.6720819322526292,0.8974358974359018,1.6720819322526292,0.8974358974359018,0.0,-3.0,26.0,16.0,34.0,0.0,0.0,0.0,0.0,0.0,0.0,0.0,0.0,0.0,0.0,0.0,0.0,0.0,0.0,0.0,0.0,0.0,0.0,0.0,0.0,0.0,0.0,0.0,0.0,0.0,0.0,0.0,0.0,,-0.0,1.5005863494574951,0.23392308275840842,0.0,0.06257144676388736,1.269843310776022,0.0,0.0,,0.0,
69693,0,Darius Garland,1629636,0022200008,2022-10-19,2022-23,CLE,73,3.0,10.0,1,1,1.0,1.0,9.0,,0.0,1.0,0.0,,2.165644171779141,0.24117791411042938,108.17484662576685,,,0.8755980861244019,0.37945945945945947,0.24117791411042938,108.17484662576685,0.8755980861244019,0.37945945945945947,0.8755980861244019,0.37945945945945947,0.24117791411042938,108.17484662576685,2.165644171779141,99.79759349593495,0.4025496768015322,,0.49381134785731384,,114.1397967479674,99.0,0.4025496768015322,0.49381134785731384,106.1,,,-0.15160355757246324,-0.48627845729599056,0.3250672350177468,0.8686736024886477,-0.6665495883717082,0.4657458025734324,1.3173534105789226,1.8210314373312588,1.0279258639365312,-0.05979815638906635,15.0,9.0,18.0,0.0,0.0,0.0,0.0,0.0,0.0,0.0,0.0,0.0,0.0,0.0,0.0,0.0,0.0,0.0,0.0,0.0,0.0,0.0,0.0,0.0,0.0,0.0,0.0,0.0,0.0,0.0,0.0,,-0.06146807156804283,2.3989419747397713,0.659970458490556,6.430101654847822,1.9671549390714478,-0.7351978563373132,0.0,0.0,,-0.0,
69694,0,Nickeil Alexander-Walker,1629638,0022200012,2022-10-19,2022-23,UTA,77,3.0,10.0,1,1,1.0,1.0,9.0,,1.0,1.0,0.0,,1.4285714285714286,0.22469999999999996,108.41,,,0.7238095238095238,0.3407202216066482,0.22469999999999996,108.41,0.7238095238095238,0.3407202216066482,0.7238095238095238,0.3407202216066482,0.22469999999999996,108.41,1.4285714285714286,99.79759349593495,0.4025496768015322,,0.49381134785731384,,114.1397967479674,102.5,0.4025496768015322,0.49381134785731384,119.4,,,0.8915282719847306,-0.44307634568471527,1.9636363636363636,3.0181818181818167,1.820865980706526,2.8953432930705665,0.3317088678614396,-1.9112291571577014,0.03809227633718646,-0.4402635893444263,16.0,9.0,29.0,0.0,0.0,0.0,0.0,0.0,0.0,0.0,0.0,0.0,0.0,0.0,0.0,0.0,0.0,0.0,0.0,0.0,0.0,0.0,0.0,0.0,0.0,0.0,0.0,0.0,0.0,0.0,0.0,,-0.016770642306509466,-0.6339716599445545,0.1205486765575987,1.3383874231784474,0.3003700797028507,-0.7351978563373132,0.0,0.0,,-0.0,
69695,4,Tyler Herro,1629639,0022200007,2022-10-19,2022-23,MIA,77,3.0,10.0,1,1,1.0,1.0,9.0,,1.0,1.0,0.0,,2.302325581395349,0.24049999999999983,109.43372093023255,,,0.8509174311926605,0.39165009940357853,0.24049999999999983,109.43372093023255,0.8509174311926605,0.39165009940357853,0.8509174311926605,0.39165009940357853,0.24049999999999983,109.43372093023255,2.302325581395349,99.79759349593495,0.4025496768015322,,0.49381134785731384,,114.1397967479674,105.0,0.4025496768015322,0.49381134785731384,102.9,,,-0.2731984583388699,1.098339298645592,1.0163013131711536,1.0191642267766843,0.5984299608014423,-0.6913031566771151,0.42051933235999595,-0.845833590756471,0.8360409661263137,0.10769230769230813,7.0,7.0,21.0,0.0,0.0,0.0,0.0,0.0,0.0,0.0,0.0,0.0,0.0,0.0,0.0,0.0,0.0,0.0,0.0,0.0,0.0,0.0,0.0,0.0,0.0,0.0,0.0,0.0,0.0,0.0,0.0,,0.09003518096744953,-0.35568937687256924,1.7718334544754473,3.1067868129701774,1.252673584084111,-0.13732763635137965,0.0,0.0,,-0.0,
69696,3,Keldon Johnson,1629640,0022200011,2022-10-19,2022-23,SAS,77,3.0,10.0,1,1,1.0,1.0,9.0,,1.0,1.0,0.0,,1.4713375796178343,0.19857324840764332,111.89999999999999,,,0.7531645569620253,0.39469026548672564,0.19857324840764332,111.89999999999999,0.7531645569620253,0.39469026548672564,0.7531645569620253,0.39469026548672564,0.19857324840764332,111.89999999999999,1.4713375796178343,99.79759349593495,0.4025496768015322,,0.49381134785731384,,114.1397967479674,106.0,0.4025496768015322,0.49381134785731384,97.1,,,0.9840835061402345,0.5395956347857648,1.0589299623835187,1.9371482176360222,1.0846268206190368,0.3975121687398604,0.7399884210922435,-0.02524038461538316,-0.5899808741773535,0.08191346492491118,17.0,6.0,28.0,0.0,0.0,0.0,0.0,0.0,0.0,0.0,0.0,0.0,0.0,0.0,0.0,0.0,0.0,0.0,0.0,0.0,0.0,0.0,0.0,0.0,0.0,0.0,0.0,0.0,0.0,0.0,0.0,,-0.04832737764329508,-0.018677592359298337,2.0808979983300184,4.126446108191176,1.8467107377512655,-0.13732763635137965,0.0,0.0,,-0.0,
69697,0,Romeo Langford,1629641,0022200011,2022-10-19,2022-23,SAS,77,3.0,10.0,1,1,1.0,1.0,9.0,,1.0,1.0,0.0,,0.23684210526315788,0.09623684210526315,104.78947368421052,,,0.6666666666666666,0.24324324324324326,0.09623684210526315,104.78947368421052,0.6666666666666666,0.24324324324324326,0.6666666666666666,0.24324324324324326,0.09623684210526315,104.78947368421052,0.23684210526315788,99.79759349593495,0.4025496768015322,,0.49381134785731384,,114.1397967479674,106.0,0.4025496768015322,0.49381134785731384,97.1,,,3.032548691517528,10.175588048315317,1.1906485051077724,0.6452972632903389,0.7882269819968927,-1.615384615384615,1.0846268206190368,0.3975121687398604,1.820865980706521,2.895343293070507,17.0,6.0,28.0,0.0,0.0,0.0,0.0,0.0,0.0,0.0,0.0,0.0,0.0,0.0,0.0,0.0,0.0,0.0,0.0,0.0,0.0,0.0,0.0,0.0,0.0,0.0,0.0,0.0,0.0,0.0,0.0,,5.2720321048188765,0.43115235973769284,0.7111011641486348,0.60322720960817,0.340173653437335,0.3751551779993052,0.0,0.0,,0.0,
69698,0,Nassir Little,1629642,0022200014,2022-10-19,2022-23,POR,78,3.0,10.0,1,1,1.0,1.0,9.0,,0.0,1.0,0.0,,0.7542372881355932,0.14733050847457627,108.49999999999994,,,0.7359550561797753,0.3233082706766917,0.14733050847457627,108.49999999999994,0.7359550561797753,0.3233082706766917,0.7359550561797753,0.3233082706766917,0.14733050847457627,108.49999999999994,0.7542372881355932,99.79759349593495,0.4025496768015322,,0.49381134785731384,,114.1397967479674,101.0,0.4025496768015322,0.49381134785731384,113.9,,,0.30946459466187737,-1.1511393492626314,0.4330255302223182,-0.6690942193900662,1.5249460420098118,3.8342443922751355,0.29991680788797126,-1.3032280219780215,0.9858311903321976,1.6707799411135773,9.0,9.0,19.0,0.0,0.0,0.0,0.0,0.0,0.0,0.0,0.0,0.0,0.0,0.0,0.0,0.0,0.0,0.0,0.0,0.0,0.0,0.0,0.0,0.0,0.0,0.0,0.0,0.0,0.0,0.0,0.0,,1.647106978131157,-0.3908599883018031,0.27236166929688277,6.807245005595598,2.349810946785853,0.824414167986588,0.0,0.0,,0.0,
69699,0,Chuma Okeke,1629643,0022200003,2022-10-19,2022-23,ORL,79,3.0,10.0,1,1,1.0,1.0,9.0,,0.0,1.0,0.0,,1.4473684210526316,0.1507631578947368,100.45701754385965,,,0.8095238095238095,0.32803180914512925,0.1507631578947368,100.45701754385965,0.8095238095238095,0.32803180914512925,0.8095238095238095,0.32803180914512925,0.1507631578947368,100.45701754385965,1.4473684210526316,99.79759349593495,0.4025496768015322,,0.49381134785731384,,114.1397967479674,101.5,0.4025496768015322,0.49381134785731384,106.9,,,1.4961534288668907,1.7992772370231944,1.684031757446396,3.3291224011445593,2.272968452080367,4.784795190200593,0.803327133537348,-0.18445344938371533,-0.38067050715799483,0.8461538461538476,14.0,5.0,24.0,0.0,0.0,0.0,0.0,0.0,0.0,0.0,0.0,0.0,0.0,0.0,0.0,0.0,0.0,0.0,0.0,0.0,0.0,0.0,0.0,0.0,0.0,0.0,0.0,0.0,0.0,0.0,0.0,,-0.3221058137490731,-0.14817646076449634,1.672661946648698,4.542753343300948,1.700466118207354,-0.29459790884494386,0.0,0.0,,-0.0,
69700,3,Kevin Porter Jr.,1629645,0022200005,2022-10-19,2022-23,HOU,76,3.0,10.0,1,1,1.0,1.0,9.0,,0.0,1.0,0.0,,1.9097744360902256,0.2247218045112782,104.30601503759397,,,0.6910994764397905,0.352112676056338,0.2247218045112782,104.30601503759397,0.6910994764397905,0.352112676056338,0.6910994764397905,0.352112676056338,0.2247218045112782,104.30601503759397,1.9097744360902256,99.79759349593495,0.4025496768015322,,0.49381134785731384,,114.1397967479674,106.0,0.4025496768015322,0.49381134785731384,100.9,,,0.8719551641661296,0.25770934692604824,0.582735780845965,-0.29082732538721284,1.5632791523520464,3.4843530172249904,1.172432297842763,0.5931718403819581,-0.23607101151629606,-0.8053644211517165,13.0,5.0,30.0,0.0,0.0,0.0,0.0,0.0,0.0,0.0,0.0,0.0,0.0,0.0,0.0,0.0,0.0,0.0,0.0,0.0,0.0,0.0,0.0,0.0,0.0,0.0,0.0,0.0,0.0,0.0,0.0,,0.19012319354052196,0.6954538238346398,0.31694832727515454,8.759754969363875,3.043834012150021,0.824414167986588,0.0,0.0,,0.0,
69701,0,Nic Claxton,1629651,0022200006,2022-10-19,2022-23,BKN,83,3.0,10.0,1,1,1.0,1.0,9.0,,1.0,1.0,0.0,,0.021739130434782608,0.1456847826086956,107.34347826086957,,,0.5393258426966292,0.2,0.1456847826086956,107.34347826086957,0.5393258426966292,0.2,0.5393258426966292,0.2,0.1456847826086956,107.34347826086957,0.021739130434782608,99.79759349593495,0.4025496768015322,,0.49381134785731384,,114.1397967479674,102.0,0.4025496768015322,0.49381134785731384,105.9,,,0.5173462725687074,-0.8448559359485279,0.6231481440776792,-0.17948717948718093,3.8729833462074166,14.999999999999995,0.0,-3.0,0.0,-3.0,16.0,6.0,26.0,0.0,0.0,0.0,0.0,0.0,0.0,0.0,0.0,0.0,0.0,0.0,0.0,0.0,0.0,0.0,0.0,0.0,0.0,0.0,0.0,0.0,0.0,0.0,0.0,0.0,0.0,0.0,0.0,,-0.0,-0.0,0.0,0.0,0.0,0.0,0.0,0.0,,0.0,
69702,1,Luguentz Dort,1629652,0022200010,2022-10-19,2022-23,OKC,76,3.0,10.0,1,1,1.0,1.0,9.0,,0.0,1.0,0.0,,2.015151515151515,0.2016363636363637,105.18484848484846,,,0.7964824120603015,0.3393316195372751,0.2016363636363637,105.18484848484846,0.7964824120603015,0.3393316195372751,0.7964824120603015,0.3393316195372751,0.2016363636363637,105.18484848484846,2.015151515151515,99.79759349593495,0.4025496768015322,,0.49381134785731384,,114.1397967479674,106.0,0.4025496768015322,0.49381134785731384,100.9,,,1.2467690948763528,2.3196519310881536,0.36580523943066523,-0.7701849318444832,1.2048632677010522,1.8001820664542578,0.12791724574823116,-1.3476532378292234,0.691569643479007,-0.7154415889307739,37.0,11.0,34.0,0.0,0.0,0.0,0.0,0.0,0.0,0.0,0.0,0.0,0.0,0.0,0.0,0.0,0.0,0.0,0.0,0.0,0.0,0.0,0.0,0.0,0.0,0.0,0.0,0.0,0.0,0.0,0.0,,-0.49477768458690957,-0.17238809040680017,0.8126689030769013,7.022665760647393,3.0482042668042775,-0.7351978563373132,0.0,0.0,,-0.0,
69703,0,Daniel Gafford,1629655,0022200004,2022-10-19,2022-23,WAS,82,3.0,10.0,1,1,1.0,1.0,9.0,,0.0,1.0,0.0,,0.0,0.15977272727272732,106.930303030303,,,0.6619217081850534,0.0,0.15977272727272732,106.930303030303,0.6619217081850534,0.0,0.6619217081850534,0.0,0.15977272727272732,106.930303030303,0.0,99.79759349593495,0.4025496768015322,,0.49381134785731384,,114.1397967479674,104.5,0.4025496768015322,0.49381134785731384,108.6,,,0.63445783340623,-0.7303106976333071,0.4930066485916354,-0.5982905982905967,0.0,-3.0,0.0,-3.0,3.872983346207248,14.999999999994102,13.0,9.0,22.0,0.0,0.0,0.0,0.0,0.0,0.0,0.0,0.0,0.0,0.0,0.0,0.0,0.0,0.0,0.0,0.0,0.0,0.0,0.0,0.0,0.0,0.0,0.0,0.0,0.0,0.0,0.0,0.0,,58.09475019308588,-0.0,0.0,0.1700868267186675,0.0,0.824414167986588,0.0,0.0,,0.0,
69704,0,Talen Horton-Tucker,1629659,0022200012,2022-10-19,2022-23,UTA,76,3.0,10.0,1,1,1.0,1.0,9.0,,1.0,1.0,0.0,,0.7203389830508474,0.198093220338983,106.07796610169494,,,0.8,0.27631578947368424,0.198093220338983,106.07796610169494,0.8,0.27631578947368424,0.8,0.27631578947368424,0.198093220338983,106.07796610169494,0.7203389830508474,99.79759349593495,0.4025496768015322,,0.49381134785731384,,114.1397967479674,102.5,0.4025496768015322,0.49381134785731384,119.4,,,1.5605897752939675,2.056245529618312,3.2117504377675834,11.317691806490757,1.6995725921531708,3.318476123129958,1.0846268206190368,0.3975121687398604,0.1683295637500901,-0.9093803310230398,16.0,9.0,29.0,0.0,0.0,0.0,0.0,0.0,0.0,0.0,0.0,0.0,0.0,0.0,0.0,0.0,0.0,0.0,0.0,0.0,0.0,0.0,0.0,0.0,0.0,0.0,0.0,0.0,0.0,0.0,0.0,,-0.1530755944040208,0.43115235973769284,0.18194058778301112,1.4793214132264167,0.28335935605603113,-0.7351978563373132,0.0,0.0,,-0.0,
69705,3,Cameron Johnson,1629661,0022200013,2022-10-19,2022-23,PHX,80,3.0,10.0,1,1,1.0,1.0,9.0,,1.0,1.0,0.0,,2.1436781609195403,0.164183908045977,108.94252873563218,,,0.84375,0.38486140724946694,0.164183908045977,108.94252873563218,0.84375,0.38486140724946694,0.84375,0.38486140724946694,0.164183908045977,108.94252873563218,2.1436781609195403,99.79759349593495,0.4025496768015322,,0.49381134785731384,,114.1397967479674,94.5,0.4025496768015322,0.49381134785731384,113.8,,,0.04052785963523586,-1.6868849468872054,0.6507102656920994,-0.2652862793626936,-0.4550830602384319,-2.0940170940170932,0.7127445395874416,-0.7056827255789175,1.2527738737675553,1.8328958979141834,11.0,5.0,17.0,0.0,0.0,0.0,0.0,0.0,0.0,0.0,0.0,0.0,0.0,0.0,0.0,0.0,0.0,0.0,0.0,0.0,0.0,0.0,0.0,0.0,0.0,0.0,0.0,0.0,0.0,0.0,0.0,,2.296204094242613,-0.5029715093375564,2.133050055912645,6.411100260960862,5.410648707097722,-0.29459790884494386,0.0,0.0,,-0.0,
69706,1,Jalen McDaniels,1629667,0022200011,2022-10-19,2022-23,CHA,81,3.0,10.0,1,1,1.0,1.0,9.0,,0.0,1.0,0.0,,0.7980769230769231,0.163673076923077,105.27019230769231,,,0.7304964539007093,0.37155963302752293,0.163673076923077,105.27019230769231,0.7304964539007093,0.37155963302752293,0.7304964539007093,0.37155963302752293,0.163673076923077,105.27019230769231,0.7980769230769231,99.79759349593495,0.4025496768015322,,0.49381134785731384,,114.1397967479674,106.0,0.4025496768015322,0.49381134785731384,120.6,,,0.2746419634675091,-1.416236824400089,1.2615404527808478,1.4172600701456026,1.6720819322526292,0.8974358974359018,1.3789550865331957,0.31330602336519486,0.31157407203882737,-0.4038461538462442,18.0,6.0,23.0,0.0,0.0,0.0,0.0,0.0,0.0,0.0,0.0,0.0,0.0,0.0,0.0,0.0,0.0,0.0,0.0,0.0,0.0,0.0,0.0,0.0,0.0,0.0,0.0,0.0,0.0,0.0,0.0,,-0.12582799063109307,0.4320349345609237,0.10371281421622562,0.23631068119642645,0.1602210642295889,-0.29459790884494386,0.0,0.0,,-0.0,
69707,2,Jaylen Nowell,1629669,0022200010,2022-10-19,2022-23,MIN,76,3.0,10.0,1,1,1.0,1.0,9.0,,1.0,1.0,0.0,,1.0204081632653061,0.20108163265306114,106.24897959183677,,,0.8027210884353742,0.35447761194029853,0.20108163265306114,106.24897959183677,0.8027210884353742,0.35447761194029853,0.8027210884353742,0.35447761194029853,0.20108163265306114,106.24897959183677,1.0204081632653061,99.79759349593495,0.4025496768015322,,0.49381134785731384,,114.1397967479674,106.0,0.4025496768015322,0.49381134785731384,109.5,,,0.6559595672968019,-0.6625600961538465,0.14671774886151082,-0.3246135552913198,0.8083328816223897,-0.38751567972041173,1.626027446394821,2.359370712521725,0.8422416405445333,1.0543722261254014,16.0,12.0,26.0,0.0,0.0,0.0,0.0,0.0,0.0,0.0,0.0,0.0,0.0,0.0,0.0,0.0,0.0,0.0,0.0,0.0,0.0,0.0,0.0,0.0,0.0,0.0,0.0,0.0,0.0,0.0,0.0,,0.8880361934764497,3.8364015347804297,0.20002806417134433,2.8386968174236507,1.3191355636427062,-0.7351978563373132,0.0,0.0,,-0.0,
69708,4,John Konchar,1629723,0022200009,2022-10-19,2022-23,MEM,77,3.0,10.0,1,1,1.0,1.0,9.0,,1.0,1.0,0.0,,0.635593220338983,0.10763559322033898,106.95423728813554,,,0.6538461538461539,0.422360248447205,0.10763559322033898,106.95423728813554,0.6538461538461539,0.422360248447205,0.6538461538461539,0.422360248447205,0.10763559322033898,106.95423728813554,0.635593220338983,99.79759349593495,0.4025496768015322,,0.49381134785731384,,114.1397967479674,96.45,0.4025496768015322,0.49381134785731384,107.5,,,1.3848436615101232,1.641838048032422,2.895144261237632,9.14710055813074,0.7882269819968927,-1.615384615384615,1.0846268206190368,0.3975121687398604,0.7186018994273689,-0.11343779229535428,26.0,16.0,34.0,0.0,0.0,0.0,0.0,0.0,0.0,0.0,0.0,0.0,0.0,0.0,0.0,0.0,0.0,0.0,0.0,0.0,0.0,0.0,0.0,0.0,0.0,0.0,0.0,0.0,0.0,0.0,0.0,,-0.08151661301028894,0.43115235973769284,0.16877354591257293,1.0829651069531698,0.4674213448966956,-0.7614889595473099,0.0,0.0,,-0.0,
69709,0,Garrison Mathews,1629726,0022200005,2022-10-19,2022-23,HOU,78,3.0,10.0,1,1,1.0,1.0,9.0,,0.0,1.0,0.0,,1.8434782608695652,0.12771304347826093,110.76347826086956,,,0.8494623655913979,0.3850467289719626,0.12771304347826093,110.76347826086956,0.8494623655913979,0.3850467289719626,0.8494623655913979,0.3850467289719626,0.12771304347826093,110.76347826086956,1.8434782608695652,99.79759349593495,0.4025496768015322,,0.49381134785731384,,114.1397967479674,106.0,0.4025496768015322,0.49381134785731384,100.9,,,0.14896089793110312,-2.307692307691975,3.872983346207332,14.999999999999217,3.8729833462074166,14.999999999999995,1.4311451237658088,4.504253178450563,0.7483353823259412,0.49916552875132847,13.0,5.0,30.0,0.0,0.0,0.0,0.0,0.0,0.0,0.0,0.0,0.0,0.0,0.0,0.0,0.0,0.0,0.0,0.0,0.0,0.0,0.0,0.0,0.0,0.0,0.0,0.0,0.0,0.0,0.0,0.0,,0.373543226802056,6.446239972546169,0.4907228942719152,4.936603648599445,1.383529647334538,-0.7351978563373132,0.0,0.0,,-0.0,
69710,1,Dean Wade,1629731,0022200008,2022-10-19,2022-23,CLE,81,3.0,10.0,1,1,1.0,1.0,9.0,,0.0,1.0,0.0,,1.2190476190476192,0.12064761904761907,101.95047619047622,,,0.7058823529411765,0.3862928348909657,0.12064761904761907,101.95047619047622,0.7058823529411765,0.3862928348909657,0.7058823529411765,0.3862928348909657,0.12064761904761907,101.95047619047622,1.2190476190476192,99.79759349593495,0.4025496768015322,,0.49381134785731384,,114.1397967479674,99.0,0.4025496768015322,0.49381134785731384,106.1,,,-2.767333669229895e-15,-1.9743589743589958,1.407387310294717,1.2637362637362526,2.4047631387103303,4.349112426035515,1.9750466192895701,3.824293423579989,0.5125064578627306,-1.3131257946598858,15.0,9.0,18.0,0.0,0.0,0.0,0.0,0.0,0.0,0.0,0.0,0.0,0.0,0.0,0.0,0.0,0.0,0.0,0.0,0.0,0.0,0.0,0.0,0.0,0.0,0.0,0.0,0.0,0.0,0.0,0.0,,-0.6729854497493214,7.553157797412993,0.2702828182783707,2.6890039470897045,1.001146036023673,-0.7351978563373132,0.0,0.0,,-0.0,
69711,0,Javonte Green,1629750,0022200007,2022-10-19,2022-23,CHI,77,3.0,10.0,1,1,1.0,1.0,9.0,,0.0,1.0,0.0,,0.42105263157894735,0.12531578947368424,107.62017543859648,,,0.8098591549295775,0.3548387096774194,0.12531578947368424,107.62017543859648,0.8098591549295775,0.3548387096774194,0.8098591549295775,0.3548387096774194,0.12531578947368424,107.62017543859648,0.42105263157894735,99.79759349593495,0.4025496768015322,,0.49381134785731384,,114.1397967479674,105.0,0.4025496768015322,0.49381134785731384,110.5,,,-0.2142071745267021,-0.7824519230769235,1.407387310294717,1.2637362637362526,2.4047631387103303,4.349112426035515,0.38304230896556885,-1.1172161172161172,0.9405460868921105,-0.7852564102563585,23.0,10.0,26.0,0.0,0.0,0.0,0.0,0.0,0.0,0.0,0.0,0.0,0.0,0.0,0.0,0.0,0.0,0.0,0.0,0.0,0.0,0.0,0.0,0.0,0.0,0.0,0.0,0.0,0.0,0.0,0.0,,-0.7385698438735637,-0.42794104115200915,0.12685925666676742,0.3209096727775362,0.11864470808740195,-0.29459790884494386,0.0,0.0,,-0.0,
69712,1,Anthony Edwards,1630162,0022200010,2022-10-19,2022-23,MIN,76,2.0,10.0,1,1,1.0,1.0,9.0,,1.0,1.0,0.0,,2.661764705882353,0.26286029411764705,112.10441176470582,,,0.7798507462686567,0.34022556390977443,0.26286029411764705,112.10441176470582,0.7798507462686567,0.34022556390977443,0.7798507462686567,0.34022556390977443,0.26286029411764705,112.10441176470582,2.661764705882353,99.79759349593495,0.4025496768015322,,0.49381134785731384,,114.1397967479674,106.0,0.4025496768015322,0.49381134785731384,109.5,,,0.6738687283585637,0.27043686559488395,0.693848066525276,0.21503661484787565,0.3641060718751013,-0.9595233702038399,0.704614484417818,-0.3339274181021443,-0.43444366898476977,0.20431340022104122,16.0,12.0,26.0,0.0,0.0,0.0,0.0,0.0,0.0,0.0,0.0,0.0,0.0,0.0,0.0,0.0,0.0,0.0,0.0,0.0,0.0,0.0,0.0,0.0,0.0,0.0,0.0,0.0,0.0,0.0,0.0,,-0.08876266321478282,-0.2352900955390156,0.48043749847890166,5.184268816369475,2.0861788142186377,-0.7351978563373132,0.0,0.0,,-0.0,
69713,0,Killian Hayes,1630165,0022200003,2022-10-19,2022-23,DET,77,2.0,10.0,1,1,1.0,1.0,9.0,,1.0,1.0,0.0,,0.6904761904761905,0.1618928571428571,101.25595238095238,,,0.7790697674418605,0.26605504587155965,0.1618928571428571,101.25595238095238,0.7790697674418605,0.26605504587155965,0.7790697674418605,0.26605504587155965,0.1618928571428571,101.25595238095238,0.6904761904761905,99.79759349593495,0.4025496768015322,,0.49381134785731384,,114.1397967479674,101.5,0.4025496768015322,0.49381134785731384,111.9,,,0.5708952914947085,-0.5666818388711877,1.3531816621152877,2.508317806760714,0.3513784378080763,-0.48394787031150616,-0.12791724574823116,-1.3476532378292234,2.2105896780899115,6.968138370505234,21.0,11.0,27.0,0.0,0.0,0.0,0.0,0.0,0.0,0.0,0.0,0.0,0.0,0.0,0.0,0.0,0.0,0.0,0.0,0.0,0.0,0.0,0.0,0.0,0.0,0.0,0.0,0.0,0.0,0.0,0.0,,15.403694757341126,0.17238809040680017,1.0951843267933246,1.2754667501250647,0.6412129945433515,0.02128755332478359,0.0,0.0,,0.0,
69714,0,Deni Avdija,1630166,0022200004,2022-10-19,2022-23,WAS,81,2.0,10.0,1,1,1.0,1.0,9.0,,0.0,1.0,0.0,,1.007462686567164,0.13901492537313428,107.90522388059705,,,0.7318435754189944,0.325,0.13901492537313428,107.90522388059705,0.7318435754189944,0.325,0.7318435754189944,0.325,0.13901492537313428,107.90522388059705,1.007462686567164,99.79759349593495,0.4025496768015322,,0.49381134785731384,,114.1397967479674,104.5,0.4025496768015322,0.49381134785731384,108.6,,,0.22793933319395845,-1.0317816294492683,0.0,-1.0769230769230769,1.320491222654427,0.9544660315347168,-0.34094123876020416,-0.32973566267264176,-0.6349467363551515,-0.3456198482898375,13.0,9.0,22.0,0.0,0.0,0.0,0.0,0.0,0.0,0.0,0.0,0.0,0.0,0.0,0.0,0.0,0.0,0.0,0.0,0.0,0.0,0.0,0.0,0.0,0.0,0.0,0.0,0.0,0.0,0.0,0.0,,0.21945019469119492,0.1124204852950273,1.874683887847194,3.516612732188851,1.773832808489876,-0.13732763635137965,0.0,0.0,,-0.0,
69715,0,Obi Toppin,1630167,0022200009,2022-10-19,2022-23,NYK,81,2.0,10.0,1,1,1.0,1.0,9.0,,0.0,1.0,0.0,,0.6,0.18619166666666673,109.97916666666667,,,0.7465753424657534,0.323943661971831,0.18619166666666673,109.97916666666667,0.7465753424657534,0.323943661971831,0.7465753424657534,0.323943661971831,0.18619166666666673,109.97916666666667,0.6,99.79759349593495,0.4025496768015322,,0.49381134785731384,,114.1397967479674,96.45,0.4025496768015322,0.49381134785731384,105.7,,,0.6576918785148633,0.4707424096421103,1.05372435051613,-0.628971878736642,0.1489608979310544,-2.3076923076923084,0.36994258351635834,-1.254688424334193,1.290160868955205,1.2120186591054618,14.0,12.0,25.0,0.0,0.0,0.0,0.0,0.0,0.0,0.0,0.0,0.0,0.0,0.0,0.0,0.0,0.0,0.0,0.0,0.0,0.0,0.0,0.0,0.0,0.0,0.0,0.0,0.0,0.0,0.0,0.0,,1.563699046421425,-0.4641626772062602,3.0862395694745732,1.118274332840131,1.757351825170939,1.269843310776022,0.0,0.0,,0.0,
69716,0,Onyeka Okongwu,1630168,0022200005,2022-10-19,2022-23,ATL,82,2.0,10.0,1,1,1.0,1.0,9.0,,1.0,1.0,0.0,,0.0,0.1361521739130435,109.38152173913046,,,0.6909090909090909,0.0,0.1361521739130435,109.38152173913046,0.6909090909090909,0.0,0.6909090909090909,0.0,0.1361521739130435,109.38152173913046,0.0,99.79759349593495,0.4025496768015322,,0.49381134785731384,,114.1397967479674,106.0,0.4025496768015322,0.49381134785731384,110.4,,,0.7426698245858215,0.5384524569789076,1.5113852244167207,5.424442421483845,0.0,-3.0,0.0,-3.0,0.0,-3.0,13.0,7.0,17.0,0.0,0.0,0.0,0.0,0.0,0.0,0.0,0.0,0.0,0.0,0.0,0.0,0.0,0.0,0.0,0.0,0.0,0.0,0.0,0.0,0.0,0.0,0.0,0.0,0.0,0.0,0.0,0.0,,-0.0,-0.0,0.0,0.0,0.0,0.0,0.0,0.0,,0.0,
69717,3,Tyrese Haliburton,1630169,0022200004,2022-10-19,2022-23,IND,77,2.0,10.0,1,1,1.0,1.0,9.0,,1.0,1.0,0.0,,2.0952380952380953,0.18013095238095245,111.50119047619046,,,0.851063829787234,0.4218362282878412,0.18013095238095245,111.50119047619046,0.851063829787234,0.4218362282878412,0.851063829787234,0.4218362282878412,0.18013095238095245,111.50119047619046,2.0952380952380953,99.79759349593495,0.4025496768015322,,0.49381134785731384,,114.1397967479674,104.5,0.4025496768015322,0.49381134785731384,102.9,,,0.5472111063963202,-0.38497625474544295,-0.2961942638762089,-0.6289718787366416,0.1907520886562897,-1.509876790997911,1.3173534105789226,1.8210314373312588,0.5426638388416443,0.1747390776521889,17.0,6.0,36.0,0.0,0.0,0.0,0.0,0.0,0.0,0.0,0.0,0.0,0.0,0.0,0.0,0.0,0.0,0.0,0.0,0.0,0.0,0.0,0.0,0.0,0.0,0.0,0.0,0.0,0.0,0.0,0.0,,0.094824578674385,2.3989419747397713,0.5556227989106766,4.7179245198421675,2.468187539337784,-0.7351978563373132,0.0,0.0,,-0.0,
69718,0,Devin Vassell,1630170,0022200011,2022-10-19,2022-23,SAS,77,2.0,10.0,1,1,1.0,1.0,9.0,,1.0,1.0,0.0,,1.5,0.1626825396825395,108.37539682539682,,,0.8367346938775511,0.36435643564356435,0.1626825396825395,108.37539682539682,0.8367346938775511,0.36435643564356435,0.8367346938775511,0.36435643564356435,0.1626825396825395,108.37539682539682,1.5,99.79759349593495,0.4025496768015322,,0.49381134785731384,,114.1397967479674,106.0,0.4025496768015322,0.49381134785731384,97.1,,,1.6978362805285614,2.903312752912765,0.2507328919922431,-0.7817591766662341,1.0605679956914074,0.6209407090369322,0.33170886786144077,-1.0954813397686791,-0.42560256551729875,0.28351648351648334,17.0,6.0,28.0,0.0,0.0,0.0,0.0,0.0,0.0,0.0,0.0,0.0,0.0,0.0,0.0,0.0,0.0,0.0,0.0,0.0,0.0,0.0,0.0,0.0,0.0,0.0,0.0,0.0,0.0,0.0,0.0,,-0.12066534275105825,-0.36338087497800287,2.028331965344741,2.99659517834316,1.7890128448260592,-0.005339380832623263,0.0,0.0,,-0.0,
69719,0,Isaac Okoro,1630171,0022200008,2022-10-19,2022-23,CLE,77,2.0,10.0,1,1,1.0,1.0,9.0,,0.0,1.0,0.0,,0.8914728682170543,0.1328527131782946,108.41395348837209,,,0.7441077441077442,0.31932773109243695,0.1328527131782946,108.41395348837209,0.7441077441077442,0.31932773109243695,0.7441077441077442,0.31932773109243695,0.1328527131782946,108.41395348837209,0.8914728682170543,99.79759349593495,0.4025496768015322,,0.49381134785731384,,114.1397967479674,99.0,0.4025496768015322,0.49381134785731384,106.1,,,0.2978164775515609,-0.7112640231331492,1.791550914223327,2.6250000000000115,0.0,-3.0,0.6156454212452804,0.4251012145748999,0.7882269819968956,-1.6153846153850242,15.0,9.0,18.0,0.0,0.0,0.0,0.0,0.0,0.0,0.0,0.0,0.0,0.0,0.0,0.0,0.0,0.0,0.0,0.0,0.0,0.0,0.0,0.0,0.0,0.0,0.0,0.0,0.0,0.0,0.0,0.0,,-1.2732897401491536,0.2617116163188446,1.1749734573457782,0.04152263692504237,0.21790107179068974,1.269843310776022,0.0,0.0,,0.0,
69720,0,Patrick Williams,1630172,0022200007,2022-10-19,2022-23,CHI,79,2.0,10.0,1,1,1.0,1.0,9.0,,0.0,1.0,0.0,,0.7906976744186046,0.14609302325581394,106.51279069767442,,,0.7289156626506024,0.41509433962264153,0.14609302325581394,106.51279069767442,0.7289156626506024,0.41509433962264153,0.7289156626506024,0.41509433962264153,0.14609302325581394,106.51279069767442,0.7906976744186046,99.79759349593495,0.4025496768015322,,0.49381134785731384,,114.1397967479674,105.0,0.4025496768015322,0.49381134785731384,110.5,,,1.4201151821687226,2.371738897237731,1.0381527976994709,0.29922619295253167,2.256465940009995,6.775874489714241,1.0441029313106924,0.4958776915072448,1.1855159029725795,1.156374669888172,23.0,10.0,26.0,0.0,0.0,0.0,0.0,0.0,0.0,0.0,0.0,0.0,0.0,0.0,0.0,0.0,0.0,0.0,0.0,0.0,0.0,0.0,0.0,0.0,0.0,0.0,0.0,0.0,0.0,0.0,0.0,,1.3709005609470948,0.5177473512742936,0.9324772514223196,0.1675639081652755,0.47045618026581243,1.269843310776022,0.0,0.0,,0.0,
69721,1,Precious Achiuwa,1630173,0022200008,2022-10-19,2022-23,TOR,80,2.0,10.0,1,1,1.0,1.0,9.0,,1.0,1.0,0.0,,0.4409448818897638,0.18396850393700775,103.59133858267715,,,0.5560165975103735,0.3581081081081081,0.18396850393700775,103.59133858267715,0.5560165975103735,0.3581081081081081,0.5560165975103735,0.3581081081081081,0.18396850393700775,103.59133858267715,0.4409448818897638,99.79759349593495,0.4025496768015322,,0.49381134785731384,,114.1397967479674,99.0,0.4025496768015322,0.49381134785731384,109.1,,,1.07205589885903,1.756031690195449,0.7360732871719552,0.6801369398173639,0.5306877734233839,-0.7912182617727009,0.2559842213841176,-1.2935697115384623,-0.2242711289370774,-1.141518960894244,13.0,12.0,18.0,0.0,0.0,0.0,0.0,0.0,0.0,0.0,0.0,0.0,0.0,0.0,0.0,0.0,0.0,0.0,0.0,0.0,0.0,0.0,0.0,0.0,0.0,0.0,0.0,0.0,0.0,0.0,0.0,,0.2560097460628316,-0.3311334354142509,1.9177687982826144,3.1245089028368818,2.0346049508056345,-0.13732763635137965,0.0,0.0,,-0.0,
69722,1,Aaron Nesmith,1630174,0022200004,2022-10-19,2022-23,IND,78,2.0,10.0,1,1,1.0,1.0,9.0,,1.0,1.0,0.0,,0.8507462686567164,0.15729850746268656,103.8134328358209,,,0.8,0.32666666666666666,0.15729850746268656,103.8134328358209,0.8,0.32666666666666666,0.8,0.32666666666666666,0.15729850746268656,103.8134328358209,0.8507462686567164,99.79759349593495,0.4025496768015322,,0.49381134785731384,,114.1397967479674,104.5,0.4025496768015322,0.49381134785731384,102.9,,,0.3513784378080764,-0.48394787031151126,1.0742510779389238,-0.10564346473978138,1.0846268206190368,0.3975121687398604,0.38304230896556885,-1.1172161172161172,0.6915088442618794,-0.5083512561204387,17.0,6.0,36.0,0.0,0.0,0.0,0.0,0.0,0.0,0.0,0.0,0.0,0.0,0.0,0.0,0.0,0.0,0.0,0.0,0.0,0.0,0.0,0.0,0.0,0.0,0.0,0.0,0.0,0.0,0.0,0.0,,-0.3515293895989193,-0.42794104115200915,0.9273544299267856,1.5097048005809874,1.00622852389996,-0.13732763635137965,0.0,0.0,,-0.0,
69723,0,Theo Maledon,1630177,0022200011,2022-10-19,2022-23,CHA,76,2.0,10.0,1,1,1.0,1.0,9.0,,0.0,1.0,0.0,,1.3942307692307692,0.1923365384615384,99.81538461538463,,,0.7668161434977578,0.3356643356643357,0.1923365384615384,99.81538461538463,0.7668161434977578,0.3356643356643357,0.7668161434977578,0.3356643356643357,0.1923365384615384,99.81538461538463,1.3942307692307692,99.79759349593495,0.4025496768015322,,0.49381134785731384,,114.1397967479674,106.0,0.4025496768015322,0.49381134785731384,120.6,,,0.24454452858460338,-0.882889171378387,1.3236706529214375,0.84765625,1.4073873102947176,1.2637362637362621,0.5547871557170474,-1.1317408365748753,1.2900579422689826,1.29492072298697,18.0,6.0,23.0,0.0,0.0,0.0,0.0,0.0,0.0,0.0,0.0,0.0,0.0,0.0,0.0,0.0,0.0,0.0,0.0,0.0,0.0,0.0,0.0,0.0,0.0,0.0,0.0,0.0,0.0,0.0,0.0,,1.6705227632980337,-0.6278752797322068,0.26237837718793405,2.914724192344646,1.2403235253882148,-0.7351978563373132,0.0,0.0,,-0.0,
69724,0,Saddiq Bey,1630180,0022200003,2022-10-19,2022-23,DET,79,2.0,10.0,1,1,1.0,1.0,9.0,,1.0,1.0,0.0,,2.554054054054054,0.19550000000000006,104.5722972972973,,,0.8329113924050633,0.361328125,0.19550000000000006,104.5722972972973,0.8329113924050633,0.361328125,0.8329113924050633,0.361328125,0.19550000000000006,104.5722972972973,2.554054054054054,99.79759349593495,0.4025496768015322,,0.49381134785731384,,114.1397967479674,101.5,0.4025496768015322,0.49381134785731384,111.9,,,2.1977068448100314,5.8554650667114565,2.3643090768072463,6.253644314868804,0.4192422799238584,-1.1830743559588637,-0.09556591394877822,-1.0132206304364821,0.5246262603203851,0.4454571786470649,21.0,11.0,27.0,0.0,0.0,0.0,0.0,0.0,0.0,0.0,0.0,0.0,0.0,0.0,0.0,0.0,0.0,0.0,0.0,0.0,0.0,0.0,0.0,0.0,0.0,0.0,0.0,0.0,0.0,0.0,0.0,,0.23369853376647934,0.09682935557941967,2.224710732056197,5.098885363071663,1.9132248289000722,-0.29459790884494386,0.0,0.0,,-0.0,
69725,1,R.J. Hampton,1630181,0022200003,2022-10-19,2022-23,ORL,76,2.0,10.0,1,1,1.0,1.0,9.0,,0.0,1.0,0.0,,0.9404761904761905,0.1890238095238095,100.83214285714283,,,0.6514285714285715,0.32599118942731276,0.1890238095238095,100.83214285714283,0.6514285714285715,0.32599118942731276,0.6514285714285715,0.32599118942731276,0.1890238095238095,100.83214285714283,0.9404761904761905,99.79759349593495,0.4025496768015322,,0.49381134785731384,,114.1397967479674,101.5,0.4025496768015322,0.49381134785731384,106.9,,,0.15080093252855217,-1.3381505533705291,0.8072657117023505,0.3471614063238378,1.3347837313925504,0.4705936156590138,0.09105882858873597,-0.17109625217733246,0.14640001865357669,0.17091425350862394,14.0,5.0,24.0,0.0,0.0,0.0,0.0,0.0,0.0,0.0,0.0,0.0,0.0,0.0,0.0,0.0,0.0,0.0,0.0,0.0,0.0,0.0,0.0,0.0,0.0,0.0,0.0,0.0,0.0,0.0,0.0,,0.02502184990182468,-0.01557982429919086,0.2941388557513253,2.4673622084413944,1.4266702467751196,-0.7351978563373132,0.0,0.0,,-0.0,
69726,0,Josh Green,1630182,0022200013,2022-10-19,2022-23,DAL,77,2.0,10.0,1,1,1.0,1.0,9.0,,0.0,1.0,0.0,,0.35714285714285715,0.12917857142857145,103.39285714285717,,,0.6875,0.3176470588235294,0.12917857142857145,103.39285714285717,0.6875,0.3176470588235294,0.6875,0.3176470588235294,0.12917857142857145,103.39285714285717,0.35714285714285715,99.79759349593495,0.4025496768015322,,0.49381134785731384,,114.1397967479674,94.5,0.4025496768015322,0.49381134785731384,110.5,,,0.8816166914859298,-0.06958402935619108,0.27423743669284434,-1.498982346233235,1.6720819322526292,0.8974358974359018,0.1682341856307127,-0.03296703296703203,0.8407206199057488,-0.4698487108459007,20.0,5.0,28.0,0.0,0.0,0.0,0.0,0.0,0.0,0.0,0.0,0.0,0.0,0.0,0.0,0.0,0.0,0.0,0.0,0.0,0.0,0.0,0.0,0.0,0.0,0.0,0.0,0.0,0.0,0.0,0.0,,-0.39501149944428254,-0.005546181943869493,0.4202536501530323,0.7276895585477973,0.5427299744132541,-0.13732763635137965,0.0,0.0,,-0.0,
69727,0,Jaden McDaniels,1630183,0022200010,2022-10-19,2022-23,MIN,81,2.0,10.0,1,1,1.0,1.0,9.0,,1.0,1.0,0.0,,1.1472868217054264,0.1362248062015504,108.98837209302326,,,0.7217391304347827,0.337995337995338,0.1362248062015504,108.98837209302326,0.7217391304347827,0.337995337995338,0.7217391304347827,0.337995337995338,0.1362248062015504,108.98837209302326,1.1472868217054264,99.79759349593495,0.4025496768015322,,0.49381134785731384,,114.1397967479674,106.0,0.4025496768015322,0.49381134785731384,109.5,,,0.4641127692524075,-0.4446152396006289,-0.1279172457482323,-1.3476532378292267,1.1763539004879071,-0.734265734265738,0.36994258351635834,-1.254688424334193,-0.3409412387602042,-0.32973566267265053,16.0,12.0,26.0,0.0,0.0,0.0,0.0,0.0,0.0,0.0,0.0,0.0,0.0,0.0,0.0,0.0,0.0,0.0,0.0,0.0,0.0,0.0,0.0,0.0,0.0,0.0,0.0,0.0,0.0,0.0,0.0,,0.1124204852950303,-0.4641626772062602,3.5540730622941825,1.3962469147608494,1.6011983599370532,1.269843310776022,0.0,0.0,,0.0,
69728,1,Jalen Smith,1630188,0022200004,2022-10-19,2022-23,IND,81,2.0,10.0,1,1,1.0,1.0,9.0,,1.0,1.0,0.0,,0.9230769230769231,0.19966666666666666,108.65641025641028,,,0.7413793103448276,0.3707865168539326,0.19966666666666666,108.65641025641028,0.7413793103448276,0.3707865168539326,0.7413793103448276,0.3707865168539326,0.19966666666666666,108.65641025641028,0.9230769230769231,99.79759349593495,0.4025496768015322,,0.49381134785731384,,114.1397967479674,104.5,0.4025496768015322,0.49381134785731384,102.9,,,1.803530557043108,4.955735862999859,-0.3956332328968203,0.42510121457489847,0.5742854110581767,0.09129181348098807,2.843389180202942,9.694800475974025,0.8635050702923872,1.7780685151531155,17.0,6.0,36.0,0.0,0.0,0.0,0.0,0.0,0.0,0.0,0.0,0.0,0.0,0.0,0.0,0.0,0.0,0.0,0.0,0.0,0.0,0.0,0.0,0.0,0.0,0.0,0.0,0.0,0.0,0.0,0.0,,1.5353711781619714,27.566090777610878,0.23210778533156962,2.700726911051102,1.5406120375156485,-0.7351978563373132,0.0,0.0,,-0.0,
69729,1,Isaiah Stewart,1630191,0022200003,2022-10-19,2022-23,DET,80,2.0,10.0,1,1,1.0,1.0,9.0,,1.0,1.0,0.0,,0.25547445255474455,0.14433576642335771,103.45620437956202,,,0.7076923076923077,0.32407407407407407,0.14433576642335771,103.45620437956202,0.7076923076923077,0.32407407407407407,0.7076923076923077,0.32407407407407407,0.14433576642335771,103.45620437956202,0.25547445255474455,99.79759349593495,0.4025496768015322,,0.49381134785731384,,114.1397967479674,101.5,0.4025496768015322,0.49381134785731384,111.9,,,0.8113384071742209,-0.3336124062339106,0.8083328816223903,-0.38751567972041173,0.1489608979310544,-2.3076923076923084,2.4047631387103303,4.349112426035515,0.3682978959189641,-1.6337313308649186,21.0,11.0,27.0,0.0,0.0,0.0,0.0,0.0,0.0,0.0,0.0,0.0,0.0,0.0,0.0,0.0,0.0,0.0,0.0,0.0,0.0,0.0,0.0,0.0,0.0,0.0,0.0,0.0,0.0,0.0,0.0,,-0.6016998116544385,10.458585248237265,0.012848182644078656,2.361665951482507,1.3191135604135082,0.824414167986588,0.0,0.0,,0.0,
69730,0,Immanuel Quickley,1630193,0022200009,2022-10-19,2022-23,NYK,74,2.0,10.0,1,1,1.0,1.0,9.0,,0.0,1.0,0.0,,1.9098360655737705,0.230860655737705,109.55737704918039,,,0.8888888888888888,0.3655737704918033,0.230860655737705,109.55737704918039,0.8888888888888888,0.3655737704918033,0.8888888888888888,0.3655737704918033,0.230860655737705,109.55737704918039,1.9098360655737705,99.79759349593495,0.4025496768015322,,0.49381134785731384,,114.1397967479674,96.45,0.4025496768015322,0.49381134785731384,105.7,,,1.2801016196577126,1.3493573015763674,0.6432320982913993,-0.775299651039297,0.5742854110581767,0.09129181348098807,1.0846268206190368,0.3975121687398604,0.25476683726308846,0.5908201287214365,14.0,12.0,25.0,0.0,0.0,0.0,0.0,0.0,0.0,0.0,0.0,0.0,0.0,0.0,0.0,0.0,0.0,0.0,0.0,0.0,0.0,0.0,0.0,0.0,0.0,0.0,0.0,0.0,0.0,0.0,0.0,,0.1505213755857312,0.43115235973769284,0.6615373714504746,4.674141961493399,1.8617134334894812,-0.7614889595473099,0.0,0.0,,-0.0,
69731,2,Aleksej Pokusevski,1630197,0022200010,2022-10-19,2022-23,OKC,84,2.0,10.0,1,1,1.0,1.0,9.0,,0.0,1.0,0.0,,1.1287128712871286,0.19386138613861384,99.3693069306931,,,0.717391304347826,0.29649595687331537,0.19386138613861384,99.3693069306931,0.717391304347826,0.29649595687331537,0.717391304347826,0.29649595687331537,0.19386138613861384,99.3693069306931,1.1287128712871286,99.79759349593495,0.4025496768015322,,0.49381134785731384,,114.1397967479674,106.0,0.4025496768015322,0.49381134785731384,100.9,,,0.14160682609359493,-0.8976914861571325,0.316370788085927,-0.7223459624546101,0.5547871557170474,-1.1317408365748753,0.226627719100072,-0.9699990853379669,0.15667372720697356,-0.445540252168298,37.0,11.0,34.0,0.0,0.0,0.0,0.0,0.0,0.0,0.0,0.0,0.0,0.0,0.0,0.0,0.0,0.0,0.0,0.0,0.0,0.0,0.0,0.0,0.0,0.0,0.0,0.0,0.0,0.0,0.0,0.0,,-0.06980445192794213,-0.21982868023929952,1.0611464399106796,6.126212414042369,1.1663367324571037,-0.6415716903718726,0.0,0.0,,-0.0,
69732,0,Isaiah Joe,1630198,0022200010,2022-10-19,2022-23,OKC,75,2.0,10.0,1,1,1.0,1.0,9.0,,0.0,1.0,0.0,,1.2307692307692308,0.1573269230769231,106.02500000000003,,,0.9166666666666666,0.368,0.1573269230769231,106.02500000000003,0.9166666666666666,0.368,0.9166666666666666,0.368,0.1573269230769231,106.02500000000003,1.2307692307692308,99.79759349593495,0.4025496768015322,,0.49381134785731384,,114.1397967479674,106.0,0.4025496768015322,0.49381134785731384,100.9,,,1.1763539004879047,-0.7342657342650253,3.872983346207332,14.999999999999217,0.8022883956640813,-0.12667970212588933,1.6840317574463952,3.3291224011445606,-0.22031613918056916,-0.6282051282051293,37.0,11.0,34.0,0.0,0.0,0.0,0.0,0.0,0.0,0.0,0.0,0.0,0.0,0.0,0.0,0.0,0.0,0.0,0.0,0.0,0.0,0.0,0.0,0.0,0.0,0.0,0.0,0.0,0.0,0.0,0.0,,0.13840372845958857,5.6063478479536375,0.35516269273292705,2.1255539395904495,0.9984330870400814,-0.6415716903718726,0.0,0.0,,-0.0,
69733,1,Tre Jones,1630200,0022200011,2022-10-19,2022-23,SAS,73,2.0,9.0,1,1,1.0,1.0,9.0,,1.0,1.0,0.0,,1.160758829626703,0.17510873168857752,104.98332977846293,,,0.7628441746898816,0.3408768921710339,0.17510873168857752,104.98332977846293,0.7628441746898816,0.3408768921710339,0.7628441746898816,0.3408768921710339,0.17510873168857752,104.98332977846293,1.160758829626703,99.79759349593495,0.4025496768015322,,0.49381134785731384,,114.1397967479674,106.0,0.4025496768015322,0.49381134785731384,97.1,,,0.989685394281497,0.9269598647004746,0.9514645400849372,1.9215677842766645,0.8063410128317199,-0.4369821996178621,0.9752342555406452,1.5920640051823303,0.2881925612911501,-0.05797788985851146,17.0,6.0,28.0,0.0,0.0,0.0,0.0,0.0,0.0,0.0,0.0,0.0,0.0,0.0,0.0,0.0,0.0,0.0,0.0,0.0,0.0,0.0,0.0,0.0,0.0,0.0,0.0,0.0,0.0,0.0,0.0,,0.12543570979376809,4.828209802825604,0.9795531969249411,3.075387246942393,1.3744480289934797,0.0,0.0,0.0,,0.0,
69734,0,Nick Richards,1630208,0022200011,2022-10-19,2022-23,CHA,84,2.0,10.0,1,1,1.0,1.0,9.0,,0.0,1.0,0.0,,0.0,0.1506590909090909,98.89318181818184,,,0.7,0.3383204880674131,0.1506590909090909,98.89318181818184,0.7,0.3383204880674131,0.7,0.3383204880674131,0.1506590909090909,98.89318181818184,0.0,99.79759349593495,0.4025496768015322,,0.49381134785731384,,114.1397967479674,106.0,0.4025496768015322,0.49381134785731384,120.6,,,0.6675392641918155,-1.189141703361346,1.5656239814139348,0.5013774104685672,3.6055512754639927,12.999999999999982,0.0,-3.0,0.0,-3.0,18.0,6.0,23.0,0.0,0.0,0.0,0.0,0.0,0.0,0.0,0.0,0.0,0.0,0.0,0.0,0.0,0.0,0.0,0.0,0.0,0.0,0.0,0.0,0.0,0.0,0.0,0.0,0.0,0.0,0.0,0.0,,-0.0,-0.0,0.0,0.0,0.0,0.0,0.0,0.0,,0.0,
69735,0,Xavier Tillman,1630214,0022200009,2022-10-19,2022-23,MEM,79,2.0,10.0,1,1,1.0,1.0,9.0,,1.0,1.0,0.0,,0.29896907216494845,0.14916494845360823,108.19999999999997,,,0.631578947368421,0.28421052631578947,0.14916494845360823,108.19999999999997,0.631578947368421,0.28421052631578947,0.631578947368421,0.28421052631578947,0.14916494845360823,108.19999999999997,0.29896907216494845,99.79759349593495,0.4025496768015322,,0.49381134785731384,,114.1397967479674,96.45,0.4025496768015322,0.49381134785731384,107.5,,,0.6017825876327106,-0.7885573005536788,1.3919406862390855,1.5265328719723177,1.6720819322526292,0.8974358974359018,2.4047631387103303,4.349112426035515,0.8407206199057488,-0.4698487108459007,26.0,16.0,34.0,0.0,0.0,0.0,0.0,0.0,0.0,0.0,0.0,0.0,0.0,0.0,0.0,0.0,0.0,0.0,0.0,0.0,0.0,0.0,0.0,0.0,0.0,0.0,0.0,0.0,0.0,0.0,0.0,,-0.39501149944428254,10.458585248237265,0.024164784892460545,0.3209428410768942,0.031486873339102855,-0.7351978563373132,0.0,0.0,,-0.0,
69736,3,Desmond Bane,1630217,0022200009,2022-10-19,2022-23,MEM,77,2.0,10.0,1,1,1.0,1.0,9.0,,1.0,1.0,0.0,,2.3986013986013988,0.19286713286713292,112.65244755244755,,,0.8823529411764706,0.43896103896103894,0.19286713286713292,112.65244755244755,0.8823529411764706,0.43896103896103894,0.8823529411764706,0.43896103896103894,0.19286713286713292,112.65244755244755,2.3986013986013988,99.79759349593495,0.4025496768015322,,0.49381134785731384,,114.1397967479674,96.45,0.4025496768015322,0.49381134785731384,107.5,,,0.45999802809968293,-1.0089885606991775,0.17368521838179837,-1.29232394284454,-0.10343090815181534,-1.10953945999917,0.8191495084291777,0.9692307692307688,-0.04828131892709782,-0.8910005535431611,26.0,16.0,34.0,0.0,0.0,0.0,0.0,0.0,0.0,0.0,0.0,0.0,0.0,0.0,0.0,0.0,0.0,0.0,0.0,0.0,0.0,0.0,0.0,0.0,0.0,0.0,0.0,0.0,0.0,0.0,0.0,,0.04301868188983806,0.793944908169818,0.5802502679129099,6.79031738154118,4.396200489380648,-0.7351978563373132,0.0,0.0,,-0.0,
69737,1,Jalen Green,1630224,0022200005,2022-10-19,2022-23,HOU,76,1.0,10.0,1,1,1.0,1.0,9.0,,0.0,1.0,0.0,,2.3230769230769233,0.23469230769230767,105.08461538461538,,,0.7966101694915254,0.33642691415313225,0.23469230769230767,105.08461538461538,0.7966101694915254,0.33642691415313225,0.7966101694915254,0.33642691415313225,0.23469230769230767,105.08461538461538,2.3230769230769233,99.79759349593495,0.4025496768015322,,0.49381134785731384,,114.1397967479674,106.0,0.4025496768015322,0.49381134785731384,100.9,,,0.3758613689438291,-0.3264103066818463,0.8360753223270363,0.9822597062672696,0.09908100100321429,-1.0348527212432554,1.1490416527076341,0.38383306781975296,0.5860311180655549,-0.45705275089980546,13.0,5.0,30.0,0.0,0.0,0.0,0.0,0.0,0.0,0.0,0.0,0.0,0.0,0.0,0.0,0.0,0.0,0.0,0.0,0.0,0.0,0.0,0.0,0.0,0.0,0.0,0.0,0.0,0.0,0.0,0.0,,-0.2678471346247505,0.44104018261145034,1.3598868521332863,11.762600258828737,5.662581479349948,-0.7351978563373132,0.0,0.0,,-0.0,
69738,0,Naji Marshall,1630230,0022200006,2022-10-19,2022-23,NOP,78,2.0,10.0,1,1,1.0,1.0,9.0,,0.0,1.0,0.0,,0.6756756756756757,0.1929324324324324,105.50675675675673,,,0.7592592592592593,0.28484848484848485,0.1929324324324324,105.50675675675673,0.7592592592592593,0.28484848484848485,0.7592592592592593,0.28484848484848485,0.1929324324324324,105.50675675675673,0.6756756756756757,99.79759349593495,0.4025496768015322,,0.49381134785731384,,114.1397967479674,102.0,0.4025496768015322,0.49381134785731384,127.5,,,1.1696175419755883,0.06348900553919488,0.6685788168934989,-0.32130421019309896,2.046206500605184,3.646296884933249,1.3173534105789226,1.8210314373312588,0.6555808029033529,-1.0484643385485457,14.0,5.0,21.0,0.0,0.0,0.0,0.0,0.0,0.0,0.0,0.0,0.0,0.0,0.0,0.0,0.0,0.0,0.0,0.0,0.0,0.0,0.0,0.0,0.0,0.0,0.0,0.0,0.0,0.0,0.0,0.0,,-0.6873530928811884,2.3989419747397713,0.506417580798201,0.3239777327088849,0.10071042099076101,0.3751551779993052,0.0,0.0,,0.0,
69739,0,KJ Martin,1630231,0022200005,2022-10-19,2022-23,HOU,78,2.0,10.0,1,1,1.0,1.0,9.0,,0.0,1.0,0.0,,0.7899159663865546,0.15573949579831933,107.88823529411764,,,0.6666666666666666,0.3548387096774194,0.15573949579831933,107.88823529411764,0.6666666666666666,0.3548387096774194,0.6666666666666666,0.3548387096774194,0.15573949579831933,107.88823529411764,0.7899159663865546,99.79759349593495,0.4025496768015322,,0.49381134785731384,,114.1397967479674,106.0,0.4025496768015322,0.49381134785731384,100.9,,,0.9325503393985363,0.21741866105340335,0.4550830602384218,-2.0940170940172496,3.8729833462074166,14.999999999999995,0.8022883956640813,-0.12667970212588933,0.2867251377932098,-0.5195325958245172,13.0,5.0,30.0,0.0,0.0,0.0,0.0,0.0,0.0,0.0,0.0,0.0,0.0,0.0,0.0,0.0,0.0,0.0,0.0,0.0,0.0,0.0,0.0,0.0,0.0,0.0,0.0,0.0,0.0,0.0,0.0,,-0.14896305512584865,-0.10163365498178346,0.14873124335617613,2.505457339224813,1.2250572142063774,-0.7351978563373132,0.0,0.0,,-0.0,
69740,3,Ayo Dosunmu,1630245,0022200007,2022-10-19,2022-23,CHI,77,1.0,10.0,1,1,1.0,1.0,9.0,,0.0,1.0,0.0,,0.9253731343283582,0.14235820895522386,107.06567164179108,,,0.6805555555555556,0.36904761904761907,0.14235820895522386,107.06567164179108,0.6805555555555556,0.36904761904761907,0.6805555555555556,0.36904761904761907,0.14235820895522386,107.06567164179108,0.9253731343283582,99.79759349593495,0.4025496768015322,,0.49381134785731384,,114.1397967479674,105.0,0.4025496768015322,0.49381134785731384,110.5,,,-0.27480725021613506,0.768587830797833,0.1279172457482313,-1.3476532378292223,0.1423776724514579,-0.8488753702073156,1.3077075554345945,0.4393873297464979,1.9550649877053115,5.21255561047948,23.0,10.0,26.0,0.0,0.0,0.0,0.0,0.0,0.0,0.0,0.0,0.0,0.0,0.0,0.0,0.0,0.0,0.0,0.0,0.0,0.0,0.0,0.0,0.0,0.0,0.0,0.0,0.0,0.0,0.0,0.0,,10.190884970515317,0.5745901308717268,1.6120817949752189,0.6718215545233395,0.4297915874339815,1.269843310776022,0.0,0.0,,0.0,
69741,0,Anthony Gill,1630264,0022200004,2022-10-19,2022-23,WAS,80,2.0,10.0,1,1,1.0,1.0,9.0,,0.0,1.0,0.0,,0.38,0.13420000000000004,109.68,,,0.796875,0.425,0.13420000000000004,109.68,0.796875,0.425,0.796875,0.425,0.13420000000000004,109.68,0.38,99.79759349593495,0.4025496768015322,,0.49381134785731384,,114.1397967479674,104.5,0.4025496768015322,0.49381134785731384,108.6,,,0.821483539140087,-0.5439749053030355,0.8816166914859297,-0.06958402935619035,3.8729833462074166,14.999999999999995,0.628044799734325,-0.6541640178003809,0.7882269819968956,-1.6153846153850242,13.0,9.0,22.0,0.0,0.0,0.0,0.0,0.0,0.0,0.0,0.0,0.0,0.0,0.0,0.0,0.0,0.0,0.0,0.0,0.0,0.0,0.0,0.0,0.0,0.0,0.0,0.0,0.0,0.0,0.0,0.0,,-1.2732897401491536,-0.4108443095528417,0.3678428481760044,0.5490801619859642,0.28068501342770524,-0.005339380832623263,0.0,0.0,,-0.0,
69742,2,Jeremiah Robinson-Earl,1630526,0022200010,2022-10-19,2022-23,OKC,80,1.0,10.0,1,1,1.0,1.0,9.0,,0.0,1.0,0.0,,1.2083333333333333,0.15747916666666664,99.69583333333338,,,0.7407407407407407,0.35064935064935066,0.15747916666666664,99.69583333333338,0.7407407407407407,0.35064935064935066,0.7407407407407407,0.35064935064935066,0.15747916666666664,99.69583333333338,1.2083333333333333,99.79759349593495,0.4025496768015322,,0.49381134785731384,,114.1397967479674,106.0,0.4025496768015322,0.49381134785731384,100.9,,,0.6507102656920991,-0.26528627936269505,1.1296331863021518,0.32252005391907873,0.226627719100072,-0.9699990853379669,0.3026974580194817,-0.9611591564254284,0.11560753349200059,0.5313459881112845,37.0,11.0,34.0,0.0,0.0,0.0,0.0,0.0,0.0,0.0,0.0,0.0,0.0,0.0,0.0,0.0,0.0,0.0,0.0,0.0,0.0,0.0,0.0,0.0,0.0,0.0,0.0,0.0,0.0,0.0,0.0,,0.061427599116415474,-0.29094043340212655,1.7015946679030622,2.8506862298188116,2.073835341502114,-0.13732763635137965,0.0,0.0,,-0.0,
69743,1,Herbert Jones,1630529,0022200006,2022-10-19,2022-23,NOP,79,1.0,10.0,1,1,1.0,1.0,9.0,,0.0,1.0,0.0,,0.72,0.13545333333333337,111.48133333333334,,,0.8333333333333334,0.33544303797468356,0.13545333333333337,111.48133333333334,0.8333333333333334,0.33544303797468356,0.8333333333333334,0.33544303797468356,0.13545333333333337,111.48133333333334,0.72,99.79759349593495,0.4025496768015322,,0.49381134785731384,,114.1397967479674,102.0,0.4025496768015322,0.49381134785731384,127.5,,,0.3513784378080763,-1.1879668626827715,0.8900124928889428,0.6696353317974936,0.4550830602384314,-2.0940170940170977,0.09781472916776689,-1.2932026422331135,0.47080494884671054,-0.5195325958245153,14.0,5.0,21.0,0.0,0.0,0.0,0.0,0.0,0.0,0.0,0.0,0.0,0.0,0.0,0.0,0.0,0.0,0.0,0.0,0.0,0.0,0.0,0.0,0.0,0.0,0.0,0.0,0.0,0.0,0.0,0.0,,-0.24459851720135967,-0.12649426620907253,2.3868019110931944,1.882760821406956,0.8187750990003535,0.3751551779993052,0.0,0.0,,0.0,
69744,4,Trey Murphy III,1630530,0022200006,2022-10-19,2022-23,NOP,80,1.0,10.0,1,1,1.0,1.0,9.0,,0.0,1.0,0.0,,1.2745098039215685,0.14025490196078433,109.93725490196078,,,0.8775510204081632,0.3776223776223776,0.14025490196078433,109.93725490196078,0.8775510204081632,0.3776223776223776,0.8775510204081632,0.3776223776223776,0.14025490196078433,109.93725490196078,1.2745098039215685,99.79759349593495,0.4025496768015322,,0.49381134785731384,,114.1397967479674,102.0,0.4025496768015322,0.49381134785731384,127.5,,,0.40392214861558656,-0.9522683228297196,1.0742510779389238,-0.10564346473978138,1.1763539004879071,-0.734265734265738,0.2819616996552101,-0.9168956043956044,0.21880110140202677,-1.4047776578333395,14.0,5.0,21.0,0.0,0.0,0.0,0.0,0.0,0.0,0.0,0.0,0.0,0.0,0.0,0.0,0.0,0.0,0.0,0.0,0.0,0.0,0.0,0.0,0.0,0.0,0.0,0.0,0.0,0.0,0.0,0.0,,-0.30736689875889417,-0.2585294430217758,1.6081347860933286,3.6017851159972234,1.8971170063697786,-0.29459790884494386,0.0,0.0,,-0.0,
69745,2,Franz Wagner,1630532,0022200003,2022-10-19,2022-23,ORL,82,1.0,10.0,1,1,1.0,1.0,9.0,,0.0,1.0,0.0,,1.2666666666666666,0.20992,105.82800000000002,,,0.8591549295774648,0.35094339622641507,0.20992,105.82800000000002,0.8591549295774648,0.35094339622641507,0.8591549295774648,0.35094339622641507,0.20992,105.82800000000002,1.2666666666666666,99.79759349593495,0.4025496768015322,,0.49381134785731384,,114.1397967479674,101.5,0.4025496768015322,0.49381134785731384,106.9,,,0.5013389702383644,-0.4569487445347558,1.553651770399591,3.429081663313697,1.0846268206190368,0.3975121687398604,1.2324930685568753,0.41161396604585304,0.040527859635235614,-1.6868849468872054,14.0,5.0,24.0,0.0,0.0,0.0,0.0,0.0,0.0,0.0,0.0,0.0,0.0,0.0,0.0,0.0,0.0,0.0,0.0,0.0,0.0,0.0,0.0,0.0,0.0,0.0,0.0,0.0,0.0,0.0,0.0,,-0.06836583634823654,0.5073113600727189,0.5137124185252204,1.8271198670318214,1.3273585211742713,-0.51461064452263,0.0,0.0,,-0.0,
69746,0,Ochai Agbaji,1630534,0022200012,2022-10-19,2022-23,UTA,77,0.0,9.0,1,1,1.0,1.0,9.0,,1.0,1.0,0.0,,1.062616833709898,0.16700331631545196,106.90752229398981,,,0.7789718527814121,0.35386887668883127,0.16700331631545196,106.90752229398981,0.7789718527814121,0.35386887668883127,0.7789718527814121,0.35386887668883127,0.16700331631545196,106.90752229398981,1.062616833709898,99.79759349593495,0.4025496768015322,,0.49381134785731384,,114.1397967479674,102.5,0.4025496768015322,0.49381134785731384,119.4,,,0.5480061512884491,-0.29815110266715394,0.8463132960247474,0.16281052435133309,1.4418137074355704,3.1513110054001947,0.7910447521687659,-0.09958170244855953,0.5685967190933665,-0.16752532251245933,16.0,9.0,29.0,0.0,0.0,0.0,0.0,0.0,0.0,0.0,0.0,0.0,0.0,0.0,0.0,0.0,0.0,0.0,0.0,0.0,0.0,0.0,0.0,0.0,0.0,0.0,0.0,0.0,0.0,0.0,0.0,,0.8060586993935834,0.3037157267920257,1.1339115670059663,2.8861432312807285,1.5351012981616985,0.0,0.0,0.0,,0.0,
69747,1,Chris Duarte,1630537,0022200004,2022-10-19,2022-23,IND,77,1.0,10.0,1,1,1.0,1.0,9.0,,1.0,1.0,0.0,,1.7222222222222223,0.21229629629629626,106.85185185185183,,,0.8035714285714286,0.37446808510638296,0.21229629629629626,106.85185185185183,0.8035714285714286,0.37446808510638296,0.8035714285714286,0.37446808510638296,0.21229629629629626,106.85185185185183,1.7222222222222223,99.79759349593495,0.4025496768015322,,0.49381134785731384,,114.1397967479674,104.5,0.4025496768015322,0.49381134785731384,102.9,,,0.6096167359727369,-0.3727155809621453,0.5731658368017567,0.06391567616057468,0.09257093197120181,-1.2034297097160684,0.38304230896556885,-1.1172161172161172,0.3911547246483404,-0.5639170933895121,17.0,6.0,36.0,0.0,0.0,0.0,0.0,0.0,0.0,0.0,0.0,0.0,0.0,0.0,0.0,0.0,0.0,0.0,0.0,0.0,0.0,0.0,0.0,0.0,0.0,0.0,0.0,0.0,0.0,0.0,0.0,,-0.22057883538926706,-0.42794104115200915,1.181664834481646,3.9383542190988488,2.4830593239660756,-0.51461064452263,0.0,0.0,,-0.0,
69748,1,Bones Hyland,1630538,0022200012,2022-10-19,2022-23,DEN,74,1.0,10.0,1,1,1.0,1.0,9.0,,0.0,1.0,0.0,,1.84375,0.23515624999999993,110.63906250000002,,,0.8512396694214877,0.35646687697160884,0.23515624999999993,110.63906250000002,0.8512396694214877,0.35646687697160884,0.8512396694214877,0.35646687697160884,0.23515624999999993,110.63906250000002,1.84375,99.79759349593495,0.4025496768015322,,0.49381134785731384,,114.1397967479674,102.5,0.4025496768015322,0.49381134785731384,100.0,,,0.28112838913237087,-0.9595233702038385,0.718601899427367,-0.11343779229536739,1.0441029313106924,0.4958776915072448,-0.11771567811868777,-1.1735700197238657,0.8603613008730966,1.2319889194385307,11.0,6.0,16.0,0.0,0.0,0.0,0.0,0.0,0.0,0.0,0.0,0.0,0.0,0.0,0.0,0.0,0.0,0.0,0.0,0.0,0.0,0.0,0.0,0.0,0.0,0.0,0.0,0.0,0.0,0.0,0.0,,1.0599555893893748,0.13814759069155663,0.43170905498693324,4.543056287147698,2.0029926459688316,-0.7351978563373132,0.0,0.0,,-0.0,
69749,0,Isaiah Jackson,1630543,0022200004,2022-10-19,2022-23,IND,81,1.0,10.0,1,1,1.0,1.0,9.0,,1.0,1.0,0.0,,0.15625,0.21221875,108.790625,,,0.686046511627907,0.3333333333333333,0.21221875,108.790625,0.686046511627907,0.3333333333333333,0.686046511627907,0.3333333333333333,0.21221875,108.790625,0.15625,99.79759349593495,0.4025496768015322,,0.49381134785731384,,114.1397967479674,104.5,0.4025496768015322,0.49381134785731384,102.9,,,0.2329956748071178,-1.0441385105998207,1.090997687231827,1.5757511186874062,1.0742510779389236,-0.1056434647397792,3.8729833462074166,14.999999999999995,1.0846268206190386,0.39751216873977147,17.0,6.0,36.0,0.0,0.0,0.0,0.0,0.0,0.0,0.0,0.0,0.0,0.0,0.0,0.0,0.0,0.0,0.0,0.0,0.0,0.0,0.0,0.0,0.0,0.0,0.0,0.0,0.0,0.0,0.0,0.0,,0.4311523597375971,58.09475019311123,0.0031152488979098183,0.7154753047426629,0.17320207561657733,0.824414167986588,0.0,0.0,,0.0,
69750,2,Tre Mann,1630544,0022200010,2022-10-19,2022-23,OKC,75,1.0,10.0,1,1,1.0,1.0,9.0,,0.0,1.0,0.0,,1.5660377358490567,0.2081132075471699,100.53396226415096,,,0.8169014084507042,0.3445378151260504,0.2081132075471699,100.53396226415096,0.8169014084507042,0.3445378151260504,0.8169014084507042,0.3445378151260504,0.2081132075471699,100.53396226415096,1.5660377358490567,99.79759349593495,0.4025496768015322,,0.49381134785731384,,114.1397967479674,106.0,0.4025496768015322,0.49381134785731384,100.9,,,0.30718106566094155,-1.130769230769231,0.663497102186473,1.809290432559128,0.5318418202692894,-0.6091068022886201,0.6783977720678439,-0.9772079772079773,0.12229457181009842,-0.6940377961139225,37.0,11.0,34.0,0.0,0.0,0.0,0.0,0.0,0.0,0.0,0.0,0.0,0.0,0.0,0.0,0.0,0.0,0.0,0.0,0.0,0.0,0.0,0.0,0.0,0.0,0.0,0.0,0.0,0.0,0.0,0.0,,-0.08487705509577655,-0.6629357145848161,0.8661879606827672,5.437023171265726,2.611437139980864,-0.7614889595473099,0.0,0.0,,-0.0,
69751,0,James Bouknight,1630547,0022200011,2022-10-19,2022-23,CHA,76,1.0,10.0,1,1,1.0,1.0,9.0,,0.0,1.0,0.0,,0.7727272727272727,0.23745454545454542,95.36363636363639,,,0.8620689655172413,0.35555555555555557,0.23745454545454542,95.36363636363639,0.8620689655172413,0.35555555555555557,0.8620689655172413,0.35555555555555557,0.23745454545454542,95.36363636363639,0.7727272727272727,99.79759349593495,0.4025496768015322,,0.49381134785731384,,114.1397967479674,106.0,0.4025496768015322,0.49381134785731384,120.6,,,0.434369220446059,-1.2276153873086741,1.7679860095076665,2.7743447688046046,1.4073873102947176,1.2637362637362621,0.7882269819968927,-1.615384615384615,0.49348343917146587,-1.2213202022890595,18.0,6.0,23.0,0.0,0.0,0.0,0.0,0.0,0.0,0.0,0.0,0.0,0.0,0.0,0.0,0.0,0.0,0.0,0.0,0.0,0.0,0.0,0.0,0.0,0.0,0.0,0.0,0.0,0.0,0.0,0.0,,-0.6027012937551954,-1.2732897401488263,0.29565132333839345,1.211728298747838,0.5125000807263579,-0.51461064452263,0.0,0.0,,-0.0,
69752,0,Day'Ron Sharpe,1630549,0022200006,2022-10-19,2022-23,BKN,81,1.0,10.0,1,1,1.0,1.0,9.0,,1.0,1.0,0.0,,0.07407407407407407,0.22411111111111112,112.63703703703703,,,0.5853658536585366,0.4,0.22411111111111112,112.63703703703703,0.5853658536585366,0.4,0.5853658536585366,0.4,0.22411111111111112,112.63703703703703,0.07407407407407407,99.79759349593495,0.4025496768015322,,0.49381134785731384,,114.1397967479674,102.0,0.4025496768015322,0.49381134785731384,105.9,,,-0.08365190579620616,-0.3384577767181637,1.4470487227588142,4.010989010989007,2.4047631387103303,4.349112426035515,3.8729833462074166,14.999999999999995,1.6720819322526927,0.8974358974366284,16.0,6.0,26.0,0.0,0.0,0.0,0.0,0.0,0.0,0.0,0.0,0.0,0.0,0.0,0.0,0.0,0.0,0.0,0.0,0.0,0.0,0.0,0.0,0.0,0.0,0.0,0.0,0.0,0.0,0.0,0.0,,1.500586349458767,58.09475019311123,0.0011460360236730156,0.17476971473220154,0.0011460360236730156,0.824414167986588,0.0,0.0,,0.0,
69753,0,Jalen Johnson,1630552,0022200005,2022-10-19,2022-23,ATL,80,1.0,10.0,1,1,1.0,1.0,9.0,,1.0,1.0,0.0,,0.25,0.21666666666666667,81.22500000000001,,,0.6,0.0,0.21666666666666667,81.22500000000001,0.6,0.0,0.6,0.0,0.21666666666666667,81.22500000000001,0.25,99.79759349593495,0.4025496768015322,,0.49381134785731384,,114.1397967479674,106.0,0.4025496768015322,0.49381134785731384,110.4,,,1.5717089970288687,1.3654212908425822,2.9999999999999827,8.999999999999007,1.03509833901353,-1.2244897959183771,0.8124038404635965,-1.6499999999999997,1.4978695808547542,1.7015625000000076,13.0,7.0,17.0,0.0,0.0,0.0,0.0,0.0,0.0,0.0,0.0,0.0,0.0,0.0,0.0,0.0,0.0,0.0,0.0,0.0,0.0,0.0,0.0,0.0,0.0,0.0,0.0,0.0,0.0,0.0,0.0,,2.5487187086731793,-1.3404663367649339,0.81225903727612,0.11516798199839301,0.17659416042796486,1.269843310776022,0.0,0.0,,0.0,
69754,1,Kessler Edwards,1630556,0022200006,2022-10-19,2022-23,BKN,79,1.0,10.0,1,1,1.0,1.0,9.0,,1.0,1.0,0.0,,1.170731707317073,0.14441463414634148,114.04390243902435,,,0.8421052631578947,0.36752136752136755,0.14441463414634148,114.04390243902435,0.8421052631578947,0.36752136752136755,0.8421052631578947,0.36752136752136755,0.14441463414634148,114.04390243902435,1.170731707317073,99.79759349593495,0.4025496768015322,,0.49381134785731384,,114.1397967479674,102.0,0.4025496768015322,0.49381134785731384,105.9,,,0.9671110966131875,0.5558512997959341,1.172432297842763,0.5931718403819588,0.38304230896556885,-1.1172161172161172,0.10343090815181513,-1.1095394599991681,0.0,-1.0769230769230675,16.0,6.0,26.0,0.0,0.0,0.0,0.0,0.0,0.0,0.0,0.0,0.0,0.0,0.0,0.0,0.0,0.0,0.0,0.0,0.0,0.0,0.0,0.0,0.0,0.0,0.0,0.0,0.0,0.0,0.0,0.0,,-0.0,-0.11476067397798852,1.331380178421446,0.3937032407184133,1.2368651130312873,1.269843310776022,0.0,0.0,,0.0,
69755,0,Davion Mitchell,1630558,0022200014,2022-10-19,2022-23,SAC,72,1.0,10.0,1,1,1.0,1.0,9.0,,1.0,1.0,0.0,,1.4,0.2051076923076923,103.25999999999998,,,0.6708860759493671,0.31954887218045114,0.2051076923076923,103.25999999999998,0.6708860759493671,0.31954887218045114,0.6708860759493671,0.31954887218045114,0.2051076923076923,103.25999999999998,1.4,99.79759349593495,0.4025496768015322,,0.49381134785731384,,114.1397967479674,101.0,0.4025496768015322,0.49381134785731384,106.9,,,0.5522750595728271,0.04412612006104574,0.5990454160325013,-0.8828376543115676,0.42221309354548503,-0.42454540200595786,0.628044799734325,-0.6541640178003809,0.09249088995039687,-0.4035806402670305,21.0,13.0,30.0,0.0,0.0,0.0,0.0,0.0,0.0,0.0,0.0,0.0,0.0,0.0,0.0,0.0,0.0,0.0,0.0,0.0,0.0,0.0,0.0,0.0,0.0,0.0,0.0,0.0,0.0,0.0,0.0,,-0.037327532585048624,-0.4108443095528417,0.8014871034672889,3.562966164430811,1.5763601957763342,-0.51461064452263,0.0,0.0,,-0.0,
69756,0,Cam Thomas,1630560,0022200006,2022-10-19,2022-23,BKN,75,1.0,10.0,1,1,1.0,1.0,9.0,,1.0,1.0,0.0,,0.8518518518518519,0.22129629629629624,105.91296296296302,,,0.8383838383838383,0.275,0.22129629629629624,105.91296296296302,0.8383838383838383,0.275,0.8383838383838383,0.275,0.22129629629629624,105.91296296296302,0.8518518518518519,99.79759349593495,0.4025496768015322,,0.49381134785731384,,114.1397967479674,102.0,0.4025496768015322,0.49381134785731384,105.9,,,1.2978294680873805,1.2544405754282313,0.26991047098919013,-0.9424696286700072,0.4394775810373181,-0.022738823945374156,0.7882269819968927,-1.615384615384615,2.1016483516483517,5.5164835164835155,16.0,6.0,26.0,0.0,0.0,0.0,0.0,0.0,0.0,0.0,0.0,0.0,0.0,0.0,0.0,0.0,0.0,0.0,0.0,0.0,0.0,0.0,0.0,0.0,0.0,0.0,0.0,0.0,0.0,0.0,0.0,,11.593708489312883,-1.2732897401488263,0.07260721034982685,1.2429860289457055,0.20709979425520672,-0.7351978563373132,0.0,0.0,,-0.0,
69757,1,Scottie Barnes,1630567,0022200008,2022-10-19,2022-23,TOR,79,1.0,10.0,1,1,1.0,1.0,9.0,,1.0,1.0,0.0,,0.7567567567567568,0.1876891891891892,109.73783783783787,,,0.7348837209302326,0.3010752688172043,0.1876891891891892,109.73783783783787,0.7348837209302326,0.3010752688172043,0.7348837209302326,0.3010752688172043,0.1876891891891892,109.73783783783787,0.7567567567567568,99.79759349593495,0.4025496768015322,,0.49381134785731384,,114.1397967479674,99.0,0.4025496768015322,0.49381134785731384,109.1,,,0.8318256890444172,-0.0903899424675052,0.9966552608179325,0.6394509862581561,-0.2063239618186964,-0.740185640750006,2.8983056888440135,9.490438243660448,0.11815141882120385,-0.4427802820997562,13.0,12.0,18.0,0.0,0.0,0.0,0.0,0.0,0.0,0.0,0.0,0.0,0.0,0.0,0.0,0.0,0.0,0.0,0.0,0.0,0.0,0.0,0.0,0.0,0.0,0.0,0.0,0.0,0.0,0.0,0.0,,-0.05231511855613908,27.506191151223863,0.6192546419218883,1.1817300110649889,0.3955385674785906,-0.13732763635137965,0.0,0.0,,-0.0,
69758,1,Alperen Sengun,1630578,0022200005,2022-10-19,2022-23,HOU,83,1.0,10.0,1,1,1.0,1.0,9.0,,0.0,1.0,0.0,,0.4084507042253521,0.21645070422535206,105.4577464788732,,,0.7117903930131004,0.27358490566037735,0.21645070422535206,105.4577464788732,0.7117903930131004,0.27358490566037735,0.7117903930131004,0.27358490566037735,0.21645070422535206,105.4577464788732,0.4084507042253521,99.79759349593495,0.4025496768015322,,0.49381134785731384,,114.1397967479674,106.0,0.4025496768015322,0.49381134785731384,100.9,,,1.1097910861635982,0.9043683500109351,0.009340361800366863,-1.4654143083555142,1.1763539004879071,-0.734265734265738,1.7915509142233272,2.625,1.0683925039066682,0.840780191913889,13.0,5.0,30.0,0.0,0.0,0.0,0.0,0.0,0.0,0.0,0.0,0.0,0.0,0.0,0.0,0.0,0.0,0.0,0.0,0.0,0.0,0.0,0.0,0.0,0.0,0.0,0.0,0.0,0.0,0.0,0.0,,0.8982832544740088,4.702821149836234,0.24112639795287022,1.5148175477122885,0.7006884955869618,-0.7614889595473099,0.0,0.0,,-0.0,
69759,2,Josh Giddey,1630581,0022200010,2022-10-19,2022-23,OKC,80,1.0,10.0,1,1,1.0,1.0,9.0,,0.0,1.0,0.0,,1.0566037735849056,0.2183207547169811,100.49622641509433,,,0.7012987012987013,0.2631578947368421,0.2183207547169811,100.49622641509433,0.7012987012987013,0.2631578947368421,0.7012987012987013,0.2631578947368421,0.2183207547169811,100.49622641509433,1.0566037735849056,99.79759349593495,0.4025496768015322,,0.49381134785731384,,114.1397967479674,106.0,0.4025496768015322,0.49381134785731384,100.9,,,1.1912707645708283,1.2374026509663167,0.5577441642581084,-0.3287770830303921,1.5274146170043592,3.0025569997869184,2.011917047073769,4.866766747982737,0.25305399221359376,0.10595982586789887,37.0,11.0,34.0,0.0,0.0,0.0,0.0,0.0,0.0,0.0,0.0,0.0,0.0,0.0,0.0,0.0,0.0,0.0,0.0,0.0,0.0,0.0,0.0,0.0,0.0,0.0,0.0,0.0,0.0,0.0,0.0,,0.026813556950129033,9.791530984398237,0.37095217949417886,3.2591367346034534,0.5838064230804036,-0.7351978563373132,0.0,0.0,,-0.0,
69760,3,Santi Aldama,1630583,0022200009,2022-10-19,2022-23,MEM,84,1.0,10.0,1,1,1.0,1.0,9.0,,1.0,1.0,0.0,,0.20689655172413793,0.1793103448275862,102.68965517241381,,,0.6129032258064516,0.16129032258064516,0.1793103448275862,102.68965517241381,0.6129032258064516,0.16129032258064516,0.6129032258064516,0.16129032258064516,0.1793103448275862,102.68965517241381,0.20689655172413793,99.79759349593495,0.4025496768015322,,0.49381134785731384,,114.1397967479674,96.45,0.4025496768015322,0.49381134785731384,107.5,,,0.7610686820300472,0.3798375537505967,1.8817048172938986,2.7622785116520925,2.178716804014732,3.2231404958677765,1.1763539004879071,-0.734265734265738,1.356795544135688,2.213675213675219,26.0,16.0,34.0,0.0,0.0,0.0,0.0,0.0,0.0,0.0,0.0,0.0,0.0,0.0,0.0,0.0,0.0,0.0,0.0,0.0,0.0,0.0,0.0,0.0,0.0,0.0,0.0,0.0,0.0,0.0,0.0,,3.0035046660781544,-0.8637563604981181,0.5288938615086544,1.121098715574797,0.004702917346872559,-0.29459790884494386,0.0,0.0,,-0.0,
69761,4,Jalen Suggs,1630591,0022200003,2022-10-19,2022-23,ORL,77,1.0,10.0,1,1,1.0,1.0,9.0,,0.0,1.0,0.0,,0.8478260869565217,0.2453913043478261,99.41739130434784,,,0.7763975155279503,0.21081081081081082,0.2453913043478261,99.41739130434784,0.7763975155279503,0.21081081081081082,0.7763975155279503,0.21081081081081082,0.2453913043478261,99.41739130434784,0.8478260869565217,99.79759349593495,0.4025496768015322,,0.49381134785731384,,114.1397967479674,101.5,0.4025496768015322,0.49381134785731384,106.9,,,0.7403100989578166,0.10089516006675872,1.044461696856032,0.529597974042418,0.8139208205913823,0.7120152574698033,0.4550830602384314,-2.0940170940170977,0.6494934162232942,0.42275650233133744,14.0,5.0,24.0,0.0,0.0,0.0,0.0,0.0,0.0,0.0,0.0,0.0,0.0,0.0,0.0,0.0,0.0,0.0,0.0,0.0,0.0,0.0,0.0,0.0,0.0,0.0,0.0,0.0,0.0,0.0,0.0,,0.27457756492979135,-0.9529517073368879,0.26643721886900373,3.6709700572936157,0.5392269263141776,-0.7351978563373132,0.0,0.0,,-0.0,
69762,2,Cade Cunningham,1630595,0022200003,2022-10-19,2022-23,DET,78,1.0,10.0,1,1,1.0,1.0,9.0,,1.0,1.0,0.0,,1.8225806451612903,0.27059677419354833,106.26612903225806,,,0.8475609756097561,0.3171428571428571,0.27059677419354833,106.26612903225806,0.8475609756097561,0.3171428571428571,0.8475609756097561,0.3171428571428571,0.27059677419354833,106.26612903225806,1.8225806451612903,99.79759349593495,0.4025496768015322,,0.49381134785731384,,114.1397967479674,101.5,0.4025496768015322,0.49381134785731384,111.9,,,-0.29729588865584494,1.0868565934216605,0.4250416699730126,0.7401941400421864,0.12771929505284205,0.2344609937751975,1.9888529997290725,4.646942607436677,1.8214653365986246,2.7339528433603935,21.0,11.0,27.0,0.0,0.0,0.0,0.0,0.0,0.0,0.0,0.0,0.0,0.0,0.0,0.0,0.0,0.0,0.0,0.0,0.0,0.0,0.0,0.0,0.0,0.0,0.0,0.0,0.0,0.0,0.0,0.0,,4.979800336076206,9.242085744369273,0.5450558503513847,2.756201431383087,1.0177712609506648,-0.6415716903718726,0.0,0.0,,-0.0,
69763,1,Evan Mobley,1630596,0022200008,2022-10-19,2022-23,CLE,83,1.0,10.0,1,1,1.0,1.0,9.0,,0.0,1.0,0.0,,0.3333333333333333,0.20147826086956522,108.08550724637686,,,0.6626984126984127,0.25274725274725274,0.20147826086956522,108.08550724637686,0.6626984126984127,0.25274725274725274,0.6626984126984127,0.25274725274725274,0.20147826086956522,108.08550724637686,0.3333333333333333,99.79759349593495,0.4025496768015322,,0.49381134785731384,,114.1397967479674,99.0,0.4025496768015322,0.49381134785731384,106.1,,,0.5325488411308567,0.41473293527582344,1.6608181362857606,2.555302685480202,0.7176541918179273,-0.5493524916487433,1.6720819322526292,0.8974358974359018,0.6231481440776769,-0.17948717948719042,15.0,9.0,18.0,0.0,0.0,0.0,0.0,0.0,0.0,0.0,0.0,0.0,0.0,0.0,0.0,0.0,0.0,0.0,0.0,0.0,0.0,0.0,0.0,0.0,0.0,0.0,0.0,0.0,0.0,0.0,0.0,,-0.1118471027831796,1.5005863494574951,0.19352717867940622,0.6958373900034224,0.05534882839179273,-0.51461064452263,0.0,0.0,,-0.0,
69764,0,Dalano Banton,1630625,0022200008,2022-10-19,2022-23,TOR,80,1.0,10.0,1,1,1.0,1.0,9.0,,1.0,1.0,0.0,,0.20754716981132076,0.15828301886792456,106.93584905660376,,,0.6,0.24390243902439024,0.15828301886792456,106.93584905660376,0.6,0.24390243902439024,0.6,0.24390243902439024,0.15828301886792456,106.93584905660376,0.20754716981132076,99.79759349593495,0.4025496768015322,,0.49381134785731384,,114.1397967479674,99.0,0.4025496768015322,0.49381134785731384,109.1,,,1.1724322978427606,0.5931718403819516,0.3830423089655683,-1.1172161172161197,0.3245367068207753,-2.240530303030304,2.4047631387103303,4.349112426035515,1.1763539004879047,-0.7342657342650253,13.0,12.0,18.0,0.0,0.0,0.0,0.0,0.0,0.0,0.0,0.0,0.0,0.0,0.0,0.0,0.0,0.0,0.0,0.0,0.0,0.0,0.0,0.0,0.0,0.0,0.0,0.0,0.0,0.0,0.0,0.0,,-0.8637563604972778,10.458585248237265,0.07103957123420267,0.3636140053980737,0.02301874886878753,-0.6415716903718726,0.0,0.0,,-0.0,
69765,1,Jose Alvarado,1630631,0022200006,2022-10-19,2022-23,NOP,72,1.0,10.0,1,1,1.0,1.0,9.0,,0.0,1.0,0.0,,0.6590909090909091,0.16540909090909095,113.78636363636366,,,0.6444444444444445,0.32051282051282054,0.16540909090909095,113.78636363636366,0.6444444444444445,0.32051282051282054,0.6444444444444445,0.32051282051282054,0.16540909090909095,113.78636363636366,0.6590909090909091,99.79759349593495,0.4025496768015322,,0.49381134785731384,,114.1397967479674,102.0,0.4025496768015322,0.49381134785731384,127.5,,,1.0871368930253122,0.21857430870855046,0.6707734689972721,0.3832799145299157,1.9444717212071576,5.264423076923077,0.5547871557170474,-1.1317408365748753,0.527757070266506,-1.2221028080124388,14.0,5.0,21.0,0.0,0.0,0.0,0.0,0.0,0.0,0.0,0.0,0.0,0.0,0.0,0.0,0.0,0.0,0.0,0.0,0.0,0.0,0.0,0.0,0.0,0.0,0.0,0.0,0.0,0.0,0.0,0.0,,-0.6449733975211149,-0.6278752797322068,0.41517240590905563,1.4010426584468285,0.5065363540503814,-0.51461064452263,0.0,0.0,,-0.0,
69766,0,Eugene Omoruyi,1630647,0022200010,2022-10-19,2022-23,OKC,78,1.0,10.0,1,1,1.0,1.0,9.0,,0.0,1.0,0.0,,0.25,0.15849999999999997,97.975,,,0.5,0.5,0.15849999999999997,97.975,0.5,0.5,0.5,0.5,0.15849999999999997,97.975,0.25,99.79759349593495,0.4025496768015322,,0.49381134785731384,,114.1397967479674,106.0,0.4025496768015322,0.49381134785731384,100.9,,,0.7921209404566447,0.5383832722350106,0.8477313205831055,0.5220774114892165,0.9560515661309315,0.9080291837920007,1.6615217596973921,2.546185806410398,0.8438457029701291,0.4153876192538201,37.0,11.0,34.0,0.0,0.0,0.0,0.0,0.0,0.0,0.0,0.0,0.0,0.0,0.0,0.0,0.0,0.0,0.0,0.0,0.0,0.0,0.0,0.0,0.0,0.0,0.0,0.0,0.0,0.0,0.0,0.0,,0.8344541554611697,6.750801919995036,0.6480648775148705,1.7738276168311735,0.6364086465588309,0.0,0.0,0.0,,0.0,
69767,0,Dyson Daniels,1630700,0022200006,2022-10-19,2022-23,NOP,79,0.0,9.0,1,1,1.0,1.0,9.0,,0.0,1.0,0.0,,0.6435921304319748,0.20152669477309718,104.56776314914794,,,0.6730104075998686,0.2825721448017772,0.20152669477309718,104.56776314914794,0.6730104075998686,0.2825721448017772,0.6730104075998686,0.2825721448017772,0.20152669477309718,104.56776314914794,0.6435921304319748,99.79759349593495,0.4025496768015322,,0.49381134785731384,,114.1397967479674,102.0,0.4025496768015322,0.49381134785731384,127.5,,,0.7871578468831731,0.616979924072825,0.8291158280537522,0.507405714643099,1.101348507124635,1.1140560368597516,1.5069237685540644,1.6781542517541421,0.9345574884887446,0.5226586069230171,14.0,5.0,21.0,0.0,0.0,0.0,0.0,0.0,0.0,0.0,0.0,0.0,0.0,0.0,0.0,0.0,0.0,0.0,0.0,0.0,0.0,0.0,0.0,0.0,0.0,0.0,0.0,0.0,0.0,0.0,0.0,,0.9453003147133334,4.156378266091432,0.36447439350151467,1.8478398175519466,0.45194540012765216,0.0,0.0,0.0,,0.0,
69768,2,Jaden Ivey,1631093,0022200003,2022-10-19,2022-23,DET,76,0.0,9.0,1,1,1.0,1.0,9.0,,1.0,1.0,0.0,,0.6729848087078026,0.1996611935915653,104.45651523293228,,,0.6681629094232145,0.2836955496944522,0.1996611935915653,104.45651523293228,0.6681629094232145,0.2836955496944522,0.6681629094232145,0.2836955496944522,0.1996611935915653,104.45651523293228,0.6729848087078026,99.79759349593495,0.4025496768015322,,0.49381134785731384,,114.1397967479674,101.5,0.4025496768015322,0.49381134785731384,111.9,,,0.7410673841288268,0.5759244346530951,0.946226608947093,0.7892371465000438,1.0906334509298816,1.378102004163393,1.4662627477441696,1.5428905734333054,0.9154382005718985,0.47721266621003544,21.0,11.0,27.0,0.0,0.0,0.0,0.0,0.0,0.0,0.0,0.0,0.0,0.0,0.0,0.0,0.0,0.0,0.0,0.0,0.0,0.0,0.0,0.0,0.0,0.0,0.0,0.0,0.0,0.0,0.0,0.0,,0.9520170376046655,4.078314996985031,0.3798928929450952,1.8954144275290405,0.4208525131952384,0.0,0.0,0.0,,0.0,
69769,0,Paolo Banchero,1631094,0022200003,2022-10-19,2022-23,ORL,82,0.0,9.0,1,1,1.0,1.0,9.0,,0.0,1.0,0.0,,0.618182099439645,0.19699554200222022,105.0222707783377,,,0.6634292248695736,0.28662950040268226,0.19699554200222022,105.0222707783377,0.6634292248695736,0.28662950040268226,0.6634292248695736,0.28662950040268226,0.19699554200222022,105.0222707783377,0.618182099439645,99.79759349593495,0.4025496768015322,,0.49381134785731384,,114.1397967479674,101.5,0.4025496768015322,0.49381134785731384,106.9,,,0.6660334873884931,0.465678065267558,1.0109736830619236,0.9755728514217831,1.0178365899174688,1.1073595048928053,1.3753203645225698,0.9889112110084,1.0258355686316158,0.5390881396003916,14.0,5.0,24.0,0.0,0.0,0.0,0.0,0.0,0.0,0.0,0.0,0.0,0.0,0.0,0.0,0.0,0.0,0.0,0.0,0.0,0.0,0.0,0.0,0.0,0.0,0.0,0.0,0.0,0.0,0.0,0.0,,1.106217617713755,3.1261123324161635,0.3811701377237976,1.6681273763499718,0.39757338321164337,0.0,0.0,0.0,,0.0,
69770,3,Jabari Smith Jr.,1631095,0022200005,2022-10-19,2022-23,HOU,83,0.0,9.0,1,1,1.0,1.0,9.0,,0.0,1.0,0.0,,0.6867296907255628,0.1999430748646592,105.41104004599168,,,0.6718502247134271,0.30751936337302177,0.1999430748646592,105.41104004599168,0.6718502247134271,0.30751936337302177,0.6718502247134271,0.30751936337302177,0.1999430748646592,105.41104004599168,0.6867296907255628,99.79759349593495,0.4025496768015322,,0.49381134785731384,,114.1397967479674,106.0,0.4025496768015322,0.49381134785731384,100.9,,,0.6470264484601824,0.4828461675709502,0.8368274562155287,0.6182317193757212,0.7856605470980161,0.684203306697811,1.4151136573295022,1.3335466000632274,0.9596435735308015,0.20417072478542603,13.0,5.0,30.0,0.0,0.0,0.0,0.0,0.0,0.0,0.0,0.0,0.0,0.0,0.0,0.0,0.0,0.0,0.0,0.0,0.0,0.0,0.0,0.0,0.0,0.0,0.0,0.0,0.0,0.0,0.0,0.0,,0.726760208040875,3.92408607099902,0.35654951709298804,1.7775331085050066,0.46305179418910525,0.0,0.0,0.0,,0.0,
69771,3,Bennedict Mathurin,1631097,0022200004,2022-10-19,2022-23,IND,77,0.0,9.0,1,1,1.0,1.0,9.0,,1.0,1.0,0.0,,0.6545104114793711,0.19085342896802585,106.60976979432044,,,0.6509407665505227,0.3268610738854639,0.19085342896802585,106.60976979432044,0.6509407665505227,0.3268610738854639,0.6509407665505227,0.3268610738854639,0.19085342896802585,106.60976979432044,0.6545104114793711,99.79759349593495,0.4025496768015322,,0.49381134785731384,,114.1397967479674,104.5,0.4025496768015322,0.49381134785731384,102.9,,,0.6237055358357737,0.5783339194469981,0.7849188960554029,0.640390155709047,0.7785954787246746,0.677250319004813,1.65512130660227,2.190437523583309,1.0371811128576782,0.1495242803989482,17.0,6.0,36.0,0.0,0.0,0.0,0.0,0.0,0.0,0.0,0.0,0.0,0.0,0.0,0.0,0.0,0.0,0.0,0.0,0.0,0.0,0.0,0.0,0.0,0.0,0.0,0.0,0.0,0.0,0.0,0.0,,0.8398058688186459,5.143345515582997,0.374571976737785,1.3041738713078546,0.4478167677640908,0.0,0.0,0.0,,0.0,
69772,3,Shaedon Sharpe,1631101,0022200014,2022-10-19,2022-23,POR,77,0.0,9.0,1,1,1.0,1.0,9.0,,0.0,1.0,0.0,,0.36249285305889134,0.17091759266164522,106.69567998483605,,,0.6017857142857143,0.32929062807111564,0.17091759266164522,106.69567998483605,0.6017857142857143,0.32929062807111564,0.6017857142857143,0.32929062807111564,0.17091759266164522,106.69567998483605,0.36249285305889134,99.79759349593495,0.4025496768015322,,0.49381134785731384,,114.1397967479674,101.0,0.4025496768015322,0.49381134785731384,113.9,,,0.9307060106663133,0.408826361455444,0.9048779714161995,0.6071221609313339,0.9955542066152855,0.8248467607480182,1.543877408893336,1.3716024956321862,0.7757530382773629,-0.7119519072548669,9.0,9.0,19.0,0.0,0.0,0.0,0.0,0.0,0.0,0.0,0.0,0.0,0.0,0.0,0.0,0.0,0.0,0.0,0.0,0.0,0.0,0.0,0.0,0.0,0.0,0.0,0.0,0.0,0.0,0.0,0.0,,-0.5401922869338741,3.777098772654238,0.33195100833438507,0.8201646846161105,0.3053281444674472,0.0,0.0,0.0,,0.0,
69773,0,Jalen Duren,1631105,0022200003,2022-10-19,2022-23,DET,82,0.0,9.0,1,1,1.0,1.0,9.0,,1.0,1.0,0.0,,0.3722126929674107,0.1607307032590052,106.2324042309891,,,0.5814814814814815,0.3548050865124033,0.1607307032590052,106.2324042309891,0.5814814814814815,0.3548050865124033,0.5814814814814815,0.3548050865124033,0.1607307032590052,106.2324042309891,0.3722126929674107,99.79759349593495,0.4025496768015322,,0.49381134785731384,,114.1397967479674,101.5,0.4025496768015322,0.49381134785731384,111.9,,,1.1297845954340415,0.4058730745452543,0.5269078889814192,-0.3669681013431002,1.1345042140139645,1.511946386946399,1.4797751472136893,1.6086857947303284,0.8520554853772059,-0.9781842711387052,21.0,11.0,27.0,0.0,0.0,0.0,0.0,0.0,0.0,0.0,0.0,0.0,0.0,0.0,0.0,0.0,0.0,0.0,0.0,0.0,0.0,0.0,0.0,0.0,0.0,0.0,0.0,0.0,0.0,0.0,0.0,,-0.7543648790092213,4.915354984252609,0.3780922848860446,0.8823283319224544,0.38865458315933205,0.0,0.0,0.0,,0.0,
69774,0,Tari Eason,1631106,0022200005,2022-10-19,2022-23,HOU,80,0.0,9.0,1,1,1.0,1.0,9.0,,0.0,1.0,0.0,,0.45454545454545564,0.16195454545454555,105.88068181818178,,,0.5722222222222222,0.41025641025640985,0.16195454545454555,105.88068181818178,0.5722222222222222,0.41025641025640985,0.5722222222222222,0.41025641025640985,0.16195454545454555,105.88068181818178,0.45454545454545564,99.79759349593495,0.4025496768015322,,0.49381134785731384,,114.1397967479674,106.0,0.4025496768015322,0.49381134785731384,100.9,,,1.0871368930253122,0.21857430870855046,0.6707734689972721,0.3832799145299157,1.9444717212071576,5.264423076923077,0.5547871557170474,-1.1317408365748753,0.527757070266506,-1.2221028080124388,13.0,5.0,30.0,0.0,0.0,0.0,0.0,0.0,0.0,0.0,0.0,0.0,0.0,0.0,0.0,0.0,0.0,0.0,0.0,0.0,0.0,0.0,0.0,0.0,0.0,0.0,0.0,0.0,0.0,0.0,0.0,,-0.6449733975211149,-0.6278752797322068,0.5316186417119656,1.4010426584468285,0.5714725003046043,0.0,0.0,0.0,,0.0,
69775,0,Mark Williams,1631109,0022200011,2022-10-19,2022-23,CHA,84,0.0,9.0,1,1,1.0,1.0,9.0,,0.0,1.0,0.0,,0.25,0.15849999999999997,97.975,,,0.5,0.5,0.15849999999999997,97.975,0.5,0.5,0.5,0.5,0.15849999999999997,97.975,0.25,99.79759349593495,0.4025496768015322,,0.49381134785731384,,114.1397967479674,106.0,0.4025496768015322,0.49381134785731384,120.6,,,,,,,,,,,,,18.0,6.0,23.0,0.0,0.0,0.0,0.0,0.0,0.0,0.0,0.0,0.0,0.0,0.0,0.0,0.0,0.0,0.0,0.0,0.0,0.0,0.0,0.0,0.0,0.0,0.0,0.0,0.0,0.0,0.0,0.0,,,,0.6480648775148705,,0.6364086465588309,0.0,0.0,,,0.0,
69776,0,Jeremy Sochan,1631110,0022200011,2022-10-19,2022-23,SAS,80,0.0,9.0,1,1,1.0,1.0,9.0,,1.0,1.0,0.0,,,,,,,,,,,,,,,,,,99.79759349593495,0.4025496768015322,,0.49381134785731384,,114.1397967479674,106.0,0.4025496768015322,0.49381134785731384,97.1,,,,,,,,,,,,,17.0,6.0,28.0,0.0,0.0,0.0,0.0,0.0,0.0,0.0,0.0,0.0,0.0,0.0,0.0,0.0,0.0,0.0,0.0,0.0,0.0,0.0,0.0,0.0,0.0,0.0,0.0,0.0,0.0,0.0,0.0,,,,,,,0.0,,,,0.0,
69777,1,Jalen Williams,1631114,0022200010,2022-10-19,2022-23,OKC,77,0.0,9.0,1,1,1.0,1.0,9.0,,0.0,1.0,0.0,,,,,,,,,,,,,,,,,,99.79759349593495,0.4025496768015322,,0.49381134785731384,,114.1397967479674,106.0,0.4025496768015322,0.49381134785731384,100.9,,,,,,,,,,,,,37.0,11.0,34.0,0.0,0.0,0.0,0.0,0.0,0.0,0.0,0.0,0.0,0.0,0.0,0.0,0.0,0.0,0.0,0.0,0.0,0.0,0.0,0.0,0.0,0.0,0.0,0.0,0.0,0.0,0.0,0.0,,,,,,,0.0,,,,0.0,
69778,0,Walker Kessler,1631117,0022200012,2022-10-19,2022-23,UTA,84,0.0,9.0,1,1,1.0,1.0,9.0,,1.0,1.0,0.0,,,,,,,,,,,,,,,,,,99.79759349593495,0.4025496768015322,,0.49381134785731384,,114.1397967479674,102.5,0.4025496768015322,0.49381134785731384,119.4,,,,,,,,,,,,,16.0,9.0,29.0,0.0,0.0,0.0,0.0,0.0,0.0,0.0,0.0,0.0,0.0,0.0,0.0,0.0,0.0,0.0,0.0,0.0,0.0,0.0,0.0,0.0,0.0,0.0,0.0,0.0,0.0,0.0,0.0,,,,,,,0.0,,,,0.0,
69779,0,Bryce McGowens,1631121,0022200011,2022-10-19,2022-23,CHA,78,0.0,9.0,1,1,1.0,1.0,9.0,,0.0,1.0,0.0,,,,,,,,,,,,,,,,,,99.79759349593495,0.4025496768015322,,0.49381134785731384,,114.1397967479674,106.0,0.4025496768015322,0.49381134785731384,120.6,,,,,,,,,,,,,18.0,6.0,23.0,0.0,0.0,0.0,0.0,0.0,0.0,0.0,0.0,0.0,0.0,0.0,0.0,0.0,0.0,0.0,0.0,0.0,0.0,0.0,0.0,0.0,0.0,0.0,0.0,0.0,0.0,0.0,0.0,,,,,,,0.0,,,,0.0,
69780,0,Christian Braun,1631128,0022200012,2022-10-19,2022-23,DEN,78,0.0,9.0,1,1,1.0,1.0,9.0,,0.0,1.0,0.0,,,,,,,,,,,,,,,,,,99.79759349593495,0.4025496768015322,,0.49381134785731384,,114.1397967479674,102.5,0.4025496768015322,0.49381134785731384,100.0,,,,,,,,,,,,,11.0,6.0,16.0,0.0,0.0,0.0,0.0,0.0,0.0,0.0,0.0,0.0,0.0,0.0,0.0,0.0,0.0,0.0,0.0,0.0,0.0,0.0,0.0,0.0,0.0,0.0,0.0,0.0,0.0,0.0,0.0,,,,,,,0.0,,,,0.0,
69781,0,Ousmane Dieng,1631172,0022200010,2022-10-19,2022-23,OKC,81,0.0,9.0,1,1,1.0,1.0,9.0,,0.0,1.0,0.0,,,,,,,,,,,,,,,,,,99.79759349593495,0.4025496768015322,,0.49381134785731384,,114.1397967479674,106.0,0.4025496768015322,0.49381134785731384,100.9,,,,,,,,,,,,,37.0,11.0,34.0,0.0,0.0,0.0,0.0,0.0,0.0,0.0,0.0,0.0,0.0,0.0,0.0,0.0,0.0,0.0,0.0,0.0,0.0,0.0,0.0,0.0,0.0,0.0,0.0,0.0,0.0,0.0,0.0,,,,,,,0.0,,,,0.0,
69782,0,Peyton Watson,1631212,0022200012,2022-10-19,2022-23,DEN,79,0.0,9.0,1,1,1.0,1.0,9.0,,0.0,1.0,0.0,,,,,,,,,,,,,,,,,,99.79759349593495,0.4025496768015322,,0.49381134785731384,,114.1397967479674,102.5,0.4025496768015322,0.49381134785731384,100.0,,,,,,,,,,,,,11.0,6.0,16.0,0.0,0.0,0.0,0.0,0.0,0.0,0.0,0.0,0.0,0.0,0.0,0.0,0.0,0.0,0.0,0.0,0.0,0.0,0.0,0.0,0.0,0.0,0.0,0.0,0.0,0.0,0.0,0.0,,,,,,,0.0,,,,0.0,
69783,0,Caleb Houstan,1631216,0022200003,2022-10-19,2022-23,ORL,80,0.0,9.0,1,1,1.0,1.0,9.0,,0.0,1.0,0.0,,,,,,,,,,,,,,,,,,99.79759349593495,0.4025496768015322,,0.49381134785731384,,114.1397967479674,101.5,0.4025496768015322,0.49381134785731384,106.9,,,,,,,,,,,,,14.0,5.0,24.0,0.0,0.0,0.0,0.0,0.0,0.0,0.0,0.0,0.0,0.0,0.0,0.0,0.0,0.0,0.0,0.0,0.0,0.0,0.0,0.0,0.0,0.0,0.0,0.0,0.0,0.0,0.0,0.0,,,,,,,0.0,,,,0.0,
69784,1,Jake LaRavia,1631222,0022200009,2022-10-19,2022-23,MEM,79,0.0,9.0,1,1,1.0,1.0,9.0,,1.0,1.0,0.0,,,,,,,,,,,,,,,,,,99.79759349593495,0.4025496768015322,,0.49381134785731384,,114.1397967479674,96.45,0.4025496768015322,0.49381134785731384,107.5,,,,,,,,,,,,,26.0,16.0,34.0,0.0,0.0,0.0,0.0,0.0,0.0,0.0,0.0,0.0,0.0,0.0,0.0,0.0,0.0,0.0,0.0,0.0,0.0,0.0,0.0,0.0,0.0,0.0,0.0,0.0,0.0,0.0,0.0,,,,,,,0.0,,,,0.0,
69785,0,David Roddy,1631223,0022200009,2022-10-19,2022-23,MEM,76,0.0,9.0,1,1,1.0,1.0,9.0,,1.0,1.0,0.0,,,,,,,,,,,,,,,,,,99.79759349593495,0.4025496768015322,,0.49381134785731384,,114.1397967479674,96.45,0.4025496768015322,0.49381134785731384,107.5,,,,,,,,,,,,,26.0,16.0,34.0,0.0,0.0,0.0,0.0,0.0,0.0,0.0,0.0,0.0,0.0,0.0,0.0,0.0,0.0,0.0,0.0,0.0,0.0,0.0,0.0,0.0,0.0,0.0,0.0,0.0,0.0,0.0,0.0,,,,,,,0.0,,,,0.0,
69786,0,Simone Fontecchio,1631323,0022200012,2022-10-19,2022-23,UTA,79,0.0,9.0,1,1,1.0,1.0,9.0,,1.0,1.0,0.0,,,,,,,,,,,,,,,,,,99.79759349593495,0.4025496768015322,,0.49381134785731384,,114.1397967479674,102.5,0.4025496768015322,0.49381134785731384,119.4,,,,,,,,,,,,,16.0,9.0,29.0,0.0,0.0,0.0,0.0,0.0,0.0,0.0,0.0,0.0,0.0,0.0,0.0,0.0,0.0,0.0,0.0,0.0,0.0,0.0,0.0,0.0,0.0,0.0,0.0,0.0,0.0,0.0,0.0,,,,,,,0.0,,,,0.0,
69787,0,Kyle Lowry,200768,0022200007,2022-10-19,2022-23,MIA,72,16.0,10.0,1,1,1.0,1.0,9.0,,1.0,1.0,0.0,,2.6315789473684212,0.19828455284552834,113.32276422764234,,,0.8557377049180328,0.373134328358209,0.19828455284552834,113.32276422764234,0.8557377049180328,0.373134328358209,0.8557377049180328,0.373134328358209,0.19828455284552834,113.32276422764234,2.6315789473684212,99.79759349593495,0.4025496768015322,,0.49381134785731384,,114.1397967479674,105.0,0.4025496768015322,0.49381134785731384,102.9,,,0.8083328816223911,-0.387515679720411,1.232493068556874,0.4116139660458465,1.2551601952722364,0.9478703115066764,0.6008235538982033,-1.4943028417150965,0.9202741913187054,-0.48358150725014565,7.0,7.0,21.0,0.0,0.0,0.0,0.0,0.0,0.0,0.0,0.0,0.0,0.0,0.0,0.0,0.0,0.0,0.0,0.0,0.0,0.0,0.0,0.0,0.0,0.0,0.0,0.0,0.0,0.0,0.0,0.0,,-0.4450275805213084,-0.8978123439594486,0.3813702136610982,8.44677883260013,4.795986302281402,0.824414167986588,0.0,0.0,,0.0,
69788,2,Kevin Durant,201142,0022200006,2022-10-19,2022-23,BKN,83,15.0,10.0,1,1,1.0,1.0,9.0,,1.0,1.0,0.0,,2.145748987854251,0.2943400809716599,117.96396761133599,,,0.8908865468071916,0.39545454545454545,0.2943400809716599,117.96396761133599,0.8908865468071916,0.39545454545454545,0.8908865468071916,0.39545454545454545,0.2943400809716599,117.96396761133599,2.145748987854251,99.79759349593495,0.4025496768015322,,0.49381134785731384,,114.1397967479674,102.0,0.4025496768015322,0.49381134785731384,105.9,,,0.7437041130557478,-0.12165165968781658,0.7675517586547473,0.05065272748040046,1.704541957313447,4.392087020307843,1.81142209327368,4.2628205128205146,0.45585054138182185,0.7757973312799126,16.0,6.0,26.0,0.0,0.0,0.0,0.0,0.0,0.0,0.0,0.0,0.0,0.0,0.0,0.0,0.0,0.0,0.0,0.0,0.0,0.0,0.0,0.0,0.0,0.0,0.0,0.0,0.0,0.0,0.0,0.0,,0.3536476334665207,7.721767256583319,1.2257357848986656,5.607980072039563,3.4891412719197428,-0.6415716903718726,0.0,0.0,,-0.0,
69789,2,Mike Conley,201144,0022200012,2022-10-19,2022-23,UTA,72,15.0,10.0,1,1,1.0,1.0,9.0,,1.0,1.0,0.0,,2.417004048582996,0.23197570850202437,110.92226720647771,,,0.8357221609702316,0.3989145183175034,0.23197570850202437,110.92226720647771,0.8357221609702316,0.3989145183175034,0.8357221609702316,0.3989145183175034,0.23197570850202437,110.92226720647771,2.417004048582996,99.79759349593495,0.4025496768015322,,0.49381134785731384,,114.1397967479674,102.5,0.4025496768015322,0.49381134785731384,119.4,,,1.4877960250596132,2.6754164373025278,-0.26223269366618257,-0.17623463814292853,1.3347837313925504,0.4705936156590138,1.1296331863021507,0.32252005391907584,0.21897156948390262,-0.48344005489345293,16.0,9.0,29.0,0.0,0.0,0.0,0.0,0.0,0.0,0.0,0.0,0.0,0.0,0.0,0.0,0.0,0.0,0.0,0.0,0.0,0.0,0.0,0.0,0.0,0.0,0.0,0.0,0.0,0.0,0.0,0.0,,-0.10585962757140342,0.3643293561549471,1.7394666968288754,4.470883423915579,2.8875132888980883,-0.29459790884494386,0.0,0.0,,-0.0,
69790,0,Jeff Green,201145,0022200012,2022-10-19,2022-23,DEN,80,15.0,10.0,1,1,1.0,1.0,9.0,,0.0,1.0,0.0,,1.2267206477732793,0.16628861788617863,113.09390243902433,,,0.8401253918495298,0.36275695284159615,0.16628861788617863,113.09390243902433,0.8401253918495298,0.36275695284159615,0.8401253918495298,0.36275695284159615,0.16628861788617863,113.09390243902433,1.2267206477732793,99.79759349593495,0.4025496768015322,,0.49381134785731384,,114.1397967479674,102.5,0.4025496768015322,0.49381134785731384,100.0,,,0.9174856003092053,0.3563777222522114,1.3173534105789233,1.8210314373312617,1.648695019180985,3.9230769230769247,1.18551590297258,1.1563746698881836,2.8053274882473707,8.884383355799644,11.0,6.0,16.0,0.0,0.0,0.0,0.0,0.0,0.0,0.0,0.0,0.0,0.0,0.0,0.0,0.0,0.0,0.0,0.0,0.0,0.0,0.0,0.0,0.0,0.0,0.0,0.0,0.0,0.0,0.0,0.0,,24.92360484415216,1.370900560947109,1.842172642157168,1.3362184158836927,1.9379385335866333,0.3751551779993052,0.0,0.0,,0.0,
69791,0,Derrick Rose,201565,0022200009,2022-10-19,2022-23,NYK,75,14.0,10.0,1,1,1.0,1.0,9.0,,0.0,1.0,0.0,,0.7945205479452054,0.25644292237442917,110.09452054794508,,,0.8761609907120743,0.35330578512396693,0.25644292237442917,110.09452054794508,0.8761609907120743,0.35330578512396693,0.8761609907120743,0.35330578512396693,0.25644292237442917,110.09452054794508,0.7945205479452054,99.79759349593495,0.4025496768015322,,0.49381134785731384,,114.1397967479674,96.45,0.4025496768015322,0.49381134785731384,105.7,,,0.5472111063963202,-0.38497625474544295,0.9627248461689178,1.4033151095170109,-0.2687667406605018,-1.273477215305469,0.43302553022231466,-0.6690942193900771,0.6744120524361956,-0.5683869357372668,14.0,12.0,25.0,0.0,0.0,0.0,0.0,0.0,0.0,0.0,0.0,0.0,0.0,0.0,0.0,0.0,0.0,0.0,0.0,0.0,0.0,0.0,0.0,0.0,0.0,0.0,0.0,0.0,0.0,0.0,0.0,,-0.3833269999084902,-0.28973487912007384,0.37477774957020726,3.1615568596302914,1.006632071554432,-0.7351978563373132,0.0,0.0,,-0.0,
69792,1,Kevin Love,201567,0022200008,2022-10-19,2022-23,CLE,80,14.0,10.0,1,1,1.0,1.0,9.0,,0.0,1.0,0.0,,2.4534412955465585,0.23798380566801616,109.08380566801614,,,0.8624161073825504,0.3863049095607235,0.23798380566801616,109.08380566801614,0.8624161073825504,0.3863049095607235,0.8624161073825504,0.3863049095607235,0.23798380566801616,109.08380566801614,2.4534412955465585,99.79759349593495,0.4025496768015322,,0.49381134785731384,,114.1397967479674,99.0,0.4025496768015322,0.49381134785731384,106.1,,,0.5788052811305219,0.5016816548060745,0.937645722629161,0.5173235855054074,0.9376457226291603,0.5173235855054029,0.340941238760204,-0.32973566267264104,0.4792061539439667,-0.5621970699021939,15.0,9.0,18.0,0.0,0.0,0.0,0.0,0.0,0.0,0.0,0.0,0.0,0.0,0.0,0.0,0.0,0.0,0.0,0.0,0.0,0.0,0.0,0.0,0.0,0.0,0.0,0.0,0.0,0.0,0.0,0.0,,-0.26940829562639773,-0.11242048529502699,0.8793780590457099,6.858712790218619,2.3835224607717804,-0.7351978563373132,0.0,0.0,,-0.0,
69793,1,Eric Gordon,201569,0022200005,2022-10-19,2022-23,HOU,75,14.0,10.0,1,1,1.0,1.0,9.0,,0.0,1.0,0.0,,2.785425101214575,0.2147611336032391,112.0935222672065,,,0.7927170868347339,0.35406946604458267,0.2147611336032391,112.0935222672065,0.7927170868347339,0.35406946604458267,0.7927170868347339,0.35406946604458267,0.2147611336032391,112.0935222672065,2.785425101214575,99.79759349593495,0.4025496768015322,,0.49381134785731384,,114.1397967479674,106.0,0.4025496768015322,0.49381134785731384,100.9,,,0.6135327962358048,-0.47465394011610457,2.3194790329629,6.197617575995952,1.6720819322526292,0.8974358974359018,1.0742510779389236,-0.1056434647397792,2.0391683031492414,5.264723557692311,13.0,5.0,30.0,0.0,0.0,0.0,0.0,0.0,0.0,0.0,0.0,0.0,0.0,0.0,0.0,0.0,0.0,0.0,0.0,0.0,0.0,0.0,0.0,0.0,0.0,0.0,0.0,0.0,0.0,0.0,0.0,,10.735657403689267,-0.11348760587391048,1.19506350527671,5.822085478991733,2.342430858242033,-0.6415716903718726,0.0,0.0,,-0.0,
69794,0,DeAndre Jordan,201599,0022200012,2022-10-19,2022-23,DEN,83,14.0,10.0,1,1,1.0,1.0,9.0,,0.0,1.0,0.0,,0.0,0.14322672064777328,107.90890688259118,,,0.5960729312762973,0.0,0.14322672064777328,107.90890688259118,0.5960729312762973,0.0,0.5960729312762973,0.0,0.14322672064777328,107.90890688259118,0.0,99.79759349593495,0.4025496768015322,,0.49381134785731384,,114.1397967479674,102.5,0.4025496768015322,0.49381134785731384,100.0,,,-0.29935462127247087,-0.9242515425944595,1.6720819322526246,0.8974358974359208,3.8729833462074166,14.999999999999995,0.0,-3.0,0.0,-3.0,11.0,6.0,16.0,0.0,0.0,0.0,0.0,0.0,0.0,0.0,0.0,0.0,0.0,0.0,0.0,0.0,0.0,0.0,0.0,0.0,0.0,0.0,0.0,0.0,0.0,0.0,0.0,0.0,0.0,0.0,0.0,,-0.0,-0.0,0.0,0.0,0.0,0.0,0.0,0.0,,0.0,
69795,4,Goran Dragic,201609,0022200007,2022-10-19,2022-23,CHI,76,14.0,10.0,1,1,1.0,1.0,9.0,,0.0,1.0,0.0,,1.6680161943319838,0.24049797570850218,109.31659919028338,,,0.7931034482758621,0.3629103815439219,0.24049797570850218,109.31659919028338,0.7931034482758621,0.3629103815439219,0.7931034482758621,0.3629103815439219,0.24049797570850218,109.31659919028338,1.6680161943319838,99.79759349593495,0.4025496768015322,,0.49381134785731384,,114.1397967479674,105.0,0.4025496768015322,0.49381134785731384,110.5,,,0.9789699952395721,1.1296928928259535,1.2328909876349632,0.9690482527852777,1.5111895581106072,1.7324444271799382,0.7402304167751361,-1.0219780219780217,-0.2961942638762088,-0.628971878736642,23.0,10.0,26.0,0.0,0.0,0.0,0.0,0.0,0.0,0.0,0.0,0.0,0.0,0.0,0.0,0.0,0.0,0.0,0.0,0.0,0.0,0.0,0.0,0.0,0.0,0.0,0.0,0.0,0.0,0.0,0.0,,0.1862978626212357,-0.7564992171438202,0.2162884079733682,3.1085632452769683,0.7992695061261317,-0.7351978563373132,0.0,0.0,,-0.0,
69796,2,DeMar DeRozan,201942,0022200007,2022-10-19,2022-23,CHI,78,13.0,10.0,1,1,1.0,1.0,9.0,,0.0,1.0,0.0,,0.3157894736842105,0.2738866396761132,112.18299595141691,,,0.8609000584453536,0.30952380952380953,0.2738866396761132,112.18299595141691,0.8609000584453536,0.30952380952380953,0.8609000584453536,0.30952380952380953,0.2738866396761132,112.18299595141691,0.3157894736842105,99.79759349593495,0.4025496768015322,,0.49381134785731384,,114.1397967479674,105.0,0.4025496768015322,0.49381134785731384,110.5,,,-0.11879625162783579,-0.6898880520134612,1.8601674645083661,3.9277446404198657,0.12015175356468007,-0.4781584133273512,0.3115740720388396,-0.4038461538461524,0.8682800059870136,-0.3060591652368069,23.0,10.0,26.0,0.0,0.0,0.0,0.0,0.0,0.0,0.0,0.0,0.0,0.0,0.0,0.0,0.0,0.0,0.0,0.0,0.0,0.0,0.0,0.0,0.0,0.0,0.0,0.0,0.0,0.0,0.0,0.0,,-0.26574505382419505,-0.1258279906310694,0.9700263204036708,0.4926455532488966,0.8763715479551526,1.269843310776022,0.0,0.0,,0.0,
69797,1,Gordon Hayward,202330,0022200011,2022-10-19,2022-23,CHA,79,12.0,10.0,1,1,1.0,1.0,9.0,,0.0,1.0,0.0,,1.6153846153846154,0.21128455284552825,111.49918699186995,,,0.8333333333333334,0.3837890625,0.21128455284552825,111.49918699186995,0.8333333333333334,0.3837890625,0.8333333333333334,0.3837890625,0.21128455284552825,111.49918699186995,1.6153846153846154,99.79759349593495,0.4025496768015322,,0.49381134785731384,,114.1397967479674,106.0,0.4025496768015322,0.49381134785731384,120.6,,,0.5506616898945691,-0.31339630826206005,0.2242711289370774,-0.088484173137863,2.100588867596377,5.05309640065103,1.18551590297258,1.1563746698881836,0.6783977720678439,-0.9772079772079773,18.0,6.0,23.0,0.0,0.0,0.0,0.0,0.0,0.0,0.0,0.0,0.0,0.0,0.0,0.0,0.0,0.0,0.0,0.0,0.0,0.0,0.0,0.0,0.0,0.0,0.0,0.0,0.0,0.0,0.0,0.0,,-0.6629357145848161,1.370900560947109,2.3604237186532093,3.4411471226231076,2.423328581619482,-0.005339380832623263,0.0,0.0,,-0.0,
69798,0,Ish Smith,202397,0022200012,2022-10-19,2022-23,DEN,72,12.0,10.0,1,1,1.0,1.0,9.0,,0.0,1.0,0.0,,0.6558704453441295,0.1893157894736841,109.27085020242916,,,0.6942446043165468,0.3597285067873303,0.1893157894736841,109.27085020242916,0.6942446043165468,0.3597285067873303,0.6942446043165468,0.3597285067873303,0.1893157894736841,109.27085020242916,0.6558704453441295,99.79759349593495,0.4025496768015322,,0.49381134785731384,,114.1397967479674,102.5,0.4025496768015322,0.49381134785731384,100.0,,,1.1728735172320046,1.2120186591054625,1.0034891652083917,1.9292178598163092,0.5885783905934353,-1.0648156577150605,0.4550830602384314,-2.0940170940170977,0.6586704652176957,0.4630491508095167,11.0,6.0,16.0,0.0,0.0,0.0,0.0,0.0,0.0,0.0,0.0,0.0,0.0,0.0,0.0,0.0,0.0,0.0,0.0,0.0,0.0,0.0,0.0,0.0,0.0,0.0,0.0,0.0,0.0,0.0,0.0,,0.3049967995823633,-0.9529517073368879,0.301881821134213,1.541331279023341,0.2519410398433819,-0.6415716903718726,0.0,0.0,,-0.0,
69799,0,Kyrie Irving,202681,0022200006,2022-10-19,2022-23,BKN,74,11.0,10.0,1,1,1.0,1.0,9.0,,1.0,1.0,0.0,,2.8137651821862346,0.29416666666666674,115.11382113821136,,,0.9004739336492891,0.4063792085056113,0.29416666666666674,115.11382113821136,0.9004739336492891,0.4063792085056113,0.9004739336492891,0.4063792085056113,0.29416666666666674,115.11382113821136,2.8137651821862346,99.79759349593495,0.4025496768015322,,0.49381134785731384,,114.1397967479674,102.0,0.4025496768015322,0.49381134785731384,105.9,,,0.8474006418192244,2.593640933234484,0.2952943161695562,-0.7354393701561879,-0.27493515982267586,-0.6347717323327049,-0.3026974580194817,-0.9611591564254292,0.2769547307011887,-1.132320354542572,16.0,6.0,26.0,0.0,0.0,0.0,0.0,0.0,0.0,0.0,0.0,0.0,0.0,0.0,0.0,0.0,0.0,0.0,0.0,0.0,0.0,0.0,0.0,0.0,0.0,0.0,0.0,0.0,0.0,0.0,0.0,,-0.31360147885981254,0.29094043340212683,1.8744154740469352,6.981259910476607,3.650226450238506,-0.51461064452263,0.0,0.0,,-0.0,
69800,1,Jonas Valanciunas,202685,0022200006,2022-10-19,2022-23,NOP,83,11.0,10.0,1,1,1.0,1.0,9.0,,0.0,1.0,0.0,,0.5101214574898786,0.23287044534412946,110.25748987854242,,,0.7808857808857809,0.3620178041543027,0.23287044534412946,110.25748987854242,0.7808857808857809,0.3620178041543027,0.7808857808857809,0.3620178041543027,0.23287044534412946,110.25748987854242,0.5101214574898786,99.79759349593495,0.4025496768015322,,0.49381134785731384,,114.1397967479674,102.0,0.4025496768015322,0.49381134785731384,127.5,,,-0.44548454617166516,-0.9817877352631046,0.20154043020028456,-0.18177006787516348,0.7768085914278411,0.6060482189720157,0.0,-3.0,0.4559718943404596,-0.5836838942307714,14.0,5.0,21.0,0.0,0.0,0.0,0.0,0.0,0.0,0.0,0.0,0.0,0.0,0.0,0.0,0.0,0.0,0.0,0.0,0.0,0.0,0.0,0.0,0.0,0.0,0.0,0.0,0.0,0.0,0.0,0.0,,-0.2661434509484213,-0.0,0.0,1.5102624540518619,0.584103887314928,0.824414167986588,0.0,0.0,,0.0,
69801,0,Bismack Biyombo,202687,0022200013,2022-10-19,2022-23,PHX,80,11.0,10.0,1,1,1.0,1.0,9.0,,1.0,1.0,0.0,,0.0,0.14465182186234826,100.28623481781376,,,0.5870841487279843,0.0,0.14465182186234826,100.28623481781376,0.5870841487279843,0.0,0.5870841487279843,0.0,0.14465182186234826,100.28623481781376,0.0,99.79759349593495,0.4025496768015322,,0.49381134785731384,,114.1397967479674,94.5,0.4025496768015322,0.49381134785731384,113.8,,,1.7719772876447677,2.321881396171236,1.0353670220117952,0.38371037052525026,3.741657386773938,14.0,0.0,-3.0,0.0,-3.0,11.0,5.0,17.0,0.0,0.0,0.0,0.0,0.0,0.0,0.0,0.0,0.0,0.0,0.0,0.0,0.0,0.0,0.0,0.0,0.0,0.0,0.0,0.0,0.0,0.0,0.0,0.0,0.0,0.0,0.0,0.0,,-0.0,-0.0,0.0,0.0,0.0,0.0,0.0,0.0,,0.0,
69802,1,Nikola Vucevic,202696,0022200007,2022-10-19,2022-23,CHI,82,11.0,10.0,1,1,1.0,1.0,9.0,,0.0,1.0,0.0,,1.417004048582996,0.2625627530364376,109.91457489878543,,,0.789198606271777,0.34427860696517415,0.2625627530364376,109.91457489878543,0.789198606271777,0.34427860696517415,0.789198606271777,0.34427860696517415,0.2625627530364376,109.91457489878543,1.417004048582996,99.79759349593495,0.4025496768015322,,0.49381134785731384,,114.1397967479674,105.0,0.4025496768015322,0.49381134785731384,110.5,,,-0.1823482161150423,-0.5728769167097593,-0.4066365813538655,-1.0754669883928916,1.2586860419208359,0.796087478857718,3.245589410986667,11.146260051585495,0.06353017887605142,-0.7104869308117958,23.0,10.0,26.0,0.0,0.0,0.0,0.0,0.0,0.0,0.0,0.0,0.0,0.0,0.0,0.0,0.0,0.0,0.0,0.0,0.0,0.0,0.0,0.0,0.0,0.0,0.0,0.0,0.0,0.0,0.0,0.0,,-0.045137361803570156,36.17618359552959,0.20510536062360185,2.577612429226934,0.94539874412725,-0.7351978563373132,0.0,0.0,,-0.0,
69803,2,Cory Joseph,202709,0022200003,2022-10-19,2022-23,DET,74,11.0,10.0,1,1,1.0,1.0,9.0,,1.0,1.0,0.0,,0.8137651821862348,0.14169230769230787,105.776923076923,,,0.8140350877192982,0.3641509433962264,0.14169230769230787,105.776923076923,0.8140350877192982,0.3641509433962264,0.8140350877192982,0.3641509433962264,0.14169230769230787,105.776923076923,0.8137651821862348,99.79759349593495,0.4025496768015322,,0.49381134785731384,,114.1397967479674,101.5,0.4025496768015322,0.49381134785731384,111.9,,,0.28112838913237087,-0.9595233702038385,0.9291279146534641,-0.34900284900285566,1.4031727690684987,1.3960113960113962,0.5473172873368348,-0.38461538461538314,0.5875045575292477,-0.4365904365904389,21.0,11.0,27.0,0.0,0.0,0.0,0.0,0.0,0.0,0.0,0.0,0.0,0.0,0.0,0.0,0.0,0.0,0.0,0.0,0.0,0.0,0.0,0.0,0.0,0.0,0.0,0.0,0.0,0.0,0.0,0.0,,-0.25649887127056686,-0.2105066489757049,0.35088137847800566,3.027856986331033,1.434959624000217,-0.7351978563373132,0.0,0.0,,-0.0,
69804,0,Jimmy Butler,202710,0022200007,2022-10-19,2022-23,MIA,79,11.0,10.0,1,1,1.0,1.0,9.0,,1.0,1.0,0.0,,0.6558704453441295,0.24572469635627534,114.20040485829963,,,0.8546964193046186,0.2909090909090909,0.24572469635627534,114.20040485829963,0.8546964193046186,0.2909090909090909,0.8546964193046186,0.2909090909090909,0.24572469635627534,114.20040485829963,0.6558704453441295,99.79759349593495,0.4025496768015322,,0.49381134785731384,,114.1397967479674,105.0,0.4025496768015322,0.49381134785731384,102.9,,,0.00211187147222345,-1.4438378448987526,-0.18720566145927045,-0.5540368722186891,0.37620978119456033,-0.8350850371012473,2.723874981100335,10.037294650620055,0.11570630278251504,-0.4852880611357732,7.0,7.0,21.0,0.0,0.0,0.0,0.0,0.0,0.0,0.0,0.0,0.0,0.0,0.0,0.0,0.0,0.0,0.0,0.0,0.0,0.0,0.0,0.0,0.0,0.0,0.0,0.0,0.0,0.0,0.0,0.0,,-0.05615088733851544,27.340335776756195,0.7218335579721844,1.712668077108553,1.0145447068187365,-0.29459790884494386,0.0,0.0,,-0.0,
69805,6,Bojan Bogdanovic,202711,0022200003,2022-10-19,2022-23,DET,79,11.0,10.0,1,1,1.0,1.0,9.0,,1.0,1.0,0.0,,2.54251012145749,0.23566801619433211,114.37975708502013,,,0.8627450980392157,0.39487179487179486,0.23566801619433211,114.37975708502013,0.8627450980392157,0.39487179487179486,0.8627450980392157,0.39487179487179486,0.23566801619433211,114.37975708502013,2.54251012145749,99.79759349593495,0.4025496768015322,,0.49381134785731384,,114.1397967479674,101.5,0.4025496768015322,0.49381134785731384,111.9,,,-0.9585419503950261,0.5257168866636331,0.35025575369798906,1.1481246026700573,0.7402304167751361,-1.0219780219780217,-0.05190149130535547,-0.03498540967219609,1.4695130298049988,3.417766262562378,21.0,11.0,27.0,0.0,0.0,0.0,0.0,0.0,0.0,0.0,0.0,0.0,0.0,0.0,0.0,0.0,0.0,0.0,0.0,0.0,0.0,0.0,0.0,0.0,0.0,0.0,0.0,0.0,0.0,0.0,0.0,,5.022452055663347,0.0018157949359157847,4.453166401205893,4.754872957565033,5.032819029431911,0.02128755332478359,0.0,0.0,,0.0,
69806,2,Bradley Beal,203078,0022200004,2022-10-19,2022-23,WAS,76,10.0,10.0,1,1,1.0,1.0,9.0,,0.0,1.0,0.0,,2.380566801619433,0.30623170731707294,111.61382113821136,,,0.8436317780580076,0.3444976076555024,0.30623170731707294,111.61382113821136,0.8436317780580076,0.3444976076555024,0.8436317780580076,0.3444976076555024,0.30623170731707294,111.61382113821136,2.380566801619433,99.79759349593495,0.4025496768015322,,0.49381134785731384,,114.1397967479674,104.5,0.4025496768015322,0.49381134785731384,108.6,,,-0.040613212034547354,-0.5887096757684811,-0.020299726205630437,-0.7107370022799554,0.5479941073364664,-0.3605026290354155,0.4325150191747367,-1.5452890304961306,-1.729583543268684e-16,-0.40384615384615385,13.0,9.0,22.0,0.0,0.0,0.0,0.0,0.0,0.0,0.0,0.0,0.0,0.0,0.0,0.0,0.0,0.0,0.0,0.0,0.0,0.0,0.0,0.0,0.0,0.0,0.0,0.0,0.0,0.0,0.0,0.0,,6.984856617046608e-17,-0.6683607146555443,1.2949215248014248,4.42539332088439,2.381235427210116,-0.51461064452263,0.0,0.0,,-0.0,
69807,1,Damian Lillard,203081,0022200014,2022-10-19,2022-23,POR,74,10.0,10.0,1,1,1.0,1.0,9.0,,0.0,1.0,0.0,,3.5870445344129553,0.29135627530364333,116.78704453441284,,,0.9076212471131639,0.3765112262521589,0.29135627530364333,116.78704453441284,0.9076212471131639,0.3765112262521589,0.9076212471131639,0.3765112262521589,0.29135627530364333,116.78704453441284,3.5870445344129553,99.79759349593495,0.4025496768015322,,0.49381134785731384,,114.1397967479674,101.0,0.4025496768015322,0.49381134785731384,113.9,,,0.23881053363055524,-0.8956741304714294,2.102359427381954,5.091984206032328,0.28998711655377757,-0.9493686318788241,0.43302553022231466,-0.6690942193900771,0.40522003157477243,-0.09699261028216583,9.0,9.0,19.0,0.0,0.0,0.0,0.0,0.0,0.0,0.0,0.0,0.0,0.0,0.0,0.0,0.0,0.0,0.0,0.0,0.0,0.0,0.0,0.0,0.0,0.0,0.0,0.0,0.0,0.0,0.0,0.0,,-0.039303348601058836,-0.28973487912007384,0.3545662283355293,11.371268856145575,4.807466460481748,0.824414167986588,0.0,0.0,,0.0,
69808,3,Terrence Ross,203082,0022200003,2022-10-19,2022-23,ORL,79,10.0,10.0,1,1,1.0,1.0,9.0,,0.0,1.0,0.0,,2.1983805668016196,0.2187935222672066,103.76518218623481,,,0.8613013698630136,0.35566298342541436,0.2187935222672066,103.76518218623481,0.8613013698630136,0.35566298342541436,0.8613013698630136,0.35566298342541436,0.2187935222672066,103.76518218623481,2.1983805668016196,99.79759349593495,0.4025496768015322,,0.49381134785731384,,114.1397967479674,101.5,0.4025496768015322,0.49381134785731384,106.9,,,1.0909976872318283,1.5757511186874011,1.684031757446396,3.3291224011445593,1.1025923946449456,2.333436457251453,0.45086262942961725,-1.857440166493236,0.38605406633811723,-0.9044308900448473,14.0,5.0,24.0,0.0,0.0,0.0,0.0,0.0,0.0,0.0,0.0,0.0,0.0,0.0,0.0,0.0,0.0,0.0,0.0,0.0,0.0,0.0,0.0,0.0,0.0,0.0,0.0,0.0,0.0,0.0,0.0,,-0.3491592228236159,-0.8374503574733264,0.7000635327297877,4.463447484656965,0.9858417540779963,-0.7614889595473099,0.0,0.0,,-0.0,
69809,0,Andre Drummond,203083,0022200007,2022-10-19,2022-23,CHI,83,10.0,10.0,1,1,1.0,1.0,9.0,,0.0,1.0,0.0,,0.03643724696356275,0.21633739837398336,109.55040650406501,,,0.5591766723842195,0.17647058823529413,0.21633739837398336,109.55040650406501,0.5591766723842195,0.17647058823529413,0.5591766723842195,0.17647058823529413,0.21633739837398336,109.55040650406501,0.03643724696356275,99.79759349593495,0.4025496768015322,,0.49381134785731384,,114.1397967479674,105.0,0.4025496768015322,0.49381134785731384,110.5,,,-0.2407585743890031,-1.0274322098093285,1.9240313915108058,4.828345627903604,1.1763539004879071,-0.734265734265738,0.0,-3.0,0.0,-3.0,23.0,10.0,26.0,0.0,0.0,0.0,0.0,0.0,0.0,0.0,0.0,0.0,0.0,0.0,0.0,0.0,0.0,0.0,0.0,0.0,0.0,0.0,0.0,0.0,0.0,0.0,0.0,0.0,0.0,0.0,0.0,,-0.0,-0.0,0.0,0.00042160309195117085,0.0,0.824414167986588,0.0,0.0,,0.0,
69810,0,Harrison Barnes,203084,0022200014,2022-10-19,2022-23,SAC,80,10.0,10.0,1,1,1.0,1.0,9.0,,1.0,1.0,0.0,,1.728744939271255,0.17735365853658516,110.24471544715438,,,0.8200389105058365,0.3901760889712697,0.17735365853658516,110.24471544715438,0.8200389105058365,0.3901760889712697,0.8200389105058365,0.3901760889712697,0.17735365853658516,110.24471544715438,1.728744939271255,99.79759349593495,0.4025496768015322,,0.49381134785731384,,114.1397967479674,101.0,0.4025496768015322,0.49381134785731384,106.9,,,0.29991680788797126,-0.2891054258241759,0.9034750475919127,0.24866313882783067,1.1763539004879071,-0.734265734265738,0.9671110966131887,0.555851299795937,-0.5059940898233689,0.7637172516065235,21.0,13.0,30.0,0.0,0.0,0.0,0.0,0.0,0.0,0.0,0.0,0.0,0.0,0.0,0.0,0.0,0.0,0.0,0.0,0.0,0.0,0.0,0.0,0.0,0.0,0.0,0.0,0.0,0.0,0.0,0.0,,-0.3864364156090477,0.5375699600995149,2.280593889931288,4.129487753243444,2.2632607066815855,-0.13732763635137965,0.0,0.0,,-0.0,
69811,0,Austin Rivers,203085,0022200010,2022-10-19,2022-23,MIN,76,10.0,10.0,1,1,1.0,1.0,9.0,,1.0,1.0,0.0,,1.6356275303643724,0.16005263157894759,111.01781376518215,,,0.6570048309178744,0.35571687840290384,0.16005263157894759,111.01781376518215,0.6570048309178744,0.35571687840290384,0.6570048309178744,0.35571687840290384,0.16005263157894759,111.01781376518215,1.6356275303643724,99.79759349593495,0.4025496768015322,,0.49381134785731384,,114.1397967479674,106.0,0.4025496768015322,0.49381134785731384,109.5,,,0.594509082805304,-1.1445749283587203,0.7882269819968861,-1.6153846153847065,3.8729833462074166,14.999999999999995,0.11815141882120457,-0.4427802820997518,0.7186018994273689,-0.11343779229535428,16.0,12.0,26.0,0.0,0.0,0.0,0.0,0.0,0.0,0.0,0.0,0.0,0.0,0.0,0.0,0.0,0.0,0.0,0.0,0.0,0.0,0.0,0.0,0.0,0.0,0.0,0.0,0.0,0.0,0.0,0.0,,-0.08151661301028894,-0.052315118556138886,1.9777049579072281,0.8820279795230346,0.900952744515535,1.269843310776022,0.0,0.0,,0.0,
69812,3,Evan Fournier,203095,0022200009,2022-10-19,2022-23,NYK,78,10.0,10.0,1,1,1.0,1.0,9.0,,0.0,1.0,0.0,,2.54251012145749,0.21537651821862375,109.41740890688264,,,0.7889908256880734,0.38238993710691827,0.21537651821862375,109.41740890688264,0.7889908256880734,0.38238993710691827,0.7889908256880734,0.38238993710691827,0.21537651821862375,109.41740890688264,2.54251012145749,99.79759349593495,0.4025496768015322,,0.49381134785731384,,114.1397967479674,96.45,0.4025496768015322,0.49381134785731384,105.7,,,0.14896089793110312,-2.307692307691975,0.8079326565468145,-0.16153846153846182,1.9202815940713767,4.36798878205128,0.08350889486035831,-1.1647896797700794,1.1076836438928888,2.3095227199926796,14.0,12.0,25.0,0.0,0.0,0.0,0.0,0.0,0.0,0.0,0.0,0.0,0.0,0.0,0.0,0.0,0.0,0.0,0.0,0.0,0.0,0.0,0.0,0.0,0.0,0.0,0.0,0.0,0.0,0.0,0.0,,2.558220542134907,-0.09727029890234999,2.5882557082734516,5.464113286530047,2.3085976766839553,-0.29459790884494386,0.0,0.0,,-0.0,
69813,2,Will Barton,203115,0022200004,2022-10-19,2022-23,WAS,77,10.0,10.0,1,1,1.0,1.0,9.0,,0.0,1.0,0.0,,1.9149797570850202,0.19769105691056918,113.3947154471545,,,0.7923809523809524,0.3676355066771406,0.19769105691056918,113.3947154471545,0.7923809523809524,0.3676355066771406,0.7923809523809524,0.3676355066771406,0.19769105691056918,113.3947154471545,1.9149797570850202,99.79759349593495,0.4025496768015322,,0.49381134785731384,,114.1397967479674,104.5,0.4025496768015322,0.49381134785731384,108.6,,,-0.22946174585134335,-1.136477139637151,0.6034542736269141,-0.8084339902521717,0.340941238760204,-0.32973566267264104,1.1785113776965228,2.5723436534247344,-0.4406322783611386,0.7179487179487172,13.0,9.0,22.0,0.0,0.0,0.0,0.0,0.0,0.0,0.0,0.0,0.0,0.0,0.0,0.0,0.0,0.0,0.0,0.0,0.0,0.0,0.0,0.0,0.0,0.0,0.0,0.0,0.0,0.0,0.0,0.0,,-0.3163513793362017,3.0315362629064904,2.4276123147962063,4.111037731231489,2.349058189575572,-0.13732763635137965,0.0,0.0,,-0.0,
69814,1,Justin Holiday,203200,0022200005,2022-10-19,2022-23,ATL,78,10.0,10.0,1,1,1.0,1.0,9.0,,1.0,1.0,0.0,,2.02834008097166,0.1461740890688258,107.76356275303642,,,0.8307210031347962,0.3732612055641422,0.1461740890688258,107.76356275303642,0.8307210031347962,0.3732612055641422,0.8307210031347962,0.3732612055641422,0.1461740890688258,107.76356275303642,2.02834008097166,99.79759349593495,0.4025496768015322,,0.49381134785731384,,114.1397967479674,106.0,0.4025496768015322,0.49381134785731384,110.4,,,0.6150305844891174,-1.4489720606372607,1.6720819322526246,0.8974358974359208,0.8191495084291777,0.9692307692307688,-0.13290779766823718,-1.1576196956009637,1.0640934433465377,0.5360454202055817,13.0,7.0,17.0,0.0,0.0,0.0,0.0,0.0,0.0,0.0,0.0,0.0,0.0,0.0,0.0,0.0,0.0,0.0,0.0,0.0,0.0,0.0,0.0,0.0,0.0,0.0,0.0,0.0,0.0,0.0,0.0,,0.5704024169766991,0.1538566842796992,3.2805037291458623,2.1144317605899294,1.1076608864499784,0.3751551779993052,0.0,0.0,,0.0,
69815,3,CJ McCollum,203468,0022200006,2022-10-19,2022-23,NOP,75,9.0,10.0,1,1,1.0,1.0,9.0,,0.0,1.0,0.0,,2.7327935222672064,0.25981781376518226,115.55303643724697,,,0.7751396648044693,0.3837551500882872,0.25981781376518226,115.55303643724697,0.7751396648044693,0.3837551500882872,0.7751396648044693,0.3837551500882872,0.25981781376518226,115.55303643724697,2.7327935222672064,99.79759349593495,0.4025496768015322,,0.49381134785731384,,114.1397967479674,102.0,0.4025496768015322,0.49381134785731384,127.5,,,0.6256442463697874,-0.650492753521114,-0.39118209093520323,-0.21218931149695008,-1.053152405507814,0.5911340846941974,1.6720819322526292,0.8974358974359018,0.4563456700245552,-0.529076810646321,14.0,5.0,21.0,0.0,0.0,0.0,0.0,0.0,0.0,0.0,0.0,0.0,0.0,0.0,0.0,0.0,0.0,0.0,0.0,0.0,0.0,0.0,0.0,0.0,0.0,0.0,0.0,0.0,0.0,0.0,0.0,,-0.24144191164885004,1.5005863494574951,0.4938308036687191,5.807926097333203,2.9661807209943034,-0.7351978563373132,0.0,0.0,,-0.0,
69816,2,Kelly Olynyk,203482,0022200012,2022-10-19,2022-23,UTA,83,9.0,10.0,1,1,1.0,1.0,9.0,,1.0,1.0,0.0,,1.4331983805668016,0.18855870445344133,108.00890688259113,,,0.8180300500834724,0.3688888888888889,0.18855870445344133,108.00890688259113,0.8180300500834724,0.3688888888888889,0.8180300500834724,0.3688888888888889,0.18855870445344133,108.00890688259113,1.4331983805668016,99.79759349593495,0.4025496768015322,,0.49381134785731384,,114.1397967479674,102.5,0.4025496768015322,0.49381134785731384,119.4,,,0.1683295637500901,-0.9093803310230398,0.4550830602384218,-2.0940170940172496,1.0846268206190368,0.3975121687398604,3.8729833462074166,14.999999999999995,0.4367069928390937,-0.9620350864519935,16.0,9.0,29.0,0.0,0.0,0.0,0.0,0.0,0.0,0.0,0.0,0.0,0.0,0.0,0.0,0.0,0.0,0.0,0.0,0.0,0.0,0.0,0.0,0.0,0.0,0.0,0.0,0.0,0.0,0.0,0.0,,-0.42012744961014764,58.09475019311123,0.1700868267186675,2.988051960285137,1.4900487847401076,-0.7351978563373132,0.0,0.0,,-0.0,
69817,0,Kentavious Caldwell-Pope,203484,0022200012,2022-10-19,2022-23,DEN,77,9.0,10.0,1,1,1.0,1.0,9.0,,0.0,1.0,0.0,,1.834008097165992,0.16282591093117446,108.99838056680163,,,0.8421052631578947,0.3838120104438642,0.16282591093117446,108.99838056680163,0.8421052631578947,0.3838120104438642,0.8421052631578947,0.3838120104438642,0.16282591093117446,108.99838056680163,1.834008097165992,99.79759349593495,0.4025496768015322,,0.49381134785731384,,114.1397967479674,102.5,0.4025496768015322,0.49381134785731384,100.0,,,1.066007136063265,0.8226696710975125,0.2142071745267021,-0.7824519230769235,0.2584844429303193,-1.1811141525641973,0.6507102656920991,-0.26528627936269433,1.3789069921171935,2.472984079632279,11.0,6.0,16.0,0.0,0.0,0.0,0.0,0.0,0.0,0.0,0.0,0.0,0.0,0.0,0.0,0.0,0.0,0.0,0.0,0.0,0.0,0.0,0.0,0.0,0.0,0.0,0.0,0.0,0.0,0.0,0.0,,3.4100150387994517,-0.17262450532856727,1.0385688333446406,3.045204904323701,2.239765391871392,-0.29459790884494386,0.0,0.0,,-0.0,
69818,0,Mason Plumlee,203486,0022200011,2022-10-19,2022-23,CHA,82,9.0,10.0,1,1,1.0,1.0,9.0,,0.0,1.0,0.0,,0.004048582995951417,0.15072469635627542,108.3076923076923,,,0.5486443381180224,0.058823529411764705,0.15072469635627542,108.3076923076923,0.5486443381180224,0.058823529411764705,0.5486443381180224,0.058823529411764705,0.15072469635627542,108.3076923076923,0.004048582995951417,99.79759349593495,0.4025496768015322,,0.49381134785731384,,114.1397967479674,106.0,0.4025496768015322,0.49381134785731384,120.6,,,0.2243358403425078,-0.3926073926073916,0.9405460868921027,-0.7852564102564139,2.4047631387103303,4.349112426035515,0.0,-3.0,0.0,-3.0,18.0,6.0,23.0,0.0,0.0,0.0,0.0,0.0,0.0,0.0,0.0,0.0,0.0,0.0,0.0,0.0,0.0,0.0,0.0,0.0,0.0,0.0,0.0,0.0,0.0,0.0,0.0,0.0,0.0,0.0,0.0,,-0.0,-0.0,0.0,0.0,0.0,0.0,0.0,0.0,,0.0,
69819,0,Mike Muscala,203488,0022200010,2022-10-19,2022-23,OKC,82,9.0,10.0,1,1,1.0,1.0,9.0,,0.0,1.0,0.0,,1.2510121457489878,0.1675101214574899,102.85546558704459,,,0.8537549407114624,0.39705882352941174,0.1675101214574899,102.85546558704459,0.8537549407114624,0.39705882352941174,0.8537549407114624,0.39705882352941174,0.1675101214574899,102.85546558704459,1.2510121457489878,99.79759349593495,0.4025496768015322,,0.49381134785731384,,114.1397967479674,106.0,0.4025496768015322,0.49381134785731384,100.9,,,-0.09249088995039631,-0.6690942193900694,1.0646714178018675,-0.2214972527472492,1.0441029313106924,0.4958776915072448,2.046206500605184,3.646296884933249,1.2790452361243618,2.739537461520388,37.0,11.0,34.0,0.0,0.0,0.0,0.0,0.0,0.0,0.0,0.0,0.0,0.0,0.0,0.0,0.0,0.0,0.0,0.0,0.0,0.0,0.0,0.0,0.0,0.0,0.0,0.0,0.0,0.0,0.0,0.0,,3.5039923393418797,7.4610763890868474,0.21155699216671914,2.110203400477042,0.7445987309500223,-0.7351978563373132,0.0,0.0,,-0.0,
69820,3,Reggie Bullock Jr.,203493,0022200013,2022-10-19,2022-23,DAL,78,9.0,10.0,1,1,1.0,1.0,9.0,,0.0,1.0,0.0,,2.0242914979757085,0.13909311740890695,108.62145748987848,,,0.8391959798994975,0.38924050632911394,0.13909311740890695,108.62145748987848,0.8391959798994975,0.38924050632911394,0.8391959798994975,0.38924050632911394,0.13909311740890695,108.62145748987848,2.0242914979757085,99.79759349593495,0.4025496768015322,,0.49381134785731384,,114.1397967479674,94.5,0.4025496768015322,0.49381134785731384,110.5,,,1.0467163095691052,0.31936813186813395,1.6319870856993872,1.3200511399957553,1.4073873102947176,1.2637362637362621,2.054361043094464,5.610075213019206,0.26991047098919013,-0.9424696286700072,20.0,5.0,28.0,0.0,0.0,0.0,0.0,0.0,0.0,0.0,0.0,0.0,0.0,0.0,0.0,0.0,0.0,0.0,0.0,0.0,0.0,0.0,0.0,0.0,0.0,0.0,0.0,0.0,0.0,0.0,0.0,,-0.25438242136732875,11.525119966456534,3.24349199316169,4.739408978187101,4.318197123155725,-0.005339380832623263,0.0,0.0,,-0.0,
69821,0,Rudy Gobert,203497,0022200010,2022-10-19,2022-23,MIN,85,9.0,10.0,1,1,1.0,1.0,9.0,,1.0,1.0,0.0,,0.0,0.16765991902834004,114.64210526315786,,,0.6455862977602108,0.0,0.16765991902834004,114.64210526315786,0.6455862977602108,0.0,0.6455862977602108,0.0,0.16765991902834004,114.64210526315786,0.0,99.79759349593495,0.4025496768015322,,0.49381134785731384,,114.1397967479674,106.0,0.4025496768015322,0.49381134785731384,109.5,,,0.11972565660493147,-0.4747596153846125,0.5473172873368379,-0.3846153846153868,3.8729833462074166,14.999999999999995,0.0,-3.0,3.872983346207248,14.999999999994102,16.0,12.0,26.0,0.0,0.0,0.0,0.0,0.0,0.0,0.0,0.0,0.0,0.0,0.0,0.0,0.0,0.0,0.0,0.0,0.0,0.0,0.0,0.0,0.0,0.0,0.0,0.0,0.0,0.0,0.0,0.0,,58.09475019308588,-0.0,0.0,0.06257144676388736,0.0,0.824414167986588,0.0,0.0,,0.0,
69822,0,Steven Adams,203500,0022200009,2022-10-19,2022-23,MEM,83,9.0,10.0,1,1,1.0,1.0,9.0,,1.0,1.0,0.0,,0.0,0.13731300813008118,114.30528455284545,,,0.5139500734214391,0.0,0.13731300813008118,114.30528455284545,0.5139500734214391,0.0,0.5139500734214391,0.0,0.13731300813008118,114.30528455284545,0.0,99.79759349593495,0.4025496768015322,,0.49381134785731384,,114.1397967479674,96.45,0.4025496768015322,0.49381134785731384,107.5,,,0.6983183363106119,0.16906817160195595,0.1343802801439809,-1.336555750034578,2.4047631387103303,4.349112426035515,0.0,-3.0,0.0,-3.0,26.0,16.0,34.0,0.0,0.0,0.0,0.0,0.0,0.0,0.0,0.0,0.0,0.0,0.0,0.0,0.0,0.0,0.0,0.0,0.0,0.0,0.0,0.0,0.0,0.0,0.0,0.0,0.0,0.0,0.0,0.0,,-0.0,-0.0,0.0,0.0,0.0,0.0,0.0,0.0,,0.0,
69823,1,Tim Hardaway Jr.,203501,0022200013,2022-10-19,2022-23,DAL,77,9.0,10.0,1,1,1.0,1.0,9.0,,0.0,1.0,0.0,,2.668016194331984,0.22140485829959522,111.80080971659912,,,0.8098918083462133,0.36711711711711714,0.22140485829959522,111.80080971659912,0.8098918083462133,0.36711711711711714,0.8098918083462133,0.36711711711711714,0.22140485829959522,111.80080971659912,2.668016194331984,99.79759349593495,0.4025496768015322,,0.49381134785731384,,114.1397967479674,94.5,0.4025496768015322,0.49381134785731384,110.5,,,-0.10058261180565138,-0.6763375033271276,1.1016494845674523,0.5753557546574203,0.23581611655377996,-0.6463574232950443,1.8198983715616983,4.838906486879566,0.7661677434322162,-0.718900240384618,20.0,5.0,28.0,0.0,0.0,0.0,0.0,0.0,0.0,0.0,0.0,0.0,0.0,0.0,0.0,0.0,0.0,0.0,0.0,0.0,0.0,0.0,0.0,0.0,0.0,0.0,0.0,0.0,0.0,0.0,0.0,,-0.5507981749283605,8.80631803561146,1.2763794299601305,5.632110844558617,1.804060120240029,-0.51461064452263,0.0,0.0,,-0.0,
69824,1,Jordan Clarkson,203903,0022200012,2022-10-19,2022-23,UTA,75,8.0,10.0,1,1,1.0,1.0,9.0,,1.0,1.0,0.0,,2.4210526315789473,0.26722672064777325,113.77246963562764,,,0.8412408759124088,0.33855072463768116,0.26722672064777325,113.77246963562764,0.8412408759124088,0.33855072463768116,0.8412408759124088,0.33855072463768116,0.26722672064777325,113.77246963562764,2.4210526315789473,99.79759349593495,0.4025496768015322,,0.49381134785731384,,114.1397967479674,102.5,0.4025496768015322,0.49381134785731384,119.4,,,0.8418649271938623,0.9711871173808913,0.43573044783966836,-1.3204369594902134,0.25598422138411814,-0.5048076923076916,0.07989407072791894,-1.1023702195724876,0.5635374632079636,-0.2600615476135937,16.0,9.0,29.0,0.0,0.0,0.0,0.0,0.0,0.0,0.0,0.0,0.0,0.0,0.0,0.0,0.0,0.0,0.0,0.0,0.0,0.0,0.0,0.0,0.0,0.0,0.0,0.0,0.0,0.0,0.0,0.0,,-0.14655442482010161,-0.08807284429087586,1.7341392161950548,5.250984999229901,1.9065977298834946,-0.51461064452263,0.0,0.0,,-0.0,
69825,3,Spencer Dinwiddie,203915,0022200013,2022-10-19,2022-23,DAL,77,8.0,10.0,1,1,1.0,1.0,9.0,,0.0,1.0,0.0,,1.7206477732793521,0.2264939271255061,108.23724696356267,,,0.7908496732026143,0.33095238095238094,0.2264939271255061,108.23724696356267,0.7908496732026143,0.33095238095238094,0.7908496732026143,0.33095238095238094,0.2264939271255061,108.23724696356267,1.7206477732793521,99.79759349593495,0.4025496768015322,,0.49381134785731384,,114.1397967479674,94.5,0.4025496768015322,0.49381134785731384,110.5,,,0.3727332894882807,-1.5030236036153195,0.19033525357899747,-1.2051282051282048,0.5978386037500802,-0.9941620879120876,0.2819616996552101,-0.9168956043956044,0.4543793929398751,0.07576978158079092,20.0,5.0,28.0,0.0,0.0,0.0,0.0,0.0,0.0,0.0,0.0,0.0,0.0,0.0,0.0,0.0,0.0,0.0,0.0,0.0,0.0,0.0,0.0,0.0,0.0,0.0,0.0,0.0,0.0,0.0,0.0,,0.034428227357866714,-0.2585294430217758,2.173516869132874,2.6843649025196257,1.5416662700734802,0.02128755332478359,0.0,0.0,,0.0,
69826,3,Jerami Grant,203924,0022200014,2022-10-19,2022-23,POR,79,8.0,10.0,1,1,1.0,1.0,9.0,,0.0,1.0,0.0,,1.6720647773279351,0.20429959514170043,108.21497975708495,,,0.7973921765295887,0.37283500455788515,0.20429959514170043,108.21497975708495,0.7973921765295887,0.37283500455788515,0.7973921765295887,0.37283500455788515,0.20429959514170043,108.21497975708495,1.6720647773279351,99.79759349593495,0.4025496768015322,,0.49381134785731384,,114.1397967479674,101.0,0.4025496768015322,0.49381134785731384,113.9,,,-0.2547797168654071,-0.2155536770921385,-0.1682341856307127,-0.03296703296703203,0.5397580957560999,0.4232679466814685,0.469686913358974,2.1101871101871077,0.46078696344078435,-0.5217404876490391,9.0,9.0,19.0,0.0,0.0,0.0,0.0,0.0,0.0,0.0,0.0,0.0,0.0,0.0,0.0,0.0,0.0,0.0,0.0,0.0,0.0,0.0,0.0,0.0,0.0,0.0,0.0,0.0,0.0,0.0,0.0,,-0.2404112150079148,0.9911272703936758,3.2908860479002064,2.711104887073465,1.9088337138775746,0.3751551779993052,0.0,0.0,,0.0,
69827,2,Doug McDermott,203926,0022200011,2022-10-19,2022-23,SAS,78,8.0,10.0,1,1,1.0,1.0,9.0,,1.0,1.0,0.0,,1.6842105263157894,0.17723886639676129,109.17975708502017,,,0.8157894736842105,0.42824339839265213,0.17723886639676129,109.17975708502017,0.8157894736842105,0.42824339839265213,0.8157894736842105,0.42824339839265213,0.17723886639676129,109.17975708502017,1.6842105263157894,99.79759349593495,0.4025496768015322,,0.49381134785731384,,114.1397967479674,106.0,0.4025496768015322,0.49381134785731384,97.1,,,1.0131943856025647,0.581310257483334,1.6824034256615936,4.553656220322886,0.704614484417818,-0.3339274181021443,0.8587743023032622,0.6678716880977458,0.005135532741985767,-0.8838457378208608,17.0,6.0,28.0,0.0,0.0,0.0,0.0,0.0,0.0,0.0,0.0,0.0,0.0,0.0,0.0,0.0,0.0,0.0,0.0,0.0,0.0,0.0,0.0,0.0,0.0,0.0,0.0,0.0,0.0,0.0,0.0,,-0.004539018725443599,0.5735510429742436,0.821176635010758,5.288399473618024,3.226220854464393,-0.7614889595473099,0.0,0.0,,-0.0,
69828,0,Aaron Gordon,203932,0022200012,2022-10-19,2022-23,DEN,80,8.0,10.0,1,1,1.0,1.0,9.0,,0.0,1.0,0.0,,1.2510121457489878,0.20294736842105274,111.30121457489881,,,0.7142857142857143,0.3304535637149028,0.20294736842105274,111.30121457489881,0.7142857142857143,0.3304535637149028,0.7142857142857143,0.3304535637149028,0.20294736842105274,111.30121457489881,1.2510121457489878,99.79759349593495,0.4025496768015322,,0.49381134785731384,,114.1397967479674,102.5,0.4025496768015322,0.49381134785731384,100.0,,,0.3080753314688227,-1.3749468646594691,1.3827593145957107,3.3543632466355824,0.3398332293515787,-0.11151570323167813,0.20632396181869603,-0.7401856407500025,0.07811193992427576,-1.3282700678822623,11.0,6.0,16.0,0.0,0.0,0.0,0.0,0.0,0.0,0.0,0.0,0.0,0.0,0.0,0.0,0.0,0.0,0.0,0.0,0.0,0.0,0.0,0.0,0.0,0.0,0.0,0.0,0.0,0.0,0.0,0.0,,-0.10375375174563296,-0.15271803388085056,0.8525164108191208,1.9170597248446495,1.431108141508999,-0.29459790884494386,0.0,0.0,,-0.0,
69829,0,Kyle Anderson,203937,0022200010,2022-10-19,2022-23,MIN,81,8.0,10.0,1,1,1.0,1.0,9.0,,1.0,1.0,0.0,,0.659919028340081,0.1514372469635628,107.00283400809721,,,0.6942528735632184,0.3382663847780127,0.1514372469635628,107.00283400809721,0.6942528735632184,0.3382663847780127,0.6942528735632184,0.3382663847780127,0.1514372469635628,107.00283400809721,0.659919028340081,99.79759349593495,0.4025496768015322,,0.49381134785731384,,114.1397967479674,106.0,0.4025496768015322,0.49381134785731384,109.5,,,0.26387359062072574,-1.1406593406593384,0.5280689851475728,-1.003656079270445,-0.1489608979310549,-2.307692307692309,0.628044799734325,-0.6541640178003809,1.2048632677010491,1.800182066454255,16.0,12.0,26.0,0.0,0.0,0.0,0.0,0.0,0.0,0.0,0.0,0.0,0.0,0.0,0.0,0.0,0.0,0.0,0.0,0.0,0.0,0.0,0.0,0.0,0.0,0.0,0.0,0.0,0.0,0.0,0.0,,2.168973247044901,-0.4108443095528417,0.7412077287507474,0.5348436506122441,0.29989330508234346,0.3751551779993052,0.0,0.0,,0.0,
69830,2,Julius Randle,203944,0022200009,2022-10-19,2022-23,NYK,80,8.0,10.0,1,1,1.0,1.0,9.0,,0.0,1.0,0.0,,1.5870445344129556,0.27833603238866406,108.03238866396757,,,0.7660300136425648,0.34212840809146877,0.27833603238866406,108.03238866396757,0.7660300136425648,0.34212840809146877,0.7660300136425648,0.34212840809146877,0.27833603238866406,108.03238866396757,1.5870445344129556,99.79759349593495,0.4025496768015322,,0.49381134785731384,,114.1397967479674,96.45,0.4025496768015322,0.49381134785731384,105.7,,,1.883315316452662,5.188943170111699,0.36805160281777,0.9455495736824173,0.6846560829344455,0.9386288452032472,1.3347837313925504,0.4705936156590138,1.3399518282493723,2.3107399036618745,14.0,12.0,25.0,0.0,0.0,0.0,0.0,0.0,0.0,0.0,0.0,0.0,0.0,0.0,0.0,0.0,0.0,0.0,0.0,0.0,0.0,0.0,0.0,0.0,0.0,0.0,0.0,0.0,0.0,0.0,0.0,,3.096280158520507,0.6281407022788502,0.19462074322608847,6.382623296207256,2.3806472492285744,0.824414167986588,0.0,0.0,,0.0,
69831,0,Dario Saric,203967,0022200013,2022-10-19,2022-23,PHX,82,8.0,10.0,1,1,1.0,1.0,9.0,,1.0,1.0,0.0,,1.4736842105263157,0.19029149797570857,110.72307692307685,,,0.8574074074074074,0.3806881243063263,0.19029149797570857,110.72307692307685,0.8574074074074074,0.3806881243063263,0.8574074074074074,0.3806881243063263,0.19029149797570857,110.72307692307685,1.4736842105263157,99.79759349593495,0.4025496768015322,,0.49381134785731384,,114.1397967479674,94.5,0.4025496768015322,0.49381134785731384,113.8,,,1.2462867574204493,0.5895608067584004,0.7165586746478229,0.04060899608980406,1.1763539004879071,-0.734265734265738,2.4047631387103303,4.349112426035515,0.28961308610794967,-0.7538461538461522,11.0,5.0,17.0,0.0,0.0,0.0,0.0,0.0,0.0,0.0,0.0,0.0,0.0,0.0,0.0,0.0,0.0,0.0,0.0,0.0,0.0,0.0,0.0,0.0,0.0,0.0,0.0,0.0,0.0,0.0,0.0,,-0.21832371106599235,10.458585248237265,0.19310557558745506,1.6143654580703657,0.9569245618686422,-0.7351978563373132,0.0,0.0,,-0.0,
69832,0,Clint Capela,203991,0022200005,2022-10-19,2022-23,ATL,82,8.0,10.0,1,1,1.0,1.0,9.0,,1.0,1.0,0.0,,0.0,0.1743983739837397,114.7540650406504,,,0.5654320987654321,0.35880390072760293,0.1743983739837397,114.7540650406504,0.5654320987654321,0.35880390072760293,0.5654320987654321,0.35880390072760293,0.1743983739837397,114.7540650406504,0.0,99.79759349593495,0.4025496768015322,,0.49381134785731384,,114.1397967479674,106.0,0.4025496768015322,0.49381134785731384,110.4,,,-0.05483424710186084,0.4722906309935316,-0.11267025994932857,-0.48394787031150543,3.8729833462074166,14.999999999999995,0.0,-3.0,0.0,-3.0,13.0,7.0,17.0,0.0,0.0,0.0,0.0,0.0,0.0,0.0,0.0,0.0,0.0,0.0,0.0,0.0,0.0,0.0,0.0,0.0,0.0,0.0,0.0,0.0,0.0,0.0,0.0,0.0,0.0,0.0,0.0,,-0.0,-0.0,0.0,0.0,0.0,0.0,0.0,0.0,,0.0,
69833,0,Jusuf Nurkic,203994,0022200014,2022-10-19,2022-23,POR,84,8.0,10.0,1,1,1.0,1.0,9.0,,0.0,1.0,0.0,,0.12955465587044535,0.23952631578947378,111.93076923076931,,,0.7013618677042801,0.2457627118644068,0.23952631578947378,111.93076923076931,0.7013618677042801,0.2457627118644068,0.7013618677042801,0.2457627118644068,0.23952631578947378,111.93076923076931,0.12955465587044535,99.79759349593495,0.4025496768015322,,0.49381134785731384,,114.1397967479674,101.0,0.4025496768015322,0.49381134785731384,113.9,,,0.98025945941718,0.6932494358747061,0.66463526904237,-0.43484216614410504,0.8022883956640813,-0.12667970212588933,0.0,-3.0,0.8083328816223911,-0.387515679720411,9.0,9.0,19.0,0.0,0.0,0.0,0.0,0.0,0.0,0.0,0.0,0.0,0.0,0.0,0.0,0.0,0.0,0.0,0.0,0.0,0.0,0.0,0.0,0.0,0.0,0.0,0.0,0.0,0.0,0.0,0.0,,-0.31324166606225945,-0.0,0.0,0.5629661644308113,0.37056893612561526,0.824414167986588,0.0,0.0,,0.0,
69834,1,Nikola Jokic,203999,0022200012,2022-10-19,2022-23,DEN,83,8.0,10.0,1,1,1.0,1.0,9.0,,0.0,1.0,0.0,,1.194331983805668,0.2842967479674794,116.36422764227642,,,0.8261886204208886,0.34445768772348034,0.2842967479674794,116.36422764227642,0.8261886204208886,0.34445768772348034,0.8261886204208886,0.34445768772348034,0.2842967479674794,116.36422764227642,1.194331983805668,99.79759349593495,0.4025496768015322,,0.49381134785731384,,114.1397967479674,102.5,0.4025496768015322,0.49381134785731384,100.0,,,0.4788531983536195,-0.27678848810876533,0.8081591256961173,0.5019272106378361,0.3862579454213959,-1.427016873829041,3.8729833462074166,14.999999999999995,0.9952693965958846,0.9818727870086074,11.0,6.0,16.0,0.0,0.0,0.0,0.0,0.0,0.0,0.0,0.0,0.0,0.0,0.0,0.0,0.0,0.0,0.0,0.0,0.0,0.0,0.0,0.0,0.0,0.0,0.0,0.0,0.0,0.0,0.0,0.0,,0.9772279362599762,58.09475019311123,0.008889727562266496,1.1921453796782275,0.22818374628926924,0.824414167986588,0.0,0.0,,0.0,
69835,1,Kristaps Porzingis,204001,0022200004,2022-10-19,2022-23,WAS,86,7.0,10.0,1,1,1.0,1.0,9.0,,0.0,1.0,0.0,,2.034632034632035,0.2681645021645023,111.26926406926404,,,0.8093457943925234,0.3707239459029435,0.2681645021645023,111.26926406926404,0.8093457943925234,0.3707239459029435,0.8093457943925234,0.3707239459029435,0.2681645021645023,111.26926406926404,2.034632034632035,99.79759349593495,0.4025496768015322,,0.49381134785731384,,114.1397967479674,104.5,0.4025496768015322,0.49381134785731384,108.6,,,1.1485779767121254,1.3029495841995833,0.8252566233534412,-0.8292864987546843,0.6000350293795422,-0.17169729984369825,1.6720819322526292,0.8974358974359018,0.33170886786144077,-1.0954813397686791,13.0,9.0,22.0,0.0,0.0,0.0,0.0,0.0,0.0,0.0,0.0,0.0,0.0,0.0,0.0,0.0,0.0,0.0,0.0,0.0,0.0,0.0,0.0,0.0,0.0,0.0,0.0,0.0,0.0,0.0,0.0,,-0.36338087497800287,1.5005863494574951,0.2357735223804647,5.4177253476842955,1.37790711022172,0.824414167986588,0.0,0.0,,0.0,
69836,0,T.J. McConnell,204456,0022200004,2022-10-19,2022-23,IND,73,7.0,10.0,1,1,1.0,1.0,9.0,,1.0,1.0,0.0,,0.1862348178137652,0.15410931174089057,108.0040485829959,,,0.7583892617449665,0.3412698412698413,0.15410931174089057,108.0040485829959,0.7583892617449665,0.3412698412698413,0.7583892617449665,0.3412698412698413,0.15410931174089057,108.0040485829959,0.1862348178137652,99.79759349593495,0.4025496768015322,,0.49381134785731384,,114.1397967479674,104.5,0.4025496768015322,0.49381134785731384,102.9,,,-0.25305399221359376,0.10595982586789887,-0.30849260737526457,-0.21926273172810612,0.5016516497309589,-0.7252804884061805,2.3435306385993258,5.8852511125238385,1.6458178569951298,1.8291406136396824,17.0,6.0,36.0,0.0,0.0,0.0,0.0,0.0,0.0,0.0,0.0,0.0,0.0,0.0,0.0,0.0,0.0,0.0,0.0,0.0,0.0,0.0,0.0,0.0,0.0,0.0,0.0,0.0,0.0,0.0,0.0,,3.010432284883219,13.792266298050384,0.1071105886679976,0.5399368585327478,0.006553356968928866,-0.6415716903718726,0.0,0.0,,-0.0,
69837,1,Bobby Portis,1626171,0022200015,2022-10-20,2022-23,MIL,82,7.0,10.0,1,1,2.0,2.0,1.0,9.0,0.0,1.0,0.0,,1.368421052631579,0.21272064777327934,109.32429149797565,,,0.7492795389048992,0.4047919293820933,0.21272064777327934,109.32429149797565,0.7492795389048992,0.4047919293820933,0.7492795389048992,0.4047919293820933,0.21272064777327934,109.32429149797565,1.368421052631579,97.5,16.0,0.45714285714285713,14.0,0.4,129.9,96.25,0.45714285714285713,0.4,112.30000000000001,0.8571428571428571,,0.4749208207578885,-0.5270655270655263,-0.13682614424253348,-1.6590805644060078,0.8422416405445339,1.0543722261253976,0.7717618359941869,-0.4427802820997518,0.9709853148002829,0.9013175405908975,25.0,9.0,33.0,0.0,0.0,0.0,0.0,0.0,0.0,0.0,0.0,0.0,0.0,0.0,0.0,0.0,0.0,0.0,0.0,0.0,0.0,0.0,0.0,0.0,0.0,0.0,0.0,0.0,0.0,0.0,0.0,,0.8751660958856694,-0.34172092345532845,1.6950554014448675,1.1610010788922838,0.9535267874168702,0.3751551779993052,0.0,0.0,,0.0,
69838,1,Norman Powell,1626181,0022200016,2022-10-20,2022-23,LAC,76,7.0,10.0,1,1,2.0,2.0,1.0,9.0,0.0,1.0,0.0,,1.3360323886639676,0.2055060728744939,107.06356275303641,,,0.8395522388059702,0.3700696055684455,0.2055060728744939,107.06356275303641,0.8395522388059702,0.3700696055684455,0.8395522388059702,0.3700696055684455,0.2055060728744939,107.06356275303641,1.3360323886639676,113.5,20.0,0.46511627906976744,16.0,0.37209302325581395,107.0,109.25,0.46511627906976744,0.37209302325581395,103.0,0.8372093023255814,,-0.0291223976987668,-0.9376489987285452,0.13865863683670349,-0.2538461538461547,0.3956332328968203,0.42510121457489847,-0.166951097678374,-1.2042477154205464,0.5173462725687074,0.15843661540054071,8.0,3.0,26.0,0.0,0.0,0.0,0.0,0.0,0.0,0.0,0.0,0.0,0.0,0.0,0.0,0.0,0.0,0.0,0.0,0.0,0.0,0.0,0.0,0.0,0.0,0.0,0.0,0.0,0.0,0.0,0.0,,0.08196659241587159,0.20105047796613437,2.512541269018367,3.4609777951981764,3.801952785271818,-0.005339380832623263,0.0,0.0,,-0.0,
69839,0,Georges Niang,1627777,0022200015,2022-10-20,2022-23,PHI,79,6.0,1.0,2,2,1.0,1.0,9.0,9.0,1.0,2.0,0.0,0.0,1.0,0.154,128.0,8.599999999999994,12.126666666666667,0.88,0.4141791044776119,0.154,128.0,0.88,0.4141791044776119,0.88,0.4141791044776119,0.1684655870445346,108.35789473684211,1.4898785425101215,105.5,18.0,0.4611295681063123,15.0,0.386046511627907,118.45,95.0,0.4611295681063123,0.386046511627907,92.6,0.8471760797342193,97.5,1.3202801948447913,0.8076923076922778,1.0846268206190348,0.39751216873984435,1.6720819322526292,0.8974358974359018,0.5518606681171822,-0.6654516397073513,-0.2994727064393837,-1.408994983757982,13.0,7.0,17.0,-8.0,3.0,1.0,8.0,0.0,0.0,0.0,0.0,0.0,0.0,0.0,0.0,0.0,0.0,0.0,0.0,0.0,0.0,0.0,0.0,0.0,0.0,0.0,0.0,0.0,0.0,0.0,0.0,,0.4219555411455183,-0.36723658648857327,0.9490517082490957,3.443869385003665,2.4583874491436637,-0.51461064452263,0.0,0.0,,-0.0,
69840,0,Ivica Zubac,1627826,0022200016,2022-10-20,2022-23,LAC,84,6.0,10.0,1,1,2.0,2.0,1.0,9.0,0.0,1.0,0.0,0.0,1.0,0.154,128.0,8.599999999999994,12.126666666666667,0.7562893081761006,0.0,0.154,128.0,0.7562893081761006,0.0,0.7562893081761006,0.0,0.1647317073170732,110.35853658536591,0.0,113.5,20.0,0.46511627906976744,16.0,0.37209302325581395,107.0,109.25,0.46511627906976744,0.37209302325581395,103.0,0.8372093023255814,97.5,0.1710218994778057,-1.492698823096954,0.8347624979720404,-0.15540567387158397,1.1763539004879071,-0.734265734265738,0.0,-3.0,0.0,-3.0,8.0,3.0,26.0,0.0,0.0,0.0,0.0,0.0,0.0,0.0,0.0,0.0,0.0,0.0,0.0,0.0,0.0,0.0,0.0,0.0,0.0,0.0,0.0,0.0,0.0,0.0,0.0,0.0,0.0,0.0,0.0,,-0.0,-0.0,0.0,0.0,0.0,0.0,0.0,0.0,,0.0,
69841,3,Luke Kennard,1628379,0022200016,2022-10-20,2022-23,LAC,77,5.0,10.0,1,1,2.0,2.0,1.0,9.0,0.0,1.0,0.0,0.0,1.0,0.154,128.0,8.599999999999994,12.126666666666667,0.8737201365187713,0.4280639431616341,0.154,128.0,0.8737201365187713,0.4280639431616341,0.8737201365187713,0.4280639431616341,0.16845528455284564,109.14878048780484,2.0121457489878543,113.5,20.0,0.46511627906976744,16.0,0.37209302325581395,107.0,109.25,0.46511627906976744,0.37209302325581395,103.0,0.8372093023255814,97.5,0.93764572262916,0.5173235855053943,0.748794513706997,-0.29876373626373576,1.8433992793120761,4.474666573806459,0.704614484417818,-0.3339274181021443,-0.3382709503628593,0.1716842714072635,8.0,3.0,26.0,0.0,0.0,0.0,0.0,0.0,0.0,0.0,0.0,0.0,0.0,0.0,0.0,0.0,0.0,0.0,0.0,0.0,0.0,0.0,0.0,0.0,0.0,0.0,0.0,0.0,0.0,0.0,0.0,,-0.058075801651290095,-0.2352900955390156,0.7413557266184102,4.534720321527459,1.9363623575238744,-0.7614889595473099,0.0,0.0,,-0.0,
69842,2,Grayson Allen,1628960,0022200015,2022-10-20,2022-23,MIL,76,4.0,10.0,1,1,2.0,2.0,1.0,9.0,0.0,1.0,0.0,0.0,1.0,0.154,128.0,8.599999999999994,12.126666666666667,0.8559322033898306,0.405,0.154,128.0,0.8559322033898306,0.405,0.8559322033898306,0.405,0.16499363057324837,108.61847133757963,2.082802547770701,97.5,16.0,0.45714285714285713,14.0,0.4,129.9,96.25,0.45714285714285713,0.4,112.30000000000001,0.8571428571428571,97.5,1.608700379072135,3.4471747729432334,0.5547871557170494,-1.1317408365748678,3.8729833462074166,14.999999999999995,1.458897546307025,1.8793948433837624,0.49513766401134524,-0.2175809719586517,25.0,9.0,33.0,0.0,0.0,0.0,0.0,0.0,0.0,0.0,0.0,0.0,0.0,0.0,0.0,0.0,0.0,0.0,0.0,0.0,0.0,0.0,0.0,0.0,0.0,0.0,0.0,0.0,0.0,0.0,0.0,,-0.10773253418892481,2.7418445255546464,0.37229196424291777,2.568833285176464,1.726122482572938,-0.7614889595473099,0.0,0.0,,-0.0,
69843,1,Jevon Carter,1628975,0022200015,2022-10-20,2022-23,MIL,73,4.0,10.0,1,1,2.0,2.0,1.0,9.0,0.0,1.0,0.0,0.0,1.0,0.154,128.0,8.599999999999994,12.126666666666667,0.8333333333333334,0.42151162790697677,0.154,128.0,0.8333333333333334,0.42151162790697677,0.8333333333333334,0.42151162790697677,0.13808888888888898,103.98370370370368,1.1703703703703703,97.5,16.0,0.45714285714285713,14.0,0.4,129.9,96.25,0.45714285714285713,0.4,112.30000000000001,0.8571428571428571,97.5,2.399830940798877,5.928306173804702,0.7882269819968861,-1.6153846153847065,1.0321930260468262,-0.5195480897874231,1.4039835800326277,2.0973402713136897,0.43843841886472873,-1.6952638868790477,25.0,9.0,33.0,0.0,0.0,0.0,0.0,0.0,0.0,0.0,0.0,0.0,0.0,0.0,0.0,0.0,0.0,0.0,0.0,0.0,0.0,0.0,0.0,0.0,0.0,0.0,0.0,0.0,0.0,0.0,0.0,,-0.7432688181217241,2.944631302665597,0.5498430109039475,0.7199227341546738,1.0346414547479839,-0.005339380832623263,0.0,0.0,,-0.0,
69844,1,De'Anthony Melton,1629001,0022200015,2022-10-20,2022-23,PHI,75,4.0,1.0,2,2,1.0,1.0,9.0,9.0,1.0,2.0,0.0,0.0,1.0,0.093,122.0,2.5999999999999943,20.55,0.7689873417721519,0.37483085250338294,0.093,122.0,0.7689873417721519,0.37483085250338294,0.7689873417721519,0.37483085250338294,0.18421100917431193,109.00458715596326,1.3256880733944953,105.5,18.0,0.4611295681063123,15.0,0.386046511627907,118.45,95.0,0.4611295681063123,0.386046511627907,92.6,0.8471760797342193,97.5,0.49369897600006657,-0.3494505494505496,0.4936989760000664,-0.3494505494505496,-0.1489608979310549,-2.307692307692309,0.9730994355302454,0.799520852089787,-0.028356834915224033,-1.5227347290677988,13.0,7.0,17.0,-8.0,3.0,1.0,8.0,0.0,0.0,0.0,0.0,0.0,0.0,0.0,0.0,0.0,0.0,0.0,0.0,0.0,0.0,0.0,0.0,0.0,0.0,0.0,0.0,0.0,0.0,0.0,0.0,,0.04317993733185396,0.7780132898632325,2.224841845100467,5.558484825857179,3.9031535300515223,-0.29459790884494386,0.0,0.0,,-0.0,
69845,2,Lonnie Walker IV,1629022,0022200016,2022-10-20,2022-23,LAL,76,4.0,1.0,2,2,1.0,1.0,9.0,9.0,1.0,2.0,0.0,0.0,0.0,0.125,95.7,-1.5999999999999943,29.283333333333335,0.5,0.0,0.125,95.7,0.5,0.0,0.7862595419847328,0.34312210200927357,0.20442541436464096,106.7607734806629,1.3259668508287292,105.5,18.0,0.4611295681063123,15.0,0.386046511627907,118.45,105.0,0.4611295681063123,0.386046511627907,91.5,0.8471760797342193,113.5,0.06634600811033674,-1.2154857889284263,2.5215258231860935,7.605828712380912,-0.3093052201560296,-0.45655582925027716,1.2256918422345517,1.130815105621387,0.5764909385545831,0.5555353737172007,25.0,10.0,35.0,11.0,-1.0,-4.0,1.0,0.0,0.0,0.0,0.0,0.0,0.0,0.0,0.0,0.0,0.0,0.0,0.0,0.0,0.0,0.0,0.0,0.0,0.0,0.0,0.0,0.0,0.0,0.0,0.0,,0.32026110899450017,1.3860308500357372,1.9310265746779567,5.548510166086087,2.972137439384618,-0.29459790884494386,0.0,0.0,,-0.0,
69846,0,Terance Mann,1629611,0022200016,2022-10-20,2022-23,LAC,77,3.0,10.0,1,1,2.0,2.0,1.0,9.0,0.0,1.0,0.0,0.0,0.6666666666666673,0.12399999999999985,115.23333333333333,3.199999999999998,20.653333333333332,0.5,0.0,0.124,115.23333333333333,0.5,0.0,0.7846715328467153,0.39057239057239057,0.14889308176100624,106.91069182389933,0.73125,113.5,20.0,0.46511627906976744,16.0,0.37209302325581395,107.0,109.25,0.46511627906976744,0.37209302325581395,103.0,0.8372093023255814,102.83333333333333,0.9281418323997759,0.3807235323226249,1.2526363055266034,0.6135390186997242,0.8191495084291777,0.9692307692307688,0.4325150191747367,-1.5452890304961306,0.6820656487560123,-0.08259819070629212,8.0,3.0,26.0,0.0,0.0,0.0,0.0,0.0,0.0,0.0,0.0,0.0,0.0,0.0,0.0,0.0,0.0,0.0,0.0,0.0,0.0,0.0,0.0,0.0,0.0,0.0,0.0,0.0,0.0,0.0,0.0,,-0.05633738853015996,-0.6683607146555443,0.6210968255181286,0.5051538288934971,0.16752384949859842,0.3751551779993052,0.0,0.0,,0.0,
69847,2,Jordan Nwora,1629670,0022200015,2022-10-20,2022-23,MIL,80,2.0,10.0,1,1,2.0,2.0,1.0,9.0,0.0,1.0,0.0,0.0,0.6666666666666673,0.12399999999999985,115.23333333333333,3.199999999999998,20.653333333333332,0.5,0.0,0.124,115.23333333333333,0.5,0.0,0.803030303030303,0.38132295719844356,0.19922972972972972,110.87837837837837,1.3918918918918919,97.5,16.0,0.45714285714285713,14.0,0.4,129.9,96.25,0.45714285714285713,0.4,112.30000000000001,0.8571428571428571,102.83333333333333,1.320622965623549,1.1732029106826956,2.127976931370786,5.487375220199647,1.101580695902846,0.2692307692307685,0.5382453524077101,-1.0535117056856182,0.5444854986303064,0.032948091839214246,25.0,9.0,33.0,0.0,0.0,0.0,0.0,0.0,0.0,0.0,0.0,0.0,0.0,0.0,0.0,0.0,0.0,0.0,0.0,0.0,0.0,0.0,0.0,0.0,0.0,0.0,0.0,0.0,0.0,0.0,0.0,,0.017939758213991696,-0.5670477792924034,0.4826964022268897,1.4939776719110498,0.4602511980015918,-0.51461064452263,0.0,0.0,,-0.0,
69848,0,Matisse Thybulle,1629680,0022200015,2022-10-20,2022-23,PHI,77,3.0,1.0,2,2,1.0,1.0,9.0,9.0,1.0,2.0,0.0,0.0,0.0,0.0,0.0,-119.4,0.4033333333333333,0.5,0.0,0.0,0.0,0.5,0.0,0.6931818181818182,0.336986301369863,0.09796951219512195,109.15792682926823,0.7987804878048781,105.5,18.0,0.4611295681063123,15.0,0.386046511627907,118.45,95.0,0.4611295681063123,0.386046511627907,92.6,0.8471760797342193,97.5,0.24138620524282814,-1.0427886446920278,2.272968452080373,4.784795190200645,3.8729833462074166,14.999999999999995,0.4945054945054946,-0.9120879120879124,0.9667168251966869,-0.34877622377619155,13.0,7.0,17.0,-8.0,3.0,1.0,8.0,0.0,0.0,0.0,0.0,0.0,0.0,0.0,0.0,0.0,0.0,0.0,0.0,0.0,0.0,0.0,0.0,0.0,0.0,0.0,0.0,0.0,0.0,0.0,0.0,,-0.3371678437530091,-0.4510324839995172,0.6002275164342707,0.15737973066723207,0.34609810386521406,1.269843310776022,0.0,0.0,,0.0,
69849,0,Tyrese Maxey,1630178,0022200015,2022-10-20,2022-23,PHI,74,2.0,1.0,2,2,1.0,1.0,9.0,9.0,1.0,2.0,0.0,0.0,2.0,0.207,117.5,-1.9000000000000057,38.19833333333333,1.0,0.4,0.207,117.5,1.0,0.4,0.8686868686868687,0.4011142061281337,0.20042105263157892,110.3578947368421,1.2982456140350878,105.5,18.0,0.4611295681063123,15.0,0.386046511627907,118.45,95.0,0.4611295681063123,0.386046511627907,92.6,0.8471760797342193,97.5,0.5018380250582226,-0.4857920435443842,0.060859509263114286,-1.356447148245157,1.8564669405192642,4.690392096303762,1.2084624374564918,1.0128512000798913,0.4529417188718349,-0.6837245594642044,13.0,7.0,17.0,-8.0,3.0,1.0,8.0,0.0,0.0,0.0,0.0,0.0,0.0,0.0,0.0,0.0,0.0,0.0,0.0,0.0,0.0,0.0,0.0,0.0,0.0,0.0,0.0,0.0,0.0,0.0,0.0,,-0.30968737719860484,1.2239926300292783,0.9595709276216398,3.214692444579183,1.9839570204426145,-0.51461064452263,0.0,0.0,,-0.0,
69850,0,Paul Reed,1630194,0022200015,2022-10-20,2022-23,PHI,81,2.0,10.0,1,1,1.0,1.0,9.0,9.0,1.0,2.0,0.0,0.0,0.7500000000000004,0.10624999999999989,83.8,-30.075000000000003,22.10875,0.7500000000000004,0.2,0.10625,83.8,0.7500000000000001,0.19999999999999957,0.45454545454545453,0.1111111111111111,0.1743953488372093,103.79767441860466,0.023255813953488372,103.9,17.6,0.4603322259136212,14.8,0.3888372093023256,120.74000000000001,95.0,0.4603322259136212,0.3888372093023256,92.6,0.8491694352159469,97.5,1.9945676322102044,4.09118658123642,1.6319870856993872,1.3200511399957553,3.8729833462074166,14.999999999999995,3.8729833462074166,14.999999999999995,3.872983346207248,14.999999999994102,13.0,7.0,17.0,-8.0,3.0,1.0,8.0,0.0,0.0,0.0,0.0,0.0,0.0,0.0,0.0,0.0,0.0,0.0,0.0,0.0,0.0,0.0,0.0,0.0,0.0,0.0,0.0,0.0,0.0,0.0,0.0,,58.09475019308588,58.09475019311123,0.02301874886878753,0.4623439303296163,0.4623439303296163,0.824414167986588,0.0,0.0,,0.0,
69851,0,Austin Reaves,1630559,0022200016,2022-10-20,2022-23,LAL,77,1.0,1.0,2,2,1.0,1.0,9.0,9.0,1.0,2.0,0.0,0.0,0.0,0.068,80.0,-17.299999999999997,16.0,1.0,0.0,0.068,80.0,1.0,0.0,0.8407079646017699,0.33112582781456956,0.11819999999999997,109.05999999999999,0.9090909090909091,101.5,17.0,0.4591362126245847,14.5,0.3930232558139535,124.17500000000001,105.0,0.4591362126245847,0.3930232558139535,91.5,0.8521594684385382,113.5,0.5041220657107991,-0.7562326869806074,0.748794513706997,-0.29876373626373576,2.3221531542098965,6.089213816486545,1.4582870415769063,2.0327383334667424,1.5631214235957338,2.1706148522757482,25.0,10.0,35.0,11.0,-1.0,-4.0,1.0,0.0,0.0,0.0,0.0,0.0,0.0,0.0,0.0,0.0,0.0,0.0,0.0,0.0,0.0,0.0,0.0,0.0,0.0,0.0,0.0,0.0,0.0,0.0,0.0,,3.3929345779673112,2.9643159706111866,0.7256610400921246,2.1118660995060825,0.2048389207192025,-0.29459790884494386,0.0,0.0,,-0.0,
69852,1,P.J. Tucker,200782,0022200015,2022-10-20,2022-23,PHI,77,16.0,1.0,2,2,1.0,1.0,9.0,9.0,1.0,2.0,0.0,0.0,0.0,0.095,116.2,-3.200000000000003,33.016666666666666,0.8333333333333336,0.0,0.095,116.2,0.8333333333333334,0.0,0.7398843930635838,0.37663755458515286,0.09572064777327938,113.39392712550618,1.3967611336032388,102.83333333333333,17.333333333333332,0.45980066445182727,14.666666666666666,0.39069767441860465,122.26666666666667,95.0,0.45980066445182727,0.39069767441860465,92.6,0.8504983388704318,97.5,0.9140194750603665,-0.6123244366817263,0.2638735906207252,-1.1406593406593417,0.7882269819968927,-1.615384615384615,0.5751597122225947,-0.5853475891334196,2.4047631387104955,4.349112426039439,13.0,7.0,17.0,-8.0,3.0,1.0,8.0,0.0,0.0,0.0,0.0,0.0,0.0,0.0,0.0,0.0,0.0,0.0,0.0,0.0,0.0,0.0,0.0,0.0,0.0,0.0,0.0,0.0,0.0,0.0,0.0,,10.45858524824742,-0.33666835091616715,1.5329321006390273,0.0035368519898609893,0.24466324994273114,1.269843310776022,0.0,0.0,,0.0,
69853,0,Russell Westbrook,201566,0022200016,2022-10-20,2022-23,LAL,76,14.0,1.0,2,2,1.0,1.0,9.0,9.0,1.0,2.0,0.0,0.0,1.0,0.214,102.7,5.400000000000006,30.683333333333334,0.8,0.3333333333333333,0.214,102.7,0.8,0.3333333333333333,0.6915389740173218,0.2965853658536585,0.29457085020242924,109.34048582995953,1.2469635627530364,105.5,18.0,0.4611295681063123,15.0,0.386046511627907,118.45,105.0,0.4611295681063123,0.386046511627907,91.5,0.8471760797342193,113.5,-0.13501830372184137,1.431750068113705,1.0117762055694737,1.8599226217569402,-0.0998751350074933,-1.169389078555543,2.130077485325831,4.196439923712653,-0.01822665709948236,-0.3965929906223606,25.0,10.0,35.0,11.0,-1.0,-4.0,1.0,0.0,0.0,0.0,0.0,0.0,0.0,0.0,0.0,0.0,0.0,0.0,0.0,0.0,0.0,0.0,0.0,0.0,0.0,0.0,0.0,0.0,0.0,0.0,0.0,,0.00722856444813199,8.93874220002277,1.5091803569479707,3.2626190849575902,1.6965305104168236,-0.29459790884494386,0.0,0.0,,-0.0,
69854,4,Brook Lopez,201572,0022200015,2022-10-20,2022-23,MIL,85,14.0,10.0,1,1,2.0,2.0,1.0,9.0,0.0,1.0,0.0,0.0,0.5000000000000003,0.1181666666666666,85.35000000000001,-23.0,24.597499999999997,0.8250000000000002,0.14666666666666667,0.11816666666666668,85.35000000000001,0.8250000000000001,0.1466666666666665,0.8296593186372746,0.34760705289672544,0.17615384615384613,113.88906882591102,1.728744939271255,97.5,16.0,0.45714285714285713,14.0,0.4,129.9,96.25,0.45714285714285713,0.4,112.30000000000001,0.8571428571428571,104.35714285714286,-0.013987337413477753,-1.4644254225789228,0.15228392221883744,-0.8396726186180118,0.9376457226291603,0.5173235855054029,0.1343802801439809,-1.3365557500345768,1.0222997418062374,1.6378160621366318,25.0,9.0,33.0,0.0,0.0,0.0,0.0,0.0,0.0,0.0,0.0,0.0,0.0,0.0,0.0,0.0,0.0,0.0,0.0,0.0,0.0,0.0,0.0,0.0,0.0,0.0,0.0,0.0,0.0,0.0,0.0,,1.674338937448387,-0.17960673611769495,1.4351190680678019,3.759153090353268,1.8067988980218725,-0.29459790884494386,0.0,0.0,,-0.0,
69855,0,Nicolas Batum,201587,0022200016,2022-10-20,2022-23,LAC,80,14.0,10.0,1,1,2.0,2.0,1.0,9.0,0.0,1.0,0.0,0.0,0.6000000000000003,0.11679999999999993,83.28,-27.28,23.66033333333333,0.9333333333333336,0.18333333333333335,0.11680000000000001,83.28,0.9333333333333335,0.18333333333333313,0.8273092369477911,0.3921971252566735,0.12719918699186972,110.05691056910557,1.5748987854251013,113.5,20.0,0.46511627906976744,16.0,0.37209302325581395,107.0,109.25,0.46511627906976744,0.37209302325581395,103.0,0.8372093023255814,102.83333333333333,1.1447962403644825,2.961538461538422,2.9188884600518534,8.388429752066097,0.8094931846385934,-0.4038461538461546,1.530931089239486,2.5631868131868125,0.3454046372015486,-0.3918980427856171,8.0,3.0,26.0,0.0,0.0,0.0,0.0,0.0,0.0,0.0,0.0,0.0,0.0,0.0,0.0,0.0,0.0,0.0,0.0,0.0,0.0,0.0,0.0,0.0,0.0,0.0,0.0,0.0,0.0,0.0,0.0,,-0.13536340128836305,3.924062379836374,1.1541923970034338,3.0328981445542698,1.9170456130910463,-0.29459790884494386,0.0,0.0,,-0.0,
69856,0,George Hill,201588,0022200015,2022-10-20,2022-23,MIL,76,14.0,10.0,1,1,2.0,2.0,1.0,9.0,0.0,1.0,0.0,0.0,0.6000000000000003,0.11679999999999993,83.28,-27.28,23.66033333333333,0.9333333333333336,0.18333333333333335,0.11680000000000001,83.28,0.9333333333333335,0.18333333333333313,0.8230616302186878,0.37222222222222223,0.15832499999999994,111.31249999999999,1.175,97.5,16.0,0.45714285714285713,14.0,0.4,129.9,96.25,0.45714285714285713,0.4,112.30000000000001,0.8571428571428571,102.83333333333333,0.4999479915785394,-0.2595943136483728,3.0057958707920065,9.858904382029936,2.4047631387103303,4.349112426035515,1.3202801948447944,0.8076923076923077,0.9671110966131875,0.5558512997959341,25.0,9.0,33.0,0.0,0.0,0.0,0.0,0.0,0.0,0.0,0.0,0.0,0.0,0.0,0.0,0.0,0.0,0.0,0.0,0.0,0.0,0.0,0.0,0.0,0.0,0.0,0.0,0.0,0.0,0.0,0.0,,0.5375699600995114,1.0663801573746416,0.31336645058359625,1.4195858227511808,0.3071359527877766,-0.6415716903718726,0.0,0.0,,-0.0,
69857,1,James Harden,201935,0022200015,2022-10-20,2022-23,PHI,77,13.0,1.0,2,2,1.0,1.0,9.0,9.0,1.0,2.0,0.0,0.0,5.0,0.226,116.9,-2.5,37.27166666666667,1.0,0.5555555555555556,0.226,116.9,1.0,0.5555555555555556,0.8688332028191073,0.3592233009708738,0.34542510121457487,116.3898785425101,3.8947368421052633,102.83333333333333,17.333333333333332,0.45980066445182716,14.666666666666666,0.39069767441860465,122.2666666666667,95.0,0.45980066445182716,0.39069767441860465,92.6,0.8504983388704318,97.5,1.9488492062004872,6.125139065479973,-0.11267025994932911,-0.48394787031150543,0.09105882858873597,-0.17109625217733246,1.3347837313925504,0.4705936156590138,0.419875235707935,-1.0956790737857898,13.0,7.0,17.0,-8.0,3.0,1.0,8.0,0.0,0.0,0.0,0.0,0.0,0.0,0.0,0.0,0.0,0.0,0.0,0.0,0.0,0.0,0.0,0.0,0.0,0.0,0.0,0.0,0.0,0.0,0.0,0.0,,-0.4600485093660604,0.6281407022788502,0.6654327980260201,7.486352078480243,2.366785342349249,-0.7351978563373132,0.0,0.0,,-0.0,
69858,0,Jrue Holiday,201950,0022200015,2022-10-20,2022-23,MIL,76,13.0,10.0,1,1,2.0,2.0,1.0,9.0,0.0,1.0,0.0,0.0,1.6000000000000003,0.16199999999999992,106.66000000000001,-3.9,31.034,0.9500000000000002,0.2577777777777778,0.162,106.66000000000001,0.9500000000000001,0.2577777777777776,0.7566489361702128,0.3728414442700157,0.23572874493927154,115.12267206477732,1.9311740890688258,97.5,16.0,0.45714285714285713,14.0,0.4,129.9,96.25,0.45714285714285713,0.4,112.30000000000001,0.8571428571428571,102.83333333333333,-0.07829831441516961,-1.0126907859830379,1.4580149047101802,2.6094243312444982,0.6206427451288519,-0.2911646822089088,1.4073873102947176,1.2637362637362621,0.8210319213480751,0.6604561725569391,25.0,9.0,33.0,0.0,0.0,0.0,0.0,0.0,0.0,0.0,0.0,0.0,0.0,0.0,0.0,0.0,0.0,0.0,0.0,0.0,0.0,0.0,0.0,0.0,0.0,0.0,0.0,0.0,0.0,0.0,0.0,,0.5422556003206196,1.7785663811416739,0.2995110345013636,5.371735849652553,2.4150938133377737,-0.7351978563373132,0.0,0.0,,-0.0,
69859,1,Patrick Beverley,201976,0022200016,2022-10-20,2022-23,LAL,74,13.0,1.0,2,2,1.0,1.0,9.0,9.0,1.0,2.0,0.0,0.0,1.0,0.102,96.4,-0.8999999999999915,24.666666666666668,0.9333333333333336,0.2,0.102,96.4,0.9333333333333335,0.2,0.7450980392156863,0.3834900731452456,0.14091093117408918,113.942914979757,1.5384615384615385,101.5,17.0,0.4591362126245847,14.5,0.39302325581395353,124.17500000000001,105.0,0.4591362126245847,0.39302325581395353,91.5,0.8521594684385381,113.5,0.8171265478984878,0.4582232960611313,1.6465499253450484,4.02815934065934,0.7882269819968927,-1.615384615384615,0.1422444456225428,-1.7825927790234748,-0.22116570072882416,-1.0545493287875558,25.0,10.0,35.0,11.0,-1.0,-4.0,1.0,0.0,0.0,0.0,0.0,0.0,0.0,0.0,0.0,0.0,0.0,0.0,0.0,0.0,0.0,0.0,0.0,0.0,0.0,0.0,0.0,0.0,0.0,0.0,0.0,,0.23323014125441097,-0.2535639216229421,1.572959446320427,1.4448847362536617,0.8814708476366083,0.3751551779993052,0.0,0.0,,0.0,
69860,2,Wesley Matthews,202083,0022200015,2022-10-20,2022-23,MIL,77,13.0,10.0,1,1,2.0,2.0,1.0,9.0,0.0,1.0,0.0,0.0,1.4000000000000004,0.1409999999999999,102.44000000000001,-3.699999999999997,28.327666666666666,0.9333333333333336,0.2177777777777778,0.141,102.44000000000001,0.9333333333333335,0.21777777777777763,0.8062283737024222,0.3629310344827586,0.13852226720647767,108.59109311740886,1.7449392712550607,97.5,16.0,0.45714285714285713,14.0,0.4,129.9,96.25,0.45714285714285713,0.4,112.30000000000001,0.8571428571428571,107.1,0.8852533362759801,-0.34945054945055104,2.272968452080373,4.784795190200645,3.8729833462074166,14.999999999999995,0.9779782305556708,0.9892116648873391,-0.050361645477493375,-0.23241301634653574,25.0,9.0,33.0,0.0,0.0,0.0,0.0,0.0,0.0,0.0,0.0,0.0,0.0,0.0,0.0,0.0,0.0,0.0,0.0,0.0,0.0,0.0,0.0,0.0,0.0,0.0,0.0,0.0,0.0,0.0,0.0,,0.011704701933599106,0.9674274736715491,0.822538787538916,1.639482575913629,0.9784473390022417,-0.13732763635137965,0.0,0.0,,-0.0,
69861,0,John Wall,202322,0022200016,2022-10-20,2022-23,LAC,75,12.0,10.0,1,1,2.0,2.0,1.0,9.0,0.0,1.0,0.0,0.0,1.7500000000000004,0.1592499999999999,108.05000000000001,-0.29999999999999716,31.40958333333333,0.9000000000000004,0.27222222222222225,0.15925,108.05000000000001,0.9000000000000001,0.27222222222222203,0.7603160667251976,0.3333333333333333,0.29512903225806447,110.26451612903224,1.481283422459893,113.5,20.0,0.46511627906976744,16.0,0.37209302325581395,107.0,109.25,0.46511627906976744,0.37209302325581395,103.0,0.8372093023255814,105.5,2.0486608641759525,5.307536957964643,0.7100258284419436,0.19135410044501028,0.324799609260884,-0.8628780629862263,1.4073873102947176,1.2637362637362621,0.30399007203880857,0.6067037270312298,8.0,3.0,26.0,0.0,0.0,0.0,0.0,0.0,0.0,0.0,0.0,0.0,0.0,0.0,0.0,0.0,0.0,0.0,0.0,0.0,0.0,0.0,0.0,0.0,0.0,0.0,0.0,0.0,0.0,0.0,0.0,,0.1844319096864372,1.7785663811416739,0.812974950444842,6.945993064881055,3.6890848005893586,-0.7351978563373132,0.0,0.0,,-0.0,
69862,2,Paul George,202331,0022200016,2022-10-20,2022-23,LAC,80,12.0,10.0,1,1,2.0,2.0,1.0,9.0,0.0,1.0,0.0,0.0,2.333333333333334,0.18066666666666653,105.33333333333333,0.6666666666666714,30.873888888888885,0.9000000000000004,0.362962962962963,0.18066666666666667,105.33333333333333,0.9000000000000001,0.3629629629629627,0.8509861212563915,0.3917821309125657,0.2895546558704451,114.16234817813752,3.3360323886639676,113.5,20.0,0.46511627906976744,16.0,0.37209302325581395,107.0,109.25,0.46511627906976744,0.37209302325581395,103.0,0.8372093023255814,108.16666666666667,0.8892088636459111,-0.11541429237249627,-0.1955949636890218,-1.3167672036548215,0.0139164582451022,-0.8962585626234202,0.20962363907744802,-1.1183900461871998,-0.6625168981616284,1.2711652868494452,8.0,3.0,26.0,0.0,0.0,0.0,0.0,0.0,0.0,0.0,0.0,0.0,0.0,0.0,0.0,0.0,0.0,0.0,0.0,0.0,0.0,0.0,0.0,0.0,0.0,0.0,0.0,0.0,0.0,0.0,0.0,,-0.8421684828942311,-0.234440991389756,1.3195564405789517,6.122416169986735,2.5990810914510494,-0.6415716903718726,0.0,0.0,,-0.0,
69863,1,Marcus Morris Sr.,202694,0022200016,2022-10-20,2022-23,LAC,80,11.0,10.0,1,1,2.0,2.0,1.0,9.0,0.0,1.0,0.0,0.0,3.000000000000001,0.16399999999999978,106.65,-1.6999999999999957,30.96916666666666,1.0,0.3777777777777779,0.164,106.65,1.0,0.37777777777777743,0.829225352112676,0.4027072758037225,0.2074163265306121,111.54530612244893,1.9676113360323886,113.5,20.0,0.46511627906976744,16.0,0.37209302325581395,107.0,109.25,0.46511627906976744,0.37209302325581395,103.0,0.8372093023255814,105.5,1.3526146230885945,0.5864019420346529,0.4542616624651966,0.8458657819453288,0.6722968849501042,-0.3487605951895107,0.3513784378080763,-0.48394787031150616,0.37708792510478184,-0.9732580438951631,8.0,3.0,26.0,0.0,0.0,0.0,0.0,0.0,0.0,0.0,0.0,0.0,0.0,0.0,0.0,0.0,0.0,0.0,0.0,0.0,0.0,0.0,0.0,0.0,0.0,0.0,0.0,0.0,0.0,0.0,0.0,,-0.36700385636396576,-0.17004884665060255,0.8167589432693131,3.5324293517513827,0.2747331820854379,-0.51461064452263,0.0,0.0,,-0.0,
69864,1,Kawhi Leonard,202695,0022200016,2022-10-20,2022-23,LAC,79,11.0,10.0,1,1,2.0,2.0,1.0,9.0,0.0,1.0,0.0,0.0,3.000000000000001,0.16399999999999978,106.65,-1.6999999999999957,30.96916666666666,1.0,0.3777777777777779,0.164,106.65,1.0,0.37777777777777743,0.8720436628259551,0.3805309734513274,0.30285425101214564,116.50242914979754,1.959514170040486,113.5,20.0,0.46511627906976744,16.0,0.37209302325581395,107.0,109.25,0.46511627906976744,0.37209302325581395,103.0,0.8372093023255814,105.5,0.32559255624893646,-0.42626874701404294,-0.3646793779754619,-1.192271451024676,-0.24454125643748176,-1.6971936028860226,0.9902743962768398,-0.39679157407689286,-0.12674324304540582,-0.35488444957747756,8.0,3.0,26.0,0.0,0.0,0.0,0.0,0.0,0.0,0.0,0.0,0.0,0.0,0.0,0.0,0.0,0.0,0.0,0.0,0.0,0.0,0.0,0.0,0.0,0.0,0.0,0.0,0.0,0.0,0.0,0.0,,0.0449792060458333,-0.39293253646673204,1.1639606014618766,4.056324863318603,2.156509019718837,-0.51461064452263,0.0,0.0,,-0.0,
69865,1,Tobias Harris,202699,0022200015,2022-10-20,2022-23,PHI,80,11.0,1.0,2,2,1.0,1.0,9.0,9.0,1.0,2.0,0.0,0.0,3.0,0.195,121.4,2.0,34.233333333333334,0.5,0.5,0.195,121.4,0.5,0.5,0.844207723035952,0.36863136863136864,0.22843724696356296,111.91376518218632,1.54251012145749,106.64285714285714,18.285714285714285,0.4616990982439488,15.142857142857142,0.3840531561461794,116.81428571428572,95.0,0.4616990982439488,0.3840531561461794,92.6,0.8457522543901282,97.5,-0.2853280028022706,-0.8783973349950239,0.06908092744030978,-1.1565771506599918,1.2802451686892007,1.5486331849968211,0.2948387669526956,-0.5033061822175438,-0.28961308610794906,-0.7538461538461536,13.0,7.0,17.0,-8.0,3.0,1.0,8.0,0.0,0.0,0.0,0.0,0.0,0.0,0.0,0.0,0.0,0.0,0.0,0.0,0.0,0.0,0.0,0.0,0.0,0.0,0.0,0.0,0.0,0.0,0.0,0.0,,0.2183237110659923,-0.14839417416468934,3.962877578576995,2.735974542955232,3.1924750485344897,0.3751551779993052,0.0,0.0,,0.0,
69866,1,Reggie Jackson,202704,0022200016,2022-10-20,2022-23,LAC,74,11.0,10.0,1,1,2.0,2.0,1.0,9.0,0.0,1.0,0.0,0.0,3.0000000000000004,0.1743333333333332,111.56666666666666,-0.46666666666666384,32.05722222222222,0.7500000000000004,0.41851851851851857,0.17433333333333334,111.56666666666666,0.7500000000000001,0.4185185185185183,0.8430335097001763,0.35773584905660377,0.24011428571428578,109.81224489795923,1.9554655870445343,113.5,20.0,0.46511627906976744,16.0,0.37209302325581395,107.0,109.25,0.46511627906976744,0.37209302325581395,103.0,0.8372093023255814,102.83333333333333,1.2739453266448872,1.4833258414339496,1.3399858693947175,3.049038461538462,1.1523530687927546,1.406762749953096,0.9671110966131887,0.555851299795937,0.1808101752809197,-1.1701579670329694,8.0,3.0,26.0,0.0,0.0,0.0,0.0,0.0,0.0,0.0,0.0,0.0,0.0,0.0,0.0,0.0,0.0,0.0,0.0,0.0,0.0,0.0,0.0,0.0,0.0,0.0,0.0,0.0,0.0,0.0,0.0,,-0.21157646712559583,0.5375699600995149,0.8418797900181211,3.61449584520085,0.804846664631187,-0.51461064452263,0.0,0.0,,-0.0,
69867,2,Anthony Davis,203076,0022200016,2022-10-20,2022-23,LAL,82,10.0,1.0,2,2,1.0,1.0,9.0,9.0,1.0,2.0,0.0,0.0,0.0,0.296,98.9,1.6000000000000085,35.6,0.7777777777777778,0.0,0.296,98.9,0.7777777777777778,0.0,0.7154150197628458,0.17391304347826086,0.26256097560975605,104.53170731707317,0.3170731707317073,108.92857142857143,18.857142857142858,0.46283815851922167,15.428571428571429,0.38006644518272426,113.54285714285713,105.0,0.46283815851922167,0.38006644518272426,91.5,0.8429046037019459,113.5,0.7831640652525852,-0.48449913076906737,0.9091538164979072,0.24022704960278438,0.36553290091625584,-0.749042776069799,1.6720819322526292,0.8974358974359018,0.6231481440776769,-0.17948717948719042,25.0,10.0,35.0,11.0,-1.0,-4.0,1.0,0.0,0.0,0.0,0.0,0.0,0.0,0.0,0.0,0.0,0.0,0.0,0.0,0.0,0.0,0.0,0.0,0.0,0.0,0.0,0.0,0.0,0.0,0.0,0.0,,-0.1118471027831796,1.5005863494574951,0.08715783474829908,0.7221877685830193,0.08954865071448705,-0.7351978563373132,0.0,0.0,,-0.0,
69868,0,Robert Covington,203496,0022200016,2022-10-20,2022-23,LAC,79,9.0,10.0,1,1,2.0,2.0,1.0,9.0,0.0,1.0,0.0,0.0,1.333333333333334,0.19766666666666652,105.56666666666668,0.9000000000000057,31.5,0.6388888888888893,0.2333333333333334,0.19766666666666666,105.56666666666668,0.6388888888888891,0.2333333333333331,0.8251231527093597,0.37302133516861663,0.1522024291497976,111.82672064777326,2.2712550607287447,113.5,20.0,0.46511627906976744,16.0,0.37209302325581395,107.0,109.25,0.46511627906976744,0.37209302325581395,103.0,0.8372093023255814,108.16666666666667,1.0907724214167862,0.43872407035361544,1.176353900487909,-0.7342657342657395,2.272968452080367,4.784795190200593,1.7175958539902092,3.696809513396122,2.634280109271209,8.89856230979835,8.0,3.0,26.0,0.0,0.0,0.0,0.0,0.0,0.0,0.0,0.0,0.0,0.0,0.0,0.0,0.0,0.0,0.0,0.0,0.0,0.0,0.0,0.0,0.0,0.0,0.0,0.0,0.0,0.0,0.0,0.0,,23.44130569381226,6.349624693200742,0.880366787912598,3.163683979919057,2.5525344388012625,-0.51461064452263,0.0,0.0,,-0.0,
69869,1,Giannis Antetokounmpo,203507,0022200015,2022-10-20,2022-23,MIL,83,9.0,10.0,1,1,2.0,2.0,1.0,9.0,0.0,1.0,0.0,0.0,1.5000000000000009,0.24549999999999975,110.15,1.8000000000000043,34.916666666666664,0.6388888888888893,0.2500000000000001,0.24549999999999997,110.15,0.6388888888888891,0.24999999999999964,0.695789059425423,0.29955947136563876,0.3346923076923083,115.56882591093122,1.1133603238866396,97.5,16.0,0.45714285714285713,14.0,0.4,129.9,96.25,0.45714285714285713,0.4,112.30000000000001,0.8571428571428571,105.5,-0.4531880316733508,-0.5583528599727481,1.0859492086796263,0.8400862557588985,-0.7167191936861016,0.1238133393359081,0.0,-3.0,0.1574366901463331,-0.9346996717238923,25.0,9.0,33.0,0.0,0.0,0.0,0.0,0.0,0.0,0.0,0.0,0.0,0.0,0.0,0.0,0.0,0.0,0.0,0.0,0.0,0.0,0.0,0.0,0.0,0.0,0.0,0.0,0.0,0.0,0.0,0.0,,-0.14715602259707372,-0.0,0.0,1.891855140286812,0.4289483812500791,0.824414167986588,0.0,0.0,,0.0,
69870,1,Joel Embiid,203954,0022200015,2022-10-20,2022-23,PHI,84,8.0,1.0,2,2,1.0,1.0,9.0,9.0,1.0,2.0,0.0,0.0,1.0,0.329,118.4,-1.0,37.266666666666666,0.7777777777777778,0.16666666666666666,0.329,118.4,0.7777777777777778,0.16666666666666666,0.8203094010313368,0.33876600698486614,0.3440890688259106,113.61295546558698,1.2186234817813766,111.21428571428571,19.428571428571427,0.46397721879449455,15.714285714285714,0.3760797342192691,110.27142857142857,95.0,0.46397721879449455,0.3760797342192691,92.6,0.8400569530137636,97.5,0.6349467363551512,-0.06095791001451563,0.0687921285372584,-0.6715747960808435,-0.5108144943622998,-0.2984506102462599,1.6720819322526292,0.8974358974359018,0.36344844890579675,-0.67359975664474,13.0,7.0,17.0,-8.0,3.0,1.0,8.0,0.0,0.0,0.0,0.0,0.0,0.0,0.0,0.0,0.0,0.0,0.0,0.0,0.0,0.0,0.0,0.0,0.0,0.0,0.0,0.0,0.0,0.0,0.0,0.0,,-0.24481878673585292,1.5005863494574951,0.14816164239656224,3.037818157304406,1.4955638317857267,0.824414167986588,0.0,0.0,,0.0,
69871,2,LeBron James,2544,0022200016,2022-10-20,2022-23,LAL,81,19.0,1.0,2,2,1.0,1.0,9.0,9.0,1.0,2.0,0.0,0.0,3.0,0.327,97.6,0.29999999999999716,35.2,1.0,0.3,0.327,97.6,1.0,0.3,0.7036328871892925,0.3557632398753894,0.3141178861788618,111.99146341463411,2.331983805668016,110.83333333333333,19.333333333333332,0.46378737541528237,15.666666666666666,0.37674418604651166,110.81666666666666,105.0,0.46378737541528237,0.37674418604651166,91.5,0.840531561461794,113.5,0.09133501220513077,-1.1744021092519374,0.12672864639332834,-0.9878959329036664,0.16260698107132995,-0.15180865470464602,0.2742374366928442,-1.4989823462332375,-0.12580812122285548,0.34136710350971794,25.0,10.0,35.0,11.0,-1.0,-4.0,1.0,0.0,0.0,0.0,0.0,0.0,0.0,0.0,0.0,0.0,0.0,0.0,0.0,0.0,0.0,0.0,0.0,0.0,0.0,0.0,0.0,0.0,0.0,0.0,0.0,,-0.04294675393984565,-0.41107707627882856,1.4049734175865958,6.561824914683831,2.287740836151165,-0.6415716903718726,0.0,0.0,,-0.0,
70028,0,Christian Braun,1631128,0022200026,2022-10-21,2022-23,DEN,78,0.0,1.0,2,2,2.0,1.0,2.0,-1.0,0.0,2.0,0.0,0.0,0.0,0.0,0.0,-100.0,1.765,0.49345238095238103,0.44025974025974024,0.0,0.0,0.493452380952381,0.4402597402597401,0.4934523809523809,0.4402597402597401,0.0,0.0,0.0,113.5,19.0,0.475,18.0,0.45,97.3,110.25,0.475,0.45,109.05,0.925,102.5,,,,,,,,,,,19.0,10.0,24.0,13.0,-1.0,-8.0,-10.0,0.0,0.0,0.0,0.0,0.0,0.0,0.0,0.0,0.0,0.0,0.0,0.0,0.0,0.0,0.0,0.0,0.0,0.0,0.0,0.0,0.0,0.0,0.0,0.0,,,,,,,0.0,,,8.906493506493508,0.0,0.0
70029,3,Jake LaRavia,1631222,0022200024,2022-10-21,2022-23,MEM,79,0.0,1.0,2,2,2.0,2.0,1.0,0.0,0.0,2.0,0.0,0.0,1.0,0.097,92.0,-15.5,12.533333333333333,1.0,0.5,0.097,92.0,1.0,0.5,1.0,0.5,0.097,92.0,1.0,106.0,10.0,0.4166666666666667,13.0,0.5416666666666666,110.4,104.25,0.4166666666666667,0.5416666666666666,118.45,0.9583333333333334,96.45,,,,,,,,,,,28.0,8.0,34.0,-5.0,5.0,-1.0,-2.0,0.0,0.0,0.0,0.0,0.0,0.0,0.0,0.0,0.0,0.0,0.0,0.0,0.0,0.0,0.0,0.0,0.0,0.0,0.0,0.0,0.0,0.0,0.0,0.0,,,,,,,0.0,,,6.5,0.0,10.282
70030,2,David Roddy,1631223,0022200024,2022-10-21,2022-23,MEM,76,0.0,1.0,2,2,2.0,2.0,1.0,0.0,0.0,2.0,0.0,0.0,0.0,0.188,96.0,-11.5,12.773333333333333,0.461904761904762,0.0,0.188,96.0,0.46190476190476193,0.0,0.46190476190476193,0.0,0.188,96.0,0.0,106.0,10.0,0.4166666666666667,13.0,0.5416666666666666,110.4,104.25,0.4166666666666667,0.5416666666666666,118.45,0.9583333333333334,96.45,,,,,,,,,,,28.0,8.0,34.0,-5.0,5.0,-1.0,-2.0,0.0,0.0,0.0,0.0,0.0,0.0,0.0,0.0,0.0,0.0,0.0,0.0,0.0,0.0,0.0,0.0,0.0,0.0,0.0,0.0,0.0,0.0,0.0,0.0,,,,,,,0.0,,,0.0,0.0,19.928
70205,0,Jeremy Sochan,1631110,0022200028,2022-10-22,2022-23,SAS,80,0.0,0.0,3,2,3.0,2.0,1.0,-1.0,0.0,3.0,0.0,0.0,0.0,0.10300000000000001,111.3,1.0499999999999972,24.251666666666665,0.0,0.0,0.10300000000000001,111.3,0.0,0.0,0.0,0.0,0.10300000000000001,111.3,0.0,96.25,15.0,0.38961038961038963,19.5,1.0129870129870129,112.30000000000001,95.5,0.38961038961038963,0.5064935064935064,115.30000000000001,0.8961038961038961,109.0,,,,,,,,,,,14.0,8.0,30.0,1.5,2.5,-1.0,-4.0,0.0,0.0,0.0,0.0,0.0,0.0,0.0,0.0,0.0,0.0,0.0,0.0,0.0,0.0,0.0,0.0,0.0,0.0,0.0,0.0,0.0,0.0,0.0,0.0,,,,,,,0.0,,,0.0,0.0,9.91375
70206,0,Kennedy Chandler,1631113,0022200034,2022-10-22,2022-23,MEM,71,0.0,9.0,1,1,2.0,1.0,2.0,-0.42857142857142855,0.0,3.0,0.0,0.0,1.142857142857143,0.20649999999999993,106.29999999999998,-1.7071428571428606,27.18404761904762,0.6417582417582419,0.25233757470599577,0.2065,106.29999999999998,0.6417582417582418,0.2523375747059956,0.6417582417582419,0.25233757470599566,0.2065,106.3,1.142857142857143,94.5,10.0,0.45454545454545453,11.0,0.5,113.8,97.75,0.45454545454545453,0.5,103.94999999999999,0.9545454545454546,99.475,,,,,,,,,,,13.0,9.0,24.0,2.5,-0.5,-1.5,9.0,0.0,0.0,0.0,0.0,0.0,0.0,0.0,0.0,0.0,0.0,0.0,0.0,0.0,0.0,0.0,0.0,0.0,0.0,0.0,0.0,0.0,0.0,0.0,0.0,,,,,,,0.0,,,3.643254771544245,0.0,20.821875000000002
70207,3,Christian Braun,1631128,0022200035,2022-10-22,2022-23,DEN,78,0.0,0.0,3,2,2.0,1.0,2.0,-2.0,1.0,3.0,0.0,0.0,0.0,0.0535,58.8,-51.6,12.265833333333333,0.6417582417582419,0.0,0.0535,58.8,0.6417582417582418,0.0,0.6417582417582419,0.0,0.0535,58.8,0.0,106.0,17.0,0.4473684210526316,16.0,0.42105263157894735,109.5,104.75,0.4473684210526316,0.42105263157894735,113.95,0.868421052631579,104.75,,,,,,,,,,,17.0,14.0,23.0,2.5,6.5,2.0,-10.0,0.0,0.0,0.0,0.0,0.0,0.0,0.0,0.0,0.0,0.0,0.0,0.0,0.0,0.0,0.0,0.0,0.0,0.0,0.0,0.0,0.0,0.0,0.0,0.0,,,,,,,0.0,,,0.0,0.0,5.671
70208,0,Ousmane Dieng,1631172,0022200035,2022-10-22,2022-23,OKC,81,0.0,2.0,2,1,3.0,2.0,0.0,2.0,0.0,2.0,0.0,0.0,0.0,0.13,71.4,-29.5,9.085,0.5820512820512822,0.0,0.13,71.4,0.5820512820512821,0.0,0.5820512820512821,0.0,0.13,71.4,0.0,104.75,14.5,0.35802469135802467,19.5,0.9629629629629629,116.65,104.33333333333333,0.35802469135802467,0.48148148148148145,115.26666666666667,0.8395061728395061,106.0,,,,,,,,,,,29.0,7.0,30.0,-3.0,-3.0,3.0,-1.0,0.0,0.0,0.0,0.0,0.0,0.0,0.0,0.0,0.0,0.0,0.0,0.0,0.0,0.0,0.0,0.0,0.0,0.0,0.0,0.0,0.0,0.0,0.0,0.0,,,,,,,0.0,,,0.0,0.0,13.6175
70209,2,Jake LaRavia,1631222,0022200034,2022-10-22,2022-23,MEM,79,0.0,0.0,3,2,2.0,1.0,2.0,-2.0,0.0,3.0,0.0,0.0,2.0,0.14350000000000002,99.05,-17.950000000000003,13.85,1.0,0.6666666666666666,0.14350000000000002,99.05,1.0,0.6666666666666666,1.0,0.6666666666666666,0.14350000000000002,99.05,2.0,94.5,10.0,0.45454545454545453,11.0,0.5,113.8,97.75,0.45454545454545453,0.5,103.94999999999999,0.9545454545454546,99.475,,,,,,,,,,,13.0,9.0,24.0,2.5,-0.5,-1.5,9.0,0.0,0.0,0.0,0.0,0.0,0.0,0.0,0.0,0.0,0.0,0.0,0.0,0.0,0.0,0.0,0.0,0.0,0.0,0.0,0.0,0.0,0.0,0.0,0.0,,,,,,,0.0,,,7.333333333333333,0.0,13.560750000000002
70210,0,David Roddy,1631223,0022200034,2022-10-22,2022-23,MEM,76,0.0,0.0,3,2,2.0,1.0,2.0,-2.0,0.0,3.0,0.0,0.0,1.0,0.1575,106.15,-10.850000000000001,17.663333333333334,0.5384615384615387,0.2857142857142857,0.1575,106.15,0.5384615384615385,0.2857142857142857,0.5384615384615385,0.2857142857142857,0.1575,106.15,1.0,94.5,10.0,0.45454545454545453,11.0,0.5,113.8,97.75,0.45454545454545453,0.5,103.94999999999999,0.9545454545454546,99.475,,,,,,,,,,,13.0,9.0,24.0,2.5,-0.5,-1.5,9.0,0.0,0.0,0.0,0.0,0.0,0.0,0.0,0.0,0.0,0.0,0.0,0.0,0.0,0.0,0.0,0.0,0.0,0.0,0.0,0.0,0.0,0.0,0.0,0.0,,,,,,,0.0,,,3.142857142857143,0.0,14.883750000000001
70211,0,Vince Williams Jr.,1631246,0022200034,2022-10-22,2022-23,MEM,76,0.0,9.0,1,1,2.0,1.0,2.0,-0.8571428571428571,0.0,3.0,0.0,0.0,0.5000000000000002,0.13507142857142854,92.66428571428573,-17.63571428571429,16.658690476190475,0.5000000000000002,0.20748299319727886,0.1350714285714286,92.66428571428573,0.5,0.20748299319727875,0.5,0.20748299319727878,0.13507142857142856,92.66428571428571,0.5000000000000002,94.5,10.0,0.45454545454545453,11.0,0.5,113.8,97.75,0.45454545454545453,0.5,103.94999999999999,0.9545454545454546,99.475,,,,,,,,,,,13.0,9.0,24.0,2.5,-0.5,-1.5,9.0,0.0,0.0,0.0,0.0,0.0,0.0,0.0,0.0,0.0,0.0,0.0,0.0,0.0,0.0,0.0,0.0,0.0,0.0,0.0,0.0,0.0,0.0,0.0,0.0,,,,,,,0.0,,,2.4251700680272106,0.0,13.511196428571429
70212,0,AJ Green,1631260,0022200033,2022-10-22,2022-23,MIL,76,0.0,9.0,1,1,3.0,2.0,0.0,-0.8571428571428571,1.0,2.0,0.0,0.0,0.5000000000000002,0.13507142857142854,92.66428571428573,-17.63571428571429,16.658690476190475,0.5000000000000002,0.20748299319727886,0.1350714285714286,92.66428571428573,0.5,0.20748299319727875,0.5,0.20748299319727878,0.13507142857142856,92.66428571428571,0.5000000000000002,104.25,12.0,0.36363636363636365,20.5,1.2424242424242424,118.45,102.5,0.36363636363636365,0.6212121212121212,121.06666666666666,0.9848484848484849,95.0,,,,,,,,,,,21.0,5.0,26.0,-11.0,-3.0,3.0,-3.0,0.0,0.0,0.0,0.0,0.0,0.0,0.0,0.0,0.0,0.0,0.0,0.0,0.0,0.0,0.0,0.0,0.0,0.0,0.0,0.0,0.0,0.0,0.0,0.0,,,,,,,0.0,,,2.4251700680272106,0.0,13.511196428571429
70360,0,Tyrese Martin,1631213,0022200038,2022-10-23,2022-23,ATL,78,0.0,9.0,1,1,3.0,2.0,1.0,0.7142857142857143,1.0,3.0,0.0,0.0,0.6428571428571431,0.17385714285714277,88.31428571428572,-24.97142857142857,12.315476190476192,0.7361111111111114,0.4166666666666667,0.17385714285714285,88.31428571428572,0.7361111111111112,0.41666666666666635,0.7361111111111112,0.41666666666666635,0.17385714285714288,88.3142857142857,0.6428571428571431,104.75,11.5,0.4107142857142857,15.5,1.1071428571428572,108.15,103.5,0.4107142857142857,0.5535714285714286,108.06666666666668,0.9642857142857143,103.75,,,,,,,,,,,22.0,8.0,27.0,-2.5,1.5,2.5,2.0,0.0,0.0,0.0,0.0,0.0,0.0,0.0,0.0,0.0,0.0,0.0,0.0,0.0,0.0,0.0,0.0,0.0,0.0,0.0,0.0,0.0,0.0,0.0,0.0,,,,,,,0.0,,,6.083333333333335,0.0,18.158835714285715
70361,0,Simone Fontecchio,1631323,0022200040,2022-10-23,2022-23,UTA,79,0.0,3.0,2,1,3.0,2.0,1.0,2.0,0.0,3.0,0.0,0.0,0.0,0.0,133.3,13.900000000000006,0.925,0.6481481481481485,0.375,0.0,133.3,0.6481481481481483,0.37499999999999956,0.6481481481481483,0.37499999999999956,0.0,133.3,0.0,102.75,11.5,0.3484848484848485,15.0,0.9090909090909091,107.30000000000001,101.86,0.3484848484848485,0.45454545454545453,108.5,0.803030303030303,102.42,,,,,,,,,,,18.0,8.0,30.0,-7.0,2.5,2.0,5.0,0.0,0.0,0.0,0.0,0.0,0.0,0.0,0.0,0.0,0.0,0.0,0.0,0.0,0.0,0.0,0.0,0.0,0.0,0.0,0.0,0.0,0.0,0.0,0.0,,,,,,,0.0,,,4.500000000000002,0.0,0.0
70509,0,Peyton Watson,1631212,0022200051,2022-10-24,2022-23,DEN,79,0.0,4.0,1,1,3.0,2.0,0.0,4.0,0.0,4.0,0.0,0.0,0.0,0.25,0.0,-100.0,1.4666666666666666,0.6898434898434901,0.41841967556253273,0.25,0.0,0.68984348984349,0.4184196755625326,0.6898434898434899,0.41841967556253257,0.25,0.0,0.0,100.25333333333333,13.666666666666666,0.39805825242718446,19.0,1.6601941747572815,104.23333333333333,99.19,0.39805825242718446,0.5533980582524272,106.82499999999999,0.9514563106796117,104.33333333333333,,,,,,,,,,,16.0,10.0,21.0,-9.333333333333332,4.333333333333333,1.333333333333333,1.333333333333334,0.0,0.0,0.0,0.0,0.0,0.0,0.0,0.0,0.0,0.0,0.0,0.0,0.0,0.0,0.0,0.0,0.0,0.0,0.0,0.0,0.0,0.0,0.0,0.0,,,,,,,0.0,,,7.573521716378861,0.0,25.063333333333333
70510,1,Caleb Houstan,1631216,0022200046,2022-10-24,2022-23,ORL,80,0.0,4.0,1,1,2.0,1.0,2.0,2.0,0.0,4.0,0.0,0.0,0.0,0.054,95.8,-11.100000000000009,21.916666666666668,0.6702020202020206,0.0,0.054,95.8,0.6702020202020204,0.0,0.6702020202020202,0.0,0.054,95.8,0.0,100.225,14.0,0.32558139534883723,25.0,1.1627906976744187,104.7,99.48333333333333,0.32558139534883723,0.5813953488372093,104.86666666666667,0.9069767441860465,100.83333333333333,,,,,,,,,,,17.0,6.0,29.0,0.0,0.0,-0.33333333333333304,4.333333333333334,0.0,0.0,0.0,0.0,0.0,0.0,0.0,0.0,0.0,0.0,0.0,0.0,0.0,0.0,0.0,0.0,0.0,0.0,0.0,0.0,0.0,0.0,0.0,0.0,,,,,,,0.0,,,0.0,0.0,5.41215
70511,0,Jake LaRavia,1631222,0022200049,2022-10-24,2022-23,MEM,79,0.0,1.0,3,2,2.0,1.0,2.0,-1.0,1.0,4.0,0.0,0.0,2.0,0.1396666666666667,100.76666666666667,-8.6,16.711111111111112,1.0,0.5454545454545454,0.1396666666666667,100.76666666666667,1.0,0.5454545454545454,1.0,0.5454545454545454,0.1396666666666667,100.76666666666667,2.0,98.75,10.0,0.37037037037037035,12.0,0.8888888888888888,118.45,98.5,0.37037037037037035,0.4444444444444444,124.53333333333335,0.8148148148148148,99.98333333333333,,,,,,,,,,,18.0,3.0,31.0,-1.3333333333333321,-4.333333333333333,0.0,-1.0,0.0,0.0,0.0,0.0,0.0,0.0,0.0,0.0,0.0,0.0,0.0,0.0,0.0,0.0,0.0,0.0,0.0,0.0,0.0,0.0,0.0,0.0,0.0,0.0,,,,,,,0.0,,,6.545454545454545,0.0,13.792083333333336
70512,0,David Roddy,1631223,0022200049,2022-10-24,2022-23,MEM,76,0.0,1.0,3,2,2.0,1.0,2.0,-1.0,1.0,4.0,0.0,0.0,0.6666666666666666,0.18699999999999997,97.43333333333334,-11.933333333333332,19.58666666666667,1.0,0.18181818181818182,0.18699999999999997,97.43333333333334,1.0,0.18181818181818182,1.0,0.18181818181818182,0.18699999999999997,97.43333333333334,0.6666666666666666,98.75,10.0,0.37037037037037035,12.0,0.8888888888888888,118.45,98.5,0.37037037037037035,0.4444444444444444,124.53333333333335,0.8148148148148148,99.98333333333333,,,,,,,,,,,18.0,3.0,31.0,-1.3333333333333321,-4.333333333333333,0.0,-1.0,0.0,0.0,0.0,0.0,0.0,0.0,0.0,0.0,0.0,0.0,0.0,0.0,0.0,0.0,0.0,0.0,0.0,0.0,0.0,0.0,0.0,0.0,0.0,0.0,,,,,,,0.0,,,2.1818181818181817,0.0,18.46625
70513,3,Simone Fontecchio,1631323,0022200048,2022-10-24,2022-23,UTA,79,0.0,0.0,2,2,3.0,2.0,1.0,-1.0,0.0,4.0,0.0,0.0,0.0,0.0,66.65,-48.5,0.5458333333333334,0.757575757575758,0.3323232323232323,0.0,66.65,0.7575757575757578,0.33232323232323213,0.7575757575757576,0.3323232323232322,0.0,66.65,0.0,102.5,11.333333333333334,0.35051546391752575,20.666666666666668,1.9175257731958761,121.06666666666666,101.75,0.35051546391752575,0.6391752577319587,118.07499999999999,0.9896907216494846,101.64,,,,,,,,,,,16.0,7.0,25.0,2.333333333333332,-10.333333333333332,3.3333333333333335,5.333333333333332,0.0,0.0,0.0,0.0,0.0,0.0,0.0,0.0,0.0,0.0,0.0,0.0,0.0,0.0,0.0,0.0,0.0,0.0,0.0,0.0,0.0,0.0,0.0,0.0,,,,,,,0.0,,,4.836026936026936,0.0,0.0
92204,1,Josh Okogie,1629006,0022300062,2023-10-24,2023-24,PHX,76,5.0,10.0,1,1,1.0,1.0,9.0,,0.0,1.0,0.0,,0.7004048582995951,0.14928455284552844,107.69308943089426,,,0.7461928934010152,0.30280373831775703,0.14928455284552844,107.69308943089426,0.7461928934010152,0.30280373831775703,0.7461928934010152,0.30280373831775703,0.14928455284552844,107.69308943089426,0.7004048582995951,99.15743902439027,0.36709393220616243,,0.5212600633303343,,114.57499999999973,101.5,0.36709393220616243,0.5212600633303343,106.9,,,0.9281476910755887,0.10736751324205548,0.8682800059870144,-0.30605916523680393,2.011917047073769,4.866766747982737,1.9227421882775373,4.837238485887138,1.1655062148915838,0.647488874761603,19.0,3.0,29.0,0.0,0.0,0.0,0.0,-0.161118649228069,-1.6565984088439554,1.0591349573018927,0.0012980052668292675,0.0161843863053843,1.1241882339895222,-0.2200834182880446,-0.8279939430213724,0.5843642945459243,2.0141087238539956,0.9477317749988866,-0.40632289620835904,12.902215049248538,-0.3970729829250259,-0.5441510113560687,-6.205193329925434,-0.12718385347996644,2.2046452929504707,0.22981106183109215,0.750234201605972,0.3350706594058251,-0.7494631793424982,10.708081871909487,23.755056123945245,0.23436457393165436,0.7546523076078067,9.300762511574957,2.199135885494025,0.9927816108750288,1.452272451331101,1.269843310776022,23.548527109324183,23.583582885157078,,-0.9517008049610015,
92205,2,Michael Porter Jr.,1629008,0022300061,2023-10-24,2023-24,DEN,82,5.0,10.0,1,1,1.0,1.0,9.0,,1.0,1.0,0.0,,2.3369565217391304,0.21589071038251376,116.66393442622949,,,0.7970149253731343,0.4236602628918099,0.21589071038251376,116.66393442622949,0.7970149253731343,0.4236602628918099,0.7970149253731343,0.4236602628918099,0.21589071038251376,116.66393442622949,2.3369565217391304,99.15743902439027,0.36709393220616243,,0.5212600633303343,,114.57499999999973,95.5,0.36709393220616243,0.5212600633303343,125.3,,,0.2896130861079493,-0.7538461538461536,1.2084624374564914,1.01285120007989,0.17086302443962095,-0.42977682246410026,1.2129673117243014,0.8058608058608063,0.5172624194282358,0.3255076537246734,18.0,7.0,27.0,0.0,0.0,0.0,0.0,0.03915386323279748,-0.8320502954036507,0.13098928265739157,-0.3964652113254094,-0.4492928460591301,0.056326367570931506,0.4388437372264981,-0.5263709534913534,0.12272199883733771,-1.351648351648352,0.2873994735012817,-0.33318487235925137,-2.967968763163522,-0.44963594989017774,-0.7012070725084206,0.7072367985358307,0.2669292421526455,-0.7086974177957283,0.7809038012400946,-0.7189982262445096,-0.4122756522116187,-0.15052218999138434,8.705121841945736,25.258488455575318,0.20338006390896568,0.16837287650803295,0.9774828153089614,1.5540603512190818,6.497771141461103,4.643726541955673,-0.51461064452263,13.528284707099091,164.12387736356573,,0.07746032120642406,
92206,0,Rui Hachimura,1629060,0022300061,2023-10-24,2023-24,LAL,80,4.0,10.0,1,1,1.0,1.0,9.0,,0.0,1.0,0.0,,0.8421052631578947,0.19061244019138757,108.45550239234447,,,0.7697095435684648,0.3577405857740586,0.19061244019138757,108.45550239234447,0.7697095435684648,0.3577405857740586,0.7697095435684648,0.3577405857740586,0.19061244019138757,108.45550239234447,0.8421052631578947,99.15743902439027,0.36709393220616243,,0.5212600633303343,,114.57499999999973,95.5,0.36709393220616243,0.5212600633303343,111.5,,,1.0889778152060086,0.4588392262602478,-0.040527859635235614,-1.6868849468872043,1.3077075554345945,1.7965682710484232,1.3173534105789226,1.8210314373312588,0.8373553186043814,-0.02524038461538316,15.0,4.0,24.0,0.0,0.0,0.0,0.0,0.21531427835059147,-0.2677289109721528,0.904177435197056,-0.48892307692307724,0.5439664704412511,-0.004284633190884244,0.3595182365953517,0.038466280843528156,0.3457752772491939,0.8000515439961796,0.43262450381084677,-0.30530425058246596,0.5745212929747625,0.11870944864747007,-1.0001876345270313,2.7334415978151334,-0.24563380625929407,-0.2461759060066238,-0.22491880277820078,-0.16806385646196534,-0.32448367933885763,1.8425214283753562,6.284443470075603,22.999921283411137,0.31341851240975704,-0.02113517030131129,2.3989419747397713,0.17502079925068717,0.918442734155326,0.04932077383648619,-0.6415716903718726,1.099908318978394,21.124110588893398,,-1.1821095873491743,
92207,2,Yuta Watanabe,1629139,0022300062,2023-10-24,2023-24,PHX,81,5.0,10.0,1,1,1.0,1.0,9.0,,0.0,1.0,0.0,,0.7935483870967742,0.1379612903225807,108.27225806451611,,,0.7063492063492064,0.39705882352941174,0.1379612903225807,108.27225806451611,0.7063492063492064,0.39705882352941174,0.7063492063492064,0.39705882352941174,0.1379612903225807,108.27225806451611,0.7935483870967742,99.15743902439027,0.36709393220616243,,0.5212600633303343,,114.57499999999973,101.5,0.36709393220616243,0.5212600633303343,106.9,,,0.8022883956640724,-0.1266797021260256,1.176353900487909,-0.7342657342657395,3.8729833462074166,14.999999999999995,1.4039835800326277,2.0973402713136897,2.0956197805003454,4.172704027274662,19.0,3.0,29.0,0.0,0.0,0.0,0.0,-0.161118649228069,-1.6565984088439554,1.0591349573018927,0.0012980052668292675,0.0161843863053843,1.1241882339895222,-0.2200834182880446,-0.8279939430213724,0.5843642945459243,2.0141087238539956,0.9477317749988866,-0.40632289620835904,12.902215049248538,-0.3970729829250259,-0.5441510113560687,-6.205193329925434,-0.12718385347996644,2.2046452929504707,0.22981106183109215,0.750234201605972,0.3350706594058251,-0.7494631793424982,10.708081871909487,23.755056123945245,0.23436457393165436,8.744401097730234,2.944631302665597,0.9787831629601537,0.3594964784648392,0.23619585162812162,1.269843310776022,10.48089024382385,8.539859022292928,,-0.9517008049610015,
92208,0,Gabe Vincent,1629216,0022300061,2023-10-24,2023-24,LAL,74,4.0,10.0,1,1,1.0,1.0,9.0,,0.0,1.0,0.0,,1.713375796178344,0.1746305732484077,107.63439490445856,,,0.852112676056338,0.350597609561753,0.1746305732484077,107.63439490445856,0.852112676056338,0.350597609561753,0.852112676056338,0.350597609561753,0.1746305732484077,107.63439490445856,1.713375796178344,99.15743902439027,0.36709393220616243,,0.5212600633303343,,114.57499999999973,95.5,0.36709393220616243,0.5212600633303343,111.5,,,0.3276247397429652,-1.1259323662655054,0.718601899427367,-0.11343779229536739,0.791655362040779,-0.07554945054945159,0.9098407703684681,0.635105697918036,0.26991047098919047,-0.9424696286700068,15.0,4.0,24.0,0.0,0.0,0.0,0.0,0.21531427835059147,-0.2677289109721528,0.904177435197056,-0.48892307692307724,0.5439664704412511,-0.004284633190884244,0.3595182365953517,0.038466280843528156,0.3457752772491939,0.8000515439961796,0.43262450381084677,-0.30530425058246596,0.5745212929747625,0.11870944864747007,-1.0001876345270313,2.7334415978151334,-0.24563380625929407,-0.2461759060066238,-0.22491880277820078,-0.16806385646196534,-0.32448367933885763,1.8425214283753562,6.284443470075603,22.999921283411137,0.31341851240975704,-0.25438242136732897,0.5778450574591494,1.7645936971905833,1.8294887416207593,1.367145727815853,0.02128755332478359,11.089489337645928,42.07809704616436,,0.03922277315859682,
92209,0,Drew Eubanks,1629234,0022300062,2023-10-24,2023-24,PHX,82,5.0,10.0,1,1,1.0,1.0,9.0,,0.0,1.0,0.0,,0.07446808510638298,0.14761170212765962,105.53297872340423,,,0.7147335423197492,0.3611111111111111,0.14761170212765962,105.53297872340423,0.7147335423197492,0.3611111111111111,0.7147335423197492,0.3611111111111111,0.14761170212765962,105.53297872340423,0.07446808510638298,99.15743902439027,0.36709393220616243,,0.5212600633303343,,114.57499999999973,101.5,0.36709393220616243,0.5212600633303343,106.9,,,0.6646480086927108,-0.0402727466439377,0.5360089232126084,-1.0837603029627978,2.242851474587097,5.371767641115622,3.8729833462074166,14.999999999999995,1.9750466192895697,3.824293423579999,19.0,3.0,29.0,0.0,0.0,0.0,0.0,-0.161118649228069,-1.6565984088439554,1.0591349573018927,0.0012980052668292675,0.0161843863053843,1.1241882339895222,-0.2200834182880446,-0.8279939430213724,0.5843642945459243,2.0141087238539956,0.9477317749988866,-0.40632289620835904,12.902215049248538,-0.3970729829250259,-0.5441510113560687,-6.205193329925434,-0.12718385347996644,2.2046452929504707,0.22981106183109215,0.750234201605972,0.3350706594058251,-0.7494631793424982,10.708081871909487,23.755056123945245,0.23436457393165436,7.553157797413012,58.09475019311123,0.0031152488979098183,0.3198653621796747,0.011906232541334372,0.824414167986588,0.03335834025019413,7.598419630684245,,-0.6178680634342286,
92210,0,Jalen Pickett,1629618,0022300061,2023-10-24,2023-24,DEN,74,0.0,9.0,1,1,1.0,1.0,9.0,,1.0,1.0,0.0,,1.2001207077455014,0.16503946016813414,108.92242577882756,,,0.7644738987306651,0.3701069079258274,0.16503946016813414,108.92242577882756,0.7644738987306651,0.3701069079258274,0.7644738987306651,0.3701069079258274,0.16503946016813414,108.92242577882756,1.2001207077455014,99.15743902439027,0.36709393220616243,,0.5212600633303343,,114.57499999999973,95.5,0.36709393220616243,0.5212600633303343,125.3,,,0.6315043571316935,-0.34382635667604045,0.9100996485294449,0.4943875699042192,1.9149938186729756,4.971994247501685,1.3994140784707352,2.811945124170026,1.0548748420430445,1.3770172879442386,18.0,7.0,27.0,0.0,0.0,0.0,0.0,0.03915386323279748,-0.8320502954036507,0.13098928265739157,-0.3964652113254094,-0.4492928460591301,0.056326367570931506,0.4388437372264981,-0.5263709534913534,0.12272199883733771,-1.351648351648352,0.2873994735012817,-0.33318487235925137,-2.967968763163522,-0.44963594989017774,-0.7012070725084206,0.7072367985358307,0.2669292421526455,-0.7086974177957283,0.7809038012400946,-0.7189982262445096,-0.4122756522116187,-0.15052218999138434,8.705121841945736,25.258488455575318,0.20338006390896568,3.1053508591662347,8.326027083498026,1.1800309341903514,2.0367889327157758,1.4521885010120767,0.0,10.161275898935711,48.95297817721559,,-0.0,
92211,1,Cam Reddish,1629629,0022300061,2023-10-24,2023-24,LAL,79,4.0,10.0,1,1,1.0,1.0,9.0,,0.0,1.0,0.0,,1.2366412213740459,0.17776335877862592,107.03816793893132,,,0.8293515358361775,0.3005893909626719,0.17776335877862592,107.03816793893132,0.8293515358361775,0.3005893909626719,0.8293515358361775,0.3005893909626719,0.17776335877862592,107.03816793893132,1.2366412213740459,99.15743902439027,0.36709393220616243,,0.5212600633303343,,114.57499999999973,95.5,0.36709393220616243,0.5212600633303343,111.5,,,0.589457657453143,-0.5905805613521096,-0.1267432430454057,-1.5898617511520736,0.4550830602384314,-2.0940170940170977,0.340941238760204,-0.32973566267264104,0.4853613103217043,-0.5082355399240879,15.0,4.0,24.0,0.0,0.0,0.0,0.0,0.21531427835059147,-0.2677289109721528,0.904177435197056,-0.48892307692307724,0.5439664704412511,-0.004284633190884244,0.3595182365953517,0.038466280843528156,0.3457752772491939,0.8000515439961796,0.43262450381084677,-0.30530425058246596,0.5745212929747625,0.11870944864747007,-1.0001876345270313,2.7334415978151334,-0.24563380625929407,-0.2461759060066238,-0.22491880277820078,-0.16806385646196534,-0.32448367933885763,1.8425214283753562,6.284443470075603,22.999921283411137,0.31341851240975704,-0.24667786760961416,-0.11242048529502699,0.9182170440533044,2.2364967075720323,0.3161795957974411,-0.29459790884494386,5.770483106612911,51.43924822476492,,-0.5428029598013789,
92212,0,Jaxson Hayes,1629637,0022300061,2023-10-24,2023-24,LAL,84,4.0,10.0,1,1,1.0,1.0,9.0,,0.0,1.0,0.0,,0.12446351931330472,0.15783620689655187,104.97758620689649,,,0.7184801381692574,0.3372093023255814,0.15783620689655187,104.97758620689649,0.7184801381692574,0.3372093023255814,0.7184801381692574,0.3372093023255814,0.15783620689655187,104.97758620689649,0.12446351931330472,99.15743902439027,0.36709393220616243,,0.5212600633303343,,114.57499999999973,95.5,0.36709393220616243,0.5212600633303343,111.5,,,0.7765177025745058,-0.7812003337571517,2.4998132328313765,7.670674377002125,0.0,-3.0,3.8729833462074166,14.999999999999995,1.1763539004879047,-0.7342657342650253,15.0,4.0,24.0,0.0,0.0,0.0,0.0,0.21531427835059147,-0.2677289109721528,0.904177435197056,-0.48892307692307724,0.5439664704412511,-0.004284633190884244,0.3595182365953517,0.038466280843528156,0.3457752772491939,0.8000515439961796,0.43262450381084677,-0.30530425058246596,0.5745212929747625,0.11870944864747007,-1.0001876345270313,2.7334415978151334,-0.24563380625929407,-0.2461759060066238,-0.22491880277820078,-0.16806385646196534,-0.32448367933885763,1.8425214283753562,6.284443470075603,22.999921283411137,0.31341851240975704,-0.8637563604972778,58.09475019311123,0.0031152488979098183,0.006652100887770808,0.0,-0.29459790884494386,0.019577605594129577,0.1529977967880379,,-0.5428029598013789,
92213,1,Nassir Little,1629642,0022300062,2023-10-24,2023-24,PHX,78,4.0,10.0,1,1,1.0,1.0,9.0,,0.0,1.0,0.0,,0.8546511627906976,0.1498662790697674,109.41337209302323,,,0.7321428571428571,0.3431372549019608,0.1498662790697674,109.41337209302323,0.7321428571428571,0.3431372549019608,0.7321428571428571,0.3431372549019608,0.1498662790697674,109.41337209302323,0.8546511627906976,99.15743902439027,0.36709393220616243,,0.5212600633303343,,114.57499999999973,101.5,0.36709393220616243,0.5212600633303343,106.9,,,1.9745444483765178,4.179519912523174,1.2551601952722362,0.947870311506675,1.769518197863799,2.9263358993088717,0.7882269819968927,-1.615384615384615,1.1238994030393394,1.9535662753685183,19.0,3.0,29.0,0.0,0.0,0.0,0.0,-0.161118649228069,-1.6565984088439554,1.0591349573018927,0.0012980052668292675,0.0161843863053843,1.1241882339895222,-0.2200834182880446,-0.8279939430213724,0.5843642945459243,2.0141087238539956,0.9477317749988866,-0.40632289620835904,12.902215049248538,-0.3970729829250259,-0.5441510113560687,-6.205193329925434,-0.12718385347996644,2.2046452929504707,0.22981106183109215,0.750234201605972,0.3350706594058251,-0.7494631793424982,10.708081871909487,23.755056123945245,0.23436457393165436,2.1956119706844635,-1.2732897401488263,0.2027197360814434,1.6724124821200064,0.12107066624880741,-0.7351978563373132,2.1707395310119795,39.72825237514733,,0.5510037228563519,
92214,0,Jonathan Kuminga,1630228,0022300062,2023-10-24,2023-24,GSW,79,2.0,10.0,1,1,1.0,1.0,9.0,,1.0,1.0,0.0,,0.8095238095238095,0.21155555555555564,107.40634920634922,,,0.6697530864197531,0.3688212927756654,0.21155555555555564,107.40634920634922,0.6697530864197531,0.3688212927756654,0.6697530864197531,0.3688212927756654,0.21155555555555564,107.40634920634922,0.8095238095238095,99.15743902439027,0.36709393220616243,,0.5212600633303343,,114.57499999999973,101.5,0.36709393220616243,0.5212600633303343,102.0,,,0.28258985998216346,-1.1127909692919047,0.6820656487560118,-0.08259819070629867,1.0742510779389236,-0.1056434647397792,1.109971962486681,0.10416918721416871,0.0798940707279178,-1.1023702195724883,14.0,5.0,37.0,0.0,0.0,0.0,0.0,-0.4454302907677034,-0.8936203899442446,0.27464948621896235,-0.6741910392057818,0.46494093423514626,1.0429139233132072,-0.4051776267422877,-0.0779115319301965,-0.011588817019867161,-1.3928319868722987,0.15685019263952255,-0.5883480542224584,2.8996291039400415,-0.47765165609738675,-0.6443404920901667,-0.6219817429685289,-1.2670297667230843,2.1576304508872717,-0.20677383984156153,-0.34249653829008986,0.9817397768056683,1.7512765851810312,6.286251805794608,26.633013841609404,0.2618897822226458,-0.08807284429087464,0.11562487716275333,0.9575858032791568,0.9652237426132464,0.5614928039657052,0.3751551779993052,6.0196254850668796,25.706817297268625,,0.6570004790396051,
92215,2,Moses Moody,1630541,0022300062,2023-10-24,2023-24,GSW,77,2.0,10.0,1,1,1.0,1.0,9.0,,1.0,1.0,0.0,,0.9148936170212766,0.1346595744680851,105.49893617021276,,,0.735632183908046,0.3827751196172249,0.1346595744680851,105.49893617021276,0.735632183908046,0.3827751196172249,0.735632183908046,0.3827751196172249,0.1346595744680851,105.49893617021276,0.9148936170212766,99.15743902439027,0.36709393220616243,,0.5212600633303343,,114.57499999999973,101.5,0.36709393220616243,0.5212600633303343,102.0,,,1.8738091456404284,3.5454545454545427,1.6260274463948197,2.3593707125217134,3.741657386773938,14.0,0.7882269819968927,-1.615384615384615,2.255332468471751,4.913135173031827,14.0,5.0,37.0,0.0,0.0,0.0,0.0,-0.4454302907677034,-0.8936203899442446,0.27464948621896235,-0.6741910392057818,0.46494093423514626,1.0429139233132072,-0.4051776267422877,-0.0779115319301965,-0.011588817019867161,-1.3928319868722987,0.15685019263952255,-0.5883480542224584,2.8996291039400415,-0.47765165609738675,-0.6443404920901667,-0.6219817429685289,-1.2670297667230843,2.1576304508872717,-0.20677383984156153,-0.34249653829008986,0.9817397768056683,1.7512765851810312,6.286251805794608,26.633013841609404,0.2618897822226458,11.080753277729253,-1.2732897401488263,0.6424665206342233,0.44901990842195816,0.43357682389076274,0.3751551779993052,4.038706325499465,11.9587534361602,,0.6570004790396051,
92216,1,Austin Reaves,1630559,0022300061,2023-10-24,2023-24,LAL,77,2.0,10.0,1,1,1.0,1.0,9.0,,0.0,1.0,0.0,,1.152542372881356,0.13724576271186437,112.49745762711864,,,0.8567639257294429,0.3767313019390582,0.13724576271186437,112.49745762711864,0.8567639257294429,0.3767313019390582,0.8567639257294429,0.3767313019390582,0.13724576271186437,112.49745762711864,1.152542372881356,99.15743902439027,0.36709393220616243,,0.5212600633303343,,114.57499999999973,95.5,0.36709393220616243,0.5212600633303343,111.5,,,-0.5875045575292464,-0.43659043659043306,0.6521881972094304,0.21171410456329107,0.1343802801439809,-1.3365557500345768,0.38304230896556885,-1.1172161172161172,0.36855821992100174,-0.5537234345381057,15.0,4.0,24.0,0.0,0.0,0.0,0.0,0.21531427835059147,-0.2677289109721528,0.904177435197056,-0.48892307692307724,0.5439664704412511,-0.004284633190884244,0.3595182365953517,0.038466280843528156,0.3457752772491939,0.8000515439961796,0.43262450381084677,-0.30530425058246596,0.5745212929747625,0.11870944864747007,-1.0001876345270313,2.7334415978151334,-0.24563380625929407,-0.2461759060066238,-0.22491880277820078,-0.16806385646196534,-0.32448367933885763,1.8425214283753562,6.284443470075603,22.999921283411137,0.31341851240975704,-0.20407932336190757,-0.42794104115200915,1.3298205592984729,1.2892144011875286,1.2560993515989995,0.3751551779993052,8.357182130255573,29.651829744753183,,0.6912314544296908,
92217,0,Jordan Goodwin,1630692,0022300062,2023-10-24,2023-24,PHX,76,2.0,10.0,1,1,1.0,1.0,9.0,,0.0,1.0,0.0,,0.6031746031746031,0.1681269841269842,100.42698412698415,,,0.7681159420289855,0.35294117647058826,0.1681269841269842,100.42698412698415,0.7681159420289855,0.35294117647058826,0.7681159420289855,0.35294117647058826,0.1681269841269842,100.42698412698415,0.6031746031746031,99.15743902439027,0.36709393220616243,,0.5212600633303343,,114.57499999999973,101.5,0.36709393220616243,0.5212600633303343,106.9,,,0.583486924275656,-0.8553685897435915,1.0652585913887394,1.2713308649981525,0.5306877734233839,-0.7912182617727009,0.3115740720388396,-0.4038461538461524,0.7877839974818293,1.0459540459540444,19.0,3.0,29.0,0.0,0.0,0.0,0.0,-0.161118649228069,-1.6565984088439554,1.0591349573018927,0.0012980052668292675,0.0161843863053843,1.1241882339895222,-0.2200834182880446,-0.8279939430213724,0.5843642945459243,2.0141087238539956,0.9477317749988866,-0.40632289620835904,12.902215049248538,-0.3970729829250259,-0.5441510113560687,-6.205193329925434,-0.12718385347996644,2.2046452929504707,0.22981106183109215,0.750234201605972,0.3350706594058251,-0.7494631793424982,10.708081871909487,23.755056123945245,0.23436457393165436,0.8239858595039701,-0.1258279906310694,1.0087741718382557,1.484439351781747,0.5210226505695235,-0.005339380832623263,10.802036422311732,35.262940114168295,,0.004001669334538226,
92218,0,Max Christie,1631108,0022300061,2023-10-24,2023-24,LAL,77,1.0,10.0,1,1,1.0,1.0,9.0,,0.0,1.0,0.0,,0.6341463414634146,0.09704878048780485,95.10000000000001,,,0.875,0.44642857142857145,0.09704878048780485,95.10000000000001,0.875,0.44642857142857145,0.875,0.44642857142857145,0.09704878048780485,95.10000000000001,0.6341463414634146,99.15743902439027,0.36709393220616243,,0.5212600633303343,,114.57499999999973,95.5,0.36709393220616243,0.5212600633303343,111.5,,,1.5656239814140482,0.5013774104698375,2.0552372125864347,2.6400000000004966,2.0514014818793345,3.7114747895184883,1.8125053428481654,1.6853368238409796,1.626027446394823,2.3593707125217462,15.0,4.0,24.0,0.0,0.0,0.0,0.0,0.21531427835059147,-0.2677289109721528,0.904177435197056,-0.48892307692307724,0.5439664704412511,-0.004284633190884244,0.3595182365953517,0.038466280843528156,0.3457752772491939,0.8000515439961796,0.43262450381084677,-0.30530425058246596,0.5745212929747625,0.11870944864747007,-1.0001876345270313,2.7334415978151334,-0.24563380625929407,-0.2461759060066238,-0.22491880277820078,-0.16806385646196534,-0.32448367933885763,1.8425214283753562,6.284443470075603,22.999921283411137,0.31341851240975704,3.836401534780469,3.054681997710533,0.2046505892322927,0.49316081610984763,0.13714786998795103,-0.29459790884494386,1.2861150591480064,11.34265995058929,,-0.5428029598013789,
92219,0,Christian Braun,1631128,0022300061,2023-10-24,2023-24,DEN,78,1.0,10.0,1,1,1.0,1.0,9.0,,1.0,1.0,0.0,,0.4473684210526316,0.11628947368421051,100.89342105263155,,,0.625,0.37362637362637363,0.11628947368421051,100.89342105263155,0.625,0.37362637362637363,0.625,0.37362637362637363,0.11628947368421051,100.89342105263155,0.4473684210526316,99.15743902439027,0.36709393220616243,,0.5212600633303343,,114.57499999999973,95.5,0.36709393220616243,0.5212600633303343,125.3,,,0.13586859495169443,-1.8435273626105282,1.090997687231827,1.5757511186874062,1.6720819322526292,0.8974358974359018,0.2742374366928442,-1.4989823462332375,0.6809641048276762,1.080586080586093,18.0,7.0,27.0,0.0,0.0,0.0,0.0,0.03915386323279748,-0.8320502954036507,0.13098928265739157,-0.3964652113254094,-0.4492928460591301,0.056326367570931506,0.4388437372264981,-0.5263709534913534,0.12272199883733771,-1.351648351648352,0.2873994735012817,-0.33318487235925137,-2.967968763163522,-0.44963594989017774,-0.7012070725084206,0.7072367985358307,0.2669292421526455,-0.7086974177957283,0.7809038012400946,-0.7189982262445096,-0.4122756522116187,-0.15052218999138434,8.705121841945736,25.258488455575318,0.20338006390896568,0.735840333055556,-0.41107707627882856,0.93970059595012,1.2438200437588287,0.5314580140182161,-0.005339380832623263,8.180208182694814,31.417014216095563,,0.0008036952961244748,
92220,1,Peyton Watson,1631212,0022300061,2023-10-24,2023-24,DEN,79,1.0,10.0,1,1,1.0,1.0,9.0,,1.0,1.0,0.0,,0.2608695652173913,0.18873913043478258,77.50869565217391,,,0.55,0.3333333333333333,0.18873913043478258,77.50869565217391,0.55,0.3333333333333333,0.55,0.3333333333333333,0.18873913043478258,77.50869565217391,0.2608695652173913,99.15743902439027,0.36709393220616243,,0.5212600633303343,,114.57499999999973,95.5,0.36709393220616243,0.5212600633303343,125.3,,,1.1989156669292758,0.39135728904893835,0.4775939698111792,-0.8682666666666611,3.741657386773938,14.0,1.4073873102947176,1.2637362637362621,1.0846268206190386,0.39751216873977147,18.0,7.0,27.0,0.0,0.0,0.0,0.0,0.03915386323279748,-0.8320502954036507,0.13098928265739157,-0.3964652113254094,-0.4492928460591301,0.056326367570931506,0.4388437372264981,-0.5263709534913534,0.12272199883733771,-1.351648351648352,0.2873994735012817,-0.33318487235925137,-2.967968763163522,-0.44963594989017774,-0.7012070725084206,0.7072367985358307,0.2669292421526455,-0.7086974177957283,0.7809038012400946,-0.7189982262445096,-0.4122756522116187,-0.15052218999138434,8.705121841945736,25.258488455575318,0.20338006390896568,0.4311523597375971,1.7785663811416739,0.5433149926107295,0.25002204309487197,0.5425905596790077,1.269843310776022,4.729623209232248,6.315178889151178,,-0.1911395960839169,
92221,0,Collin Gillespie,1631221,0022300061,2023-10-24,2023-24,DEN,73,0.0,9.0,1,1,1.0,1.0,9.0,,1.0,1.0,0.0,,0.6446259347153874,0.15126308304840072,101.52475579282111,,,0.7256542370442604,0.3683337473798174,0.15126308304840072,101.52475579282111,0.7256542370442604,0.3683337473798174,0.7256542370442604,0.3683337473798174,0.15126308304840072,101.52475579282111,0.6446259347153874,99.15743902439027,0.36709393220616243,,0.5212600633303343,,114.57499999999973,95.5,0.36709393220616243,0.5212600633303343,125.3,,,0.8670946407350053,0.39869238505587395,1.2671491312757837,1.7473162924341012,1.635070613005547,3.366869901079577,1.194239527058669,1.311380936302959,1.0203822702190317,1.0399738964251577,18.0,7.0,27.0,0.0,0.0,0.0,0.0,0.03915386323279748,-0.8320502954036507,0.13098928265739157,-0.3964652113254094,-0.4492928460591301,0.056326367570931506,0.4388437372264981,-0.5263709534913534,0.12272199883733771,-1.351648351648352,0.2873994735012817,-0.33318487235925137,-2.967968763163522,-0.44963594989017774,-0.7012070725084206,0.7072367985358307,0.2669292421526455,-0.7086974177957283,0.7809038012400946,-0.7189982262445096,-0.4122756522116187,-0.15052218999138434,8.705121841945736,25.258488455575318,0.20338006390896568,1.9942040897045854,6.614688651196309,0.648016468646957,0.8726627655528673,0.4560509711065524,0.0,5.067090438979422,21.28182709112462,,-0.0,
92222,1,Kevin Durant,201142,0022300062,2023-10-24,2023-24,PHX,83,16.0,10.0,1,1,1.0,1.0,9.0,,0.0,1.0,0.0,,2.08502024291498,0.2963562753036437,118.19190283400796,,,0.8985250737463126,0.397196261682243,0.2963562753036437,118.19190283400796,0.8985250737463126,0.397196261682243,0.8985250737463126,0.397196261682243,0.2963562753036437,118.19190283400796,2.08502024291498,99.15743902439027,0.36709393220616243,,0.5212600633303343,,114.57499999999973,101.5,0.36709393220616243,0.5212600633303343,106.9,,,2.4214913452193114,7.36045161971088,0.5679136258327026,-0.2878567972907601,-0.1913782454922616,-1.4057298269240233,1.4874668652259653,1.1458610593558711,0.8830079676128846,0.48710808001348777,19.0,3.0,29.0,0.0,0.0,0.0,0.0,-0.161118649228069,-1.6565984088439554,1.0591349573018927,0.0012980052668292675,0.0161843863053843,1.1241882339895222,-0.2200834182880446,-0.8279939430213724,0.5843642945459243,2.0141087238539956,0.9477317749988866,-0.40632289620835904,12.902215049248538,-0.3970729829250259,-0.5441510113560687,-6.205193329925434,-0.12718385347996644,2.2046452929504707,0.22981106183109215,0.750234201605972,0.3350706594058251,-0.7494631793424982,10.708081871909487,23.755056123945245,0.23436457393165436,0.4301203157405242,1.7044303579445814,0.07727079518572806,4.151474538051216,2.1837897796649135,0.824414167986588,0.8274220011563255,98.6185106485363,,-0.6178680634342286,
92223,2,Eric Gordon,201569,0022300062,2023-10-24,2023-24,PHX,75,15.0,10.0,1,1,1.0,1.0,9.0,,0.0,1.0,0.0,,2.5101214574898787,0.19914979757085052,111.0364372469636,,,0.7898894154818326,0.36208920187793425,0.19914979757085052,111.0364372469636,0.7898894154818326,0.36208920187793425,0.7898894154818326,0.36208920187793425,0.19914979757085052,111.0364372469636,2.5101214574898787,99.15743902439027,0.36709393220616243,,0.5212600633303343,,114.57499999999973,101.5,0.36709393220616243,0.5212600633303343,106.9,,,1.574729492414005,3.923076923076929,0.14237767245145816,-0.8488753702073152,2.4047631387103303,4.349112426035515,0.628044799734325,-0.6541640178003809,0.5608747886478589,0.16284225528417187,19.0,3.0,29.0,0.0,0.0,0.0,0.0,-0.161118649228069,-1.6565984088439554,1.0591349573018927,0.0012980052668292675,0.0161843863053843,1.1241882339895222,-0.2200834182880446,-0.8279939430213724,0.5843642945459243,2.0141087238539956,0.9477317749988866,-0.40632289620835904,12.902215049248538,-0.3970729829250259,-0.5441510113560687,-6.205193329925434,-0.12718385347996644,2.2046452929504707,0.22981106183109215,0.750234201605972,0.3350706594058251,-0.7494631793424982,10.708081871909487,23.755056123945245,0.23436457393165436,0.09133411551545058,-0.4108443095528417,0.5072607869821032,4.256370014769808,2.959185710357216,-0.7351978563373132,5.431790037413599,101.11030858513445,,0.5510037228563519,
92224,4,Stephen Curry,201939,0022300062,2023-10-24,2023-24,GSW,74,14.0,10.0,1,1,1.0,1.0,9.0,,1.0,1.0,0.0,,4.854251012145749,0.3014655870445345,116.19473684210516,,,0.9192897497982244,0.41387726638772665,0.3014655870445345,116.19473684210516,0.9192897497982244,0.41387726638772665,0.9192897497982244,0.41387726638772665,0.3014655870445345,116.19473684210516,4.854251012145749,99.15743902439027,0.36709393220616243,,0.5212600633303343,,114.57499999999973,101.5,0.36709393220616243,0.5212600633303343,102.0,,,0.7789180566033649,0.023804959725216925,0.6043956043956039,-0.9772079772079769,0.3758613689438291,-0.46002277303129985,1.3117555040605238,1.2493239588966993,-0.03466276431620672,-1.5242994696035599,14.0,5.0,37.0,0.0,0.0,0.0,0.0,-0.4454302907677034,-0.8936203899442446,0.27464948621896235,-0.6741910392057818,0.46494093423514626,1.0429139233132072,-0.4051776267422877,-0.0779115319301965,-0.011588817019867161,-1.3928319868722987,0.15685019263952255,-0.5883480542224584,2.8996291039400415,-0.47765165609738675,-0.6443404920901667,-0.6219817429685289,-1.2670297667230843,2.1576304508872717,-0.20677383984156153,-0.34249653829008986,0.9817397768056683,1.7512765851810312,6.286251805794608,26.633013841609404,0.2618897822226458,0.05283643326218711,1.6388075794374288,2.39959909075948,9.476366187724642,4.390809407023205,-0.51461064452263,15.084484117469882,252.38419184582972,,-0.901225572237401,
92225,3,Klay Thompson,202691,0022300062,2023-10-24,2023-24,GSW,78,12.0,10.0,1,1,1.0,1.0,9.0,,1.0,1.0,0.0,,3.493927125506073,0.2536720647773278,114.14615384615385,,,0.8489702517162472,0.41095238095238096,0.2536720647773278,114.14615384615385,0.8489702517162472,0.41095238095238096,0.8489702517162472,0.41095238095238096,0.2536720647773278,114.14615384615385,3.493927125506073,99.15743902439027,0.36709393220616243,,0.5212600633303343,,114.57499999999973,101.5,0.36709393220616243,0.5212600633303343,102.0,,,0.9304982040019627,0.7911464716757712,1.0691992237228674,0.6702399857920803,0.4394775810373202,-0.6909818133604437,1.1189815563378465,2.0904977375565603,0.5860547117304161,0.1071973128853377,14.0,5.0,37.0,0.0,0.0,0.0,0.0,-0.4454302907677034,-0.8936203899442446,0.27464948621896235,-0.6741910392057818,0.46494093423514626,1.0429139233132072,-0.4051776267422877,-0.0779115319301965,-0.011588817019867161,-1.3928319868722987,0.15685019263952255,-0.5883480542224584,2.8996291039400415,-0.47765165609738675,-0.6443404920901667,-0.6219817429685289,-1.2670297667230843,2.1576304508872717,-0.20677383984156153,-0.34249653829008986,0.9817397768056683,1.7512765851810312,6.286251805794608,26.633013841609404,0.2618897822226458,0.0628234903012918,2.3392284118917868,2.857269558801798,8.017343690193295,4.73066233819823,-0.29459790884494386,17.961515923659764,213.52602547385783,,-0.515922419803446,
92226,2,Reggie Jackson,202704,0022300061,2023-10-24,2023-24,DEN,74,12.0,10.0,1,1,1.0,1.0,9.0,,1.0,1.0,0.0,,1.902834008097166,0.23040243902439028,110.69674796747972,,,0.8587962962962963,0.3652931854199683,0.23040243902439028,110.69674796747972,0.8587962962962963,0.3652931854199683,0.8587962962962963,0.3652931854199683,0.23040243902439028,110.69674796747972,1.902834008097166,99.15743902439027,0.36709393220616243,,0.5212600633303343,,114.57499999999973,95.5,0.36709393220616243,0.5212600633303343,125.3,,,2.0125519727067966,5.024252962979917,0.6915088442618793,-0.508351256120441,1.7258353285095607,3.6519268714927717,0.6820656487560117,-0.08259819070629867,0.6206427451288522,-0.2911646822089117,18.0,7.0,27.0,0.0,0.0,0.0,0.0,0.03915386323279748,-0.8320502954036507,0.13098928265739157,-0.3964652113254094,-0.4492928460591301,0.056326367570931506,0.4388437372264981,-0.5263709534913534,0.12272199883733771,-1.351648351648352,0.2873994735012817,-0.33318487235925137,-2.967968763163522,-0.44963594989017774,-0.7012070725084206,0.7072367985358307,0.2669292421526455,-0.7086974177957283,0.7809038012400946,-0.7189982262445096,-0.4122756522116187,-0.15052218999138434,8.705121841945736,25.258488455575318,0.20338006390896568,-0.1807092476507088,-0.05633738853016439,0.5784099751177123,1.4992914904471746,0.35229491177722766,-0.29459790884494386,5.035129307996487,37.86983680300227,,0.04434352240622316,
92227,0,Cory Joseph,202709,0022300062,2023-10-24,2023-24,GSW,74,12.0,10.0,1,1,1.0,1.0,9.0,,1.0,1.0,0.0,,0.8947368421052632,0.14391902834008133,106.35870445344126,,,0.840531561461794,0.38,0.14391902834008133,106.35870445344126,0.840531561461794,0.38,0.840531561461794,0.38,0.14391902834008133,106.35870445344126,0.8947368421052632,99.15743902439027,0.36709393220616243,,0.5212600633303343,,114.57499999999973,101.5,0.36709393220616243,0.5212600633303343,102.0,,,1.0359934367447237,0.23351648351648654,0.1438454957051991,-0.36339436457088226,0.628044799734325,-0.6541640178003809,1.6351436547027856,3.410746052261335,0.29619426387620895,-0.6289718787366402,14.0,5.0,37.0,0.0,0.0,0.0,0.0,-0.4454302907677034,-0.8936203899442446,0.27464948621896235,-0.6741910392057818,0.46494093423514626,1.0429139233132072,-0.4051776267422877,-0.0779115319301965,-0.011588817019867161,-1.3928319868722987,0.15685019263952255,-0.5883480542224584,2.8996291039400415,-0.47765165609738675,-0.6443404920901667,-0.6219817429685289,-1.2670297667230843,2.1576304508872717,-0.20677383984156153,-0.34249653829008986,0.9817397768056683,1.7512765851810312,6.286251805794608,26.633013841609404,0.2618897822226458,-0.1862978626212353,5.577059765157697,0.410901238480993,5.104252019182228,2.518446416268613,-0.7351978563373132,2.583028652404383,135.94161467794302,,-1.2875347912788242,
92228,1,Anthony Davis,203076,0022300061,2023-10-24,2023-24,LAL,82,11.0,10.0,1,1,1.0,1.0,9.0,,0.0,1.0,0.0,,0.3333333333333333,0.2679791666666667,110.08749999999999,,,0.7587209302325582,0.22302158273381295,0.2679791666666667,110.08749999999999,0.7587209302325582,0.22302158273381295,0.7587209302325582,0.22302158273381295,0.2679791666666667,110.08749999999999,0.3333333333333333,99.15743902439027,0.36709393220616243,,0.5212600633303343,,114.57499999999973,95.5,0.36709393220616243,0.5212600633303343,111.5,,,0.41226467910392206,-0.7713921416394414,0.12495514805462454,-0.05741489497572088,0.388276781224372,-1.4497631240244322,1.6720819322526292,0.8974358974359018,1.0846268206190386,0.39751216873977147,15.0,4.0,24.0,0.0,0.0,0.0,0.0,0.21531427835059147,-0.2677289109721528,0.904177435197056,-0.48892307692307724,0.5439664704412511,-0.004284633190884244,0.3595182365953517,0.038466280843528156,0.3457752772491939,0.8000515439961796,0.43262450381084677,-0.30530425058246596,0.5745212929747625,0.11870944864747007,-1.0001876345270313,2.7334415978151334,-0.24563380625929407,-0.2461759060066238,-0.22491880277820078,-0.16806385646196534,-0.32448367933885763,1.8425214283753562,6.284443470075603,22.999921283411137,0.31341851240975704,0.4311523597375971,1.5005863494574951,0.46391156944524053,0.41943296467493274,0.4639115694452404,0.3751551779993052,2.9154260332926665,9.646925171191217,,0.6912314544296908,
92229,2,Kentavious Caldwell-Pope,203484,0022300061,2023-10-24,2023-24,DEN,77,10.0,10.0,1,1,1.0,1.0,9.0,,1.0,1.0,0.0,,1.8097165991902835,0.15329959514170066,113.13117408906885,,,0.8468468468468469,0.40373831775700936,0.15329959514170066,113.13117408906885,0.8468468468468469,0.40373831775700936,0.8468468468468469,0.40373831775700936,0.15329959514170066,113.13117408906885,1.8097165991902835,99.15743902439027,0.36709393220616243,,0.5212600633303343,,114.57499999999973,95.5,0.36709393220616243,0.5212600633303343,125.3,,,1.2179774032037327,0.6021529490917229,0.43251501917473595,-1.5452890304961358,0.6156454212452804,0.4251012145748999,-0.7571823401679473,-0.35878893833439296,1.0966054290179463,1.7328953693318363,18.0,7.0,27.0,0.0,0.0,0.0,0.0,0.03915386323279748,-0.8320502954036507,0.13098928265739157,-0.3964652113254094,-0.4492928460591301,0.056326367570931506,0.4388437372264981,-0.5263709534913534,0.12272199883733771,-1.351648351648352,0.2873994735012817,-0.33318487235925137,-2.967968763163522,-0.44963594989017774,-0.7012070725084206,0.7072367985358307,0.2669292421526455,-0.7086974177957283,0.7809038012400946,-0.7189982262445096,-0.4122756522116187,-0.15052218999138434,8.705121841945736,25.258488455575318,0.20338006390896568,1.900302469929351,0.271668647954409,1.625800659389711,1.788716095580964,0.5095144780631929,0.02128755332478359,14.152792830703154,45.18026485053353,,-0.003204249146004801,
92230,1,Aaron Gordon,203932,0022300061,2023-10-24,2023-24,DEN,80,9.0,10.0,1,1,1.0,1.0,9.0,,1.0,1.0,0.0,,1.0769230769230769,0.19820647773279362,116.31538461538472,,,0.6737089201877934,0.3341804320203304,0.19820647773279362,116.31538461538472,0.6737089201877934,0.3341804320203304,0.6737089201877934,0.3341804320203304,0.19820647773279362,116.31538461538472,1.0769230769230769,99.15743902439027,0.36709393220616243,,0.5212600633303343,,114.57499999999973,95.5,0.36709393220616243,0.5212600633303343,125.3,,,0.02464984820375089,-0.6817758773315392,1.366202345033278,2.2478134110787162,1.8417661097683968,2.647537647537648,-0.0924908899503973,-0.6690942193900778,0.9308771856428656,0.3843944047908467,18.0,7.0,27.0,0.0,0.0,0.0,0.0,0.03915386323279748,-0.8320502954036507,0.13098928265739157,-0.3964652113254094,-0.4492928460591301,0.056326367570931506,0.4388437372264981,-0.5263709534913534,0.12272199883733771,-1.351648351648352,0.2873994735012817,-0.33318487235925137,-2.967968763163522,-0.44963594989017774,-0.7012070725084206,0.7072367985358307,0.2669292421526455,-0.7086974177957283,0.7809038012400946,-0.7189982262445096,-0.4122756522116187,-0.15052218999138434,8.705121841945736,25.258488455575318,0.20338006390896568,0.35782398170856783,0.061885119812054676,1.2901836181976827,2.3925034398134346,0.8521119628277259,-0.13732763635137965,11.231205594893225,60.43102051445187,,0.020670856569950106,
92231,0,Andrew Wiggins,203952,0022300062,2023-10-24,2023-24,GSW,79,9.0,10.0,1,1,1.0,1.0,9.0,,1.0,1.0,0.0,,1.9838056680161944,0.23040485829959528,110.99878542510125,,,0.6701754385964912,0.37734375,0.23040485829959528,110.99878542510125,0.6701754385964912,0.37734375,0.6701754385964912,0.37734375,0.23040485829959528,110.99878542510125,1.9838056680161944,99.15743902439027,0.36709393220616243,,0.5212600633303343,,114.57499999999973,101.5,0.36709393220616243,0.5212600633303343,102.0,,,-0.2855028803684962,-1.3516483516483515,0.9504104091409902,2.339440647569189,-0.36344844890579725,-0.6735997566447393,1.3567955441356878,2.213675213675214,0.41246195115496276,-0.0780562091314578,14.0,5.0,37.0,0.0,0.0,0.0,0.0,-0.4454302907677034,-0.8936203899442446,0.27464948621896235,-0.6741910392057818,0.46494093423514626,1.0429139233132072,-0.4051776267422877,-0.0779115319301965,-0.011588817019867161,-1.3928319868722987,0.15685019263952255,-0.5883480542224584,2.8996291039400415,-0.47765165609738675,-0.6443404920901667,-0.6219817429685289,-1.2670297667230843,2.1576304508872717,-0.20677383984156153,-0.34249653829008986,0.9817397768056683,1.7512765851810312,6.286251805794608,26.633013841609404,0.2618897822226458,-0.03219521631812091,3.003504666078147,0.6836764452130152,3.044658916264565,1.1082749550817195,-0.51461064452263,4.297762288299555,81.08844305985366,,-0.901225572237401,
92232,1,Dario Saric,203967,0022300062,2023-10-24,2023-24,GSW,82,9.0,10.0,1,1,1.0,1.0,9.0,,1.0,1.0,0.0,,1.174089068825911,0.18355870445344127,109.77449392712543,,,0.8452914798206278,0.3769338959212377,0.18355870445344127,109.77449392712543,0.8452914798206278,0.3769338959212377,0.8452914798206278,0.3769338959212377,0.18355870445344127,109.77449392712543,1.174089068825911,99.15743902439027,0.36709393220616243,,0.5212600633303343,,114.57499999999973,101.5,0.36709393220616243,0.5212600633303343,102.0,,,0.29400228418046515,-1.3004089336269273,0.718601899427367,-0.11343779229536739,1.1763539004879071,-0.734265734265738,1.4073873102947176,1.2637362637362621,0.5751597122225954,-0.5853475891334188,14.0,5.0,37.0,0.0,0.0,0.0,0.0,-0.4454302907677034,-0.8936203899442446,0.27464948621896235,-0.6741910392057818,0.46494093423514626,1.0429139233132072,-0.4051776267422877,-0.0779115319301965,-0.011588817019867161,-1.3928319868722987,0.15685019263952255,-0.5883480542224584,2.8996291039400415,-0.47765165609738675,-0.6443404920901667,-0.6219817429685289,-1.2670297667230843,2.1576304508872717,-0.20677383984156153,-0.34249653829008986,0.9817397768056683,1.7512765851810312,6.286251805794608,26.633013841609404,0.2618897822226458,-0.33666835091616715,1.7785663811416739,0.08757943784025024,1.612662842134755,0.09933083840947671,-0.7351978563373132,0.5505463992737497,42.95007179642409,,-1.2875347912788242,
92233,1,Jusuf Nurkic,203994,0022300062,2023-10-24,2023-24,PHX,84,9.0,10.0,1,1,1.0,1.0,9.0,,0.0,1.0,0.0,,0.30364372469635625,0.23238056680161956,113.5323886639678,,,0.7036679536679536,0.3116883116883117,0.23238056680161956,113.5323886639678,0.7036679536679536,0.3116883116883117,0.7036679536679536,0.3116883116883117,0.23238056680161956,113.5323886639678,0.30364372469635625,99.15743902439027,0.36709393220616243,,0.5212600633303343,,114.57499999999973,101.5,0.36709393220616243,0.5212600633303343,106.9,,,0.7889595936893732,-0.22649579402824008,0.4708049488467108,-0.5195325958245146,0.6703601390665943,-1.8383838383838373,0.7882269819968927,-1.615384615384615,-0.23856299913885323,0.21137952956134834,19.0,3.0,29.0,0.0,0.0,0.0,0.0,-0.161118649228069,-1.6565984088439554,1.0591349573018927,0.0012980052668292675,0.0161843863053843,1.1241882339895222,-0.2200834182880446,-0.8279939430213724,0.5843642945459243,2.0141087238539956,0.9477317749988866,-0.40632289620835904,12.902215049248538,-0.3970729829250259,-0.5441510113560687,-6.205193329925434,-0.12718385347996644,2.2046452929504707,0.22981106183109215,0.750234201605972,0.3350706594058251,-0.7494631793424982,10.708081871909487,23.755056123945245,0.23436457393165436,-0.050427334528715145,-1.2732897401488263,0.02884767290599455,2.368247976658944,0.1744636673642609,0.824414167986588,0.30890324329145474,56.25786360095299,,-0.6178680634342286,
92234,3,Nikola Jokic,203999,0022300061,2023-10-24,2023-24,DEN,83,9.0,10.0,1,1,1.0,1.0,9.0,,1.0,1.0,0.0,,1.1012145748987854,0.2844227642276422,119.96626016260164,,,0.8316970546984572,0.35931307793923384,0.2844227642276422,119.96626016260164,0.8316970546984572,0.35931307793923384,0.8316970546984572,0.35931307793923384,0.2844227642276422,119.96626016260164,1.1012145748987854,99.15743902439027,0.36709393220616243,,0.5212600633303343,,114.57499999999973,95.5,0.36709393220616243,0.5212600633303343,125.3,,,-0.03061653227536826,-0.3606679090538205,0.46043809119328233,-0.3646857616452206,1.1735471013782297,0.11223137095364549,3.8729833462074166,14.999999999999995,1.2092464987463085,0.43067247796883434,18.0,7.0,27.0,0.0,0.0,0.0,0.0,0.03915386323279748,-0.8320502954036507,0.13098928265739157,-0.3964652113254094,-0.4492928460591301,0.056326367570931506,0.4388437372264981,-0.5263709534913534,0.12272199883733771,-1.351648351648352,0.2873994735012817,-0.33318487235925137,-2.967968763163522,-0.44963594989017774,-0.7012070725084206,0.7072367985358307,0.2669292421526455,-0.7086974177957283,0.7809038012400946,-0.7189982262445096,-0.4122756522116187,-0.15052218999138434,8.705121841945736,25.258488455575318,0.20338006390896568,0.5207891860902096,58.09475019311123,0.02301874886878753,2.7895945041223578,0.6561346626006959,0.824414167986588,0.20038101355194604,70.46094057811092,,-0.12409262602526623,
92235,1,LeBron James,2544,0022300061,2023-10-24,2023-24,LAL,81,20.0,10.0,1,1,1.0,1.0,9.0,,0.0,1.0,0.0,,2.340080971659919,0.31532793522267183,112.87935222672061,,,0.7191316146540027,0.3438429506246282,0.31532793522267183,112.87935222672061,0.7191316146540027,0.3438429506246282,0.7191316146540027,0.3438429506246282,0.31532793522267183,112.87935222672061,2.340080971659919,99.15743902439027,0.36709393220616243,,0.5212600633303343,,114.57499999999973,95.5,0.36709393220616243,0.5212600633303343,111.5,,,-0.07997623537293816,-0.56058971306628,0.9331687465625301,0.9409650770873481,0.2694016926446429,-0.20071623877851516,1.0846268206190368,0.3975121687398604,0.8819011843422055,1.4589884621102118,15.0,4.0,24.0,0.0,0.0,0.0,0.0,0.21531427835059147,-0.2677289109721528,0.904177435197056,-0.48892307692307724,0.5439664704412511,-0.004284633190884244,0.3595182365953517,0.038466280843528156,0.3457752772491939,0.8000515439961796,0.43262450381084677,-0.30530425058246596,0.5745212929747625,0.11870944864747007,-1.0001876345270313,2.7334415978151334,-0.24563380625929407,-0.2461759060066238,-0.22491880277820078,-0.16806385646196534,-0.32448367933885763,1.8425214283753562,6.284443470075603,22.999921283411137,0.31341851240975704,1.286683652676609,0.43115235973769284,0.5986545117134001,2.986980264351367,0.9368105196776273,-0.6415716903718726,3.762210436968576,68.70031095518402,,-1.1821095873491743,
92236,2,Tyus Jones,1626145,0022300064,2023-10-25,2023-24,WAS,73,8.0,10.0,1,1,1.0,1.0,9.0,,0.0,1.0,0.0,,1.1012145748987854,0.16391902834008143,110.34615384615377,,,0.8275862068965517,0.3879699248120301,0.16391902834008143,110.34615384615377,0.8275862068965517,0.3879699248120301,0.8275862068965517,0.3879699248120301,0.16391902834008143,110.34615384615377,1.1012145748987854,99.15743902439027,0.36709393220616243,,0.5212600633303343,,114.57499999999973,110.5,0.36709393220616243,0.5212600633303343,109.1,,,1.7175958539902085,3.696809513396122,0.26991047098919013,-0.9424696286700072,1.5794998387777253,2.0856416310961774,0.10343090815181553,-0.12667970212589005,0.8288864214329409,0.14646025793469272,15.0,4.0,19.0,0.0,0.0,0.0,0.0,0.22486592087636767,-0.29056531959812065,1.0536566421654392,-0.15494755242475725,0.12951890954217493,-0.6849230769230774,-0.016073722212782287,-1.497829734714537,0.01472302909391346,-0.9244320146504095,-0.7120193039809354,-0.46572796164371344,-5.231112852681077,-0.5454146008596954,0.14900321942061204,-0.8554124730807756,0.7215074861571507,2.6637020515541927,0.7254414632898074,0.7131672542961877,-0.7250332955148833,-1.046692852869529,11.70814509476797,21.547868389432352,0.2562045351833258,0.12139891908163293,-0.013102596635282284,1.1435312258600188,3.1094919323301218,1.8029411607547619,-0.29459790884494386,13.388629512766983,67.00292291585116,,0.3083535256583117,
92237,1,Delon Wright,1626153,0022300064,2023-10-25,2023-24,WAS,77,8.0,10.0,1,1,1.0,1.0,9.0,,0.0,1.0,0.0,,0.7651821862348178,0.13555465587044524,110.41497975708516,,,0.8100558659217877,0.36767676767676766,0.13555465587044524,110.41497975708516,0.8100558659217877,0.36767676767676766,0.8100558659217877,0.36767676767676766,0.13555465587044524,110.41497975708516,0.7651821862348178,99.15743902439027,0.36709393220616243,,0.5212600633303343,,114.57499999999973,110.5,0.36709393220616243,0.5212600633303343,109.1,,,1.4730399095558828,2.76874589153246,0.9963402460146491,0.36338519703358996,0.7882269819968927,-1.615384615384615,1.4073873102947176,1.2637362637362621,1.1339669192325237,0.799644094615249,15.0,4.0,19.0,0.0,0.0,0.0,0.0,0.22486592087636767,-0.29056531959812065,1.0536566421654392,-0.15494755242475725,0.12951890954217493,-0.6849230769230774,-0.016073722212782287,-1.497829734714537,0.01472302909391346,-0.9244320146504095,-0.7120193039809354,-0.46572796164371344,-5.231112852681077,-0.5454146008596954,0.14900321942061204,-0.8554124730807756,0.7215074861571507,2.6637020515541927,0.7254414632898074,0.7131672542961877,-0.7250332955148833,-1.046692852869529,11.70814509476797,21.547868389432352,0.2562045351833258,0.9067699504533345,1.7785663811416739,0.369114878838142,1.6758091992006283,0.616323776719169,-0.6415716903718726,4.321650558074666,36.11011607017517,,0.6715285029156614,
92238,2,Karl-Anthony Towns,1626157,0022300069,2023-10-25,2023-24,MIN,84,8.0,10.0,1,1,1.0,1.0,9.0,,0.0,1.0,0.0,,2.2388663967611335,0.27896747967479657,114.68373983739846,,,0.8301260783012607,0.3958031837916064,0.27896747967479657,114.68373983739846,0.8301260783012607,0.3958031837916064,0.8301260783012607,0.3958031837916064,0.27896747967479657,114.68373983739846,2.2388663967611335,99.15743902439027,0.36709393220616243,,0.5212600633303343,,114.57499999999973,101.0,0.36709393220616243,0.5212600633303343,93.1,,,0.6026274680038948,-0.009609121397925234,0.4378824519766469,-1.29232394284454,1.1723856211731636,2.1013573931773077,0.38304230896556885,-1.1172161172161172,-0.10645238872115699,-1.3148780397618713,15.0,8.0,23.0,0.0,0.0,0.0,0.0,0.9294048451754174,0.5281075832576811,-0.15636608597698046,-0.8508145579701971,-0.0363300584636596,0.08454442248806479,0.7318330075238209,1.1367255026025707,0.36318949708297676,-0.7278593497964732,0.24180877322920136,-1.5881867100659064,3.04129541698084,0.5442190964754147,-0.8789572878982338,-0.3667710650150238,-0.3126720758887543,0.016755525704635142,1.607275787741607,-0.0964653161916095,-0.3118231858422,0.5283989469895989,9.706852573492768,22.02297020321017,0.29423764678381653,0.13997190820964364,-0.42794104115200915,0.7523694990270215,5.962059072088132,2.7848106294527475,-0.7351978563373132,7.303139807847908,131.3022492943758,,-0.3884777731176467,
92239,0,Myles Turner,1626167,0022300064,2023-10-25,2023-24,IND,83,8.0,10.0,1,1,1.0,1.0,9.0,,1.0,1.0,0.0,,1.437246963562753,0.19060728744939287,109.48582995951406,,,0.7716436637390214,0.35516888433981575,0.19060728744939287,109.48582995951406,0.7716436637390214,0.35516888433981575,0.7716436637390214,0.35516888433981575,0.19060728744939287,109.48582995951406,1.437246963562753,99.15743902439027,0.36709393220616243,,0.5212600633303343,,114.57499999999973,110.5,0.36709393220616243,0.5212600633303343,128.8,,,-0.17371981726975758,-0.48575602629656617,0.850080828534409,0.08901306632876071,0.1343802801439809,-1.3365557500345768,2.4047631387103303,4.349112426035515,0.8662824827970578,1.134254251295041,30.0,12.0,31.0,0.0,0.0,0.0,0.0,0.360775080053254,-0.4158860702515611,-0.15729598080757282,-0.15782018268251435,0.20450283919981885,-0.4955032086916217,-0.7048813442055591,-0.3460130325425111,0.5114912470465601,-0.9174089011550393,-0.6845545526979164,1.7308096806533484,-1.6568637240499489,0.03522493883524229,2.005024872244801,-3.5080802923497094,0.6361047537220524,0.011164164368183585,0.18509910197874113,-0.47101633363854295,0.20612540580232044,3.252326623554589,9.672425592231246,26.928003530830676,0.2741811235905182,0.9825845889349861,10.458585248237265,0.004261284921582833,3.2787603846627076,0.25488340133170484,0.824414167986588,0.041216961331306916,88.29047121494513,,2.681264147378385,
92240,2,Terry Rozier,1626179,0022300063,2023-10-25,2023-24,CHA,73,8.0,10.0,1,1,1.0,1.0,9.0,,1.0,1.0,0.0,,2.9433198380566803,0.23796356275303643,109.77368421052633,,,0.8368200836820083,0.374356333676622,0.23796356275303643,109.77368421052633,0.8368200836820083,0.374356333676622,0.8368200836820083,0.374356333676622,0.23796356275303643,109.77368421052633,2.9433198380566803,99.15743902439027,0.36709393220616243,,0.5212600633303343,,114.57499999999973,104.0,0.36709393220616243,0.5212600633303343,111.5,,,0.2769866821237164,-0.3908521099188191,0.7231105941576504,1.7736307085419538,0.6311452206274265,-0.8035104688211196,-0.13839972539753373,-1.226239944390307,-0.5547871557170494,0.08276642048083971,21.0,13.0,23.0,0.0,0.0,0.0,0.0,-0.6822750486409201,0.7204970892984411,0.4152598317892234,0.1644374712224492,0.3338199358599683,0.38972987014739513,-0.4113751419887806,-0.7114633413461531,0.9280693109945473,1.4152543447662582,0.20402025625970888,-0.8160365014347399,-5.852206653260408,0.12166806939684217,-1.168880319577239,0.28900229061663507,-0.0581390953308635,-1.05307042263626,-0.3103705709054689,-0.38035921342382506,0.2939990476479936,1.5237991093741285,6.772722275300276,22.36287383073628,0.3191683223983078,-0.045917747007446406,0.16971127157510552,0.6849743155140392,6.5097147594494915,1.7810020388602699,-0.7351978563373132,4.639140804690492,145.57592983965074,,-1.1202938387005663,
92241,2,Norman Powell,1626181,0022300074,2023-10-25,2023-24,LAC,76,8.0,10.0,1,1,1.0,1.0,9.0,,1.0,1.0,0.0,,1.6194331983805668,0.21415789473684196,107.56113360323887,,,0.8352941176470589,0.38911290322580644,0.21415789473684196,107.56113360323887,0.8352941176470589,0.38911290322580644,0.8352941176470589,0.38911290322580644,0.21415789473684196,107.56113360323887,1.6194331983805668,99.15743902439027,0.36709393220616243,,0.5212600633303343,,114.57499999999973,99.0,0.36709393220616243,0.5212600633303343,124.2,,,0.4139769690938923,0.023641131595678207,0.5036232801222074,0.4420723776441079,0.791655362040779,-0.07554945054945159,1.9362152772587453,5.360393931328188,0.012086331563937742,-1.0194860141169881,19.0,7.0,27.0,0.0,0.0,0.0,0.0,0.14078121781744615,1.572461247076045,0.7968477377525303,-0.3468721576916144,0.587253834352936,-1.2522373510360865,0.2274490725883528,-0.6606923076923084,-1.2216682353586672,2.9917012363932725,-0.12170559112243456,-0.8664745250858866,-6.694296576358237,-0.3609797615125369,-0.9440931544828726,5.646107794222467,-0.04871549737858397,-0.25603125855902803,0.7038930298621846,-0.7748086818116726,0.16510124705177623,-1.8553287444693907,11.57971006666366,28.279522819236853,0.3966358265976225,-0.012321845991415233,10.378876621962704,1.2460435586797212,4.735731957953225,1.0237000196126402,-0.51461064452263,14.428823139944978,133.92423997072743,,0.9547719209927549,
92242,0,Larry Nance Jr.,1626204,0022300071,2023-10-25,2023-24,NOP,80,8.0,10.0,1,1,1.0,1.0,9.0,,0.0,1.0,0.0,,0.5991902834008097,0.13913360323886637,106.94858299595157,,,0.6918918918918919,0.35108958837772397,0.13913360323886637,106.94858299595157,0.6918918918918919,0.35108958837772397,0.6918918918918919,0.35108958837772397,0.13913360323886637,106.94858299595157,0.5991902834008097,99.15743902439027,0.36709393220616243,,0.5212600633303343,,114.57499999999973,103.5,0.36709393220616243,0.5212600633303343,107.8,,,0.5320529017463875,-0.8371611975954855,2.203161391805692,6.1025641025640995,3.8729833462074166,14.999999999999995,2.272968452080367,4.784795190200593,0.0,-3.0,22.0,4.0,28.0,0.0,0.0,0.0,0.0,0.3730453340448638,-1.1205728861762372,0.23227658437161816,-1.162506953927071,0.9177866520943584,0.017146643140130473,0.46940138886340066,-0.8252371327943644,0.4369958301400395,-0.7701771678177814,-0.30121349827965727,-0.47856194073324915,-1.1799335681708047,-0.3754271640360746,-0.4060649102998512,2.339415501129565,-0.3448789073926619,-0.02836080672187135,1.9662215596589678,-0.28536367721290234,-1.260885064086371,-3.862105005940988,7.450814748624538,30.11276996885222,0.3448830230678503,-0.0,10.875688516991827,0.987680910515071,0.0,0.00042160309195117085,1.269843310776022,7.359027495000603,0.0,,-4.9042682073087525,
92243,1,Royce O'Neale,1626220,0022300067,2023-10-25,2023-24,BKN,78,6.0,10.0,1,1,1.0,1.0,9.0,,1.0,1.0,0.0,,1.6842105263157894,0.11080566801619446,115.36356275303635,,,0.7711442786069652,0.38268156424581007,0.11080566801619446,115.36356275303635,0.7711442786069652,0.38268156424581007,0.7711442786069652,0.38268156424581007,0.11080566801619446,115.36356275303635,1.6842105263157894,99.15743902439027,0.36709393220616243,,0.5212600633303343,,114.57499999999973,99.5,0.36709393220616243,0.5212600633303343,113.0,,,1.2741436157158152,1.496039302248962,2.5429579386342076,7.067307692307709,3.8729833462074166,14.999999999999995,0.4550830602384314,-2.0940170940170977,0.5302799430978965,-0.39893559169645226,11.0,11.0,15.0,0.0,0.0,0.0,0.0,-0.46391016036526117,-0.6097426792898819,-0.09604475257345893,0.2509523864000373,1.1320289732189004,2.007880307704457,-0.5318418202692894,0.564258184996821,0.6124382458863012,-0.45376833261411337,0.018109694954261187,-0.6428151936016221,2.8561339596019564,-1.0054477746503396,1.3586401530475065,1.2465583521411816,-0.46378035120385064,0.07479560377376952,-1.710230684212407,0.1320703127349317,-0.7078172580855372,1.9006845955249054,9.200871962013068,18.9090266043383,0.4446838132322702,-0.21154754286452038,-0.9529517073368879,0.24665249215030657,4.2850247769135885,2.0688544160366966,-0.7351978563373132,2.269417999386404,81.02564750690784,,-1.3973792402032637,
92244,2,Cedi Osman,1626224,0022300073,2023-10-25,2023-24,SAS,79,8.0,10.0,1,1,1.0,1.0,9.0,,1.0,1.0,0.0,,1.777327935222672,0.1834048582995955,107.31619433198375,,,0.7070217917675545,0.3570829840737636,0.1834048582995955,107.31619433198375,0.7070217917675545,0.3570829840737636,0.7070217917675545,0.3570829840737636,0.1834048582995955,107.31619433198375,1.777327935222672,99.15743902439027,0.36709393220616243,,0.5212600633303343,,114.57499999999973,107.0,0.36709393220616243,0.5212600633303343,111.2,,,0.49300664859163623,-0.5982905982905898,0.5473172873368379,-0.3846153846153868,1.1763539004879071,-0.734265734265738,0.40923745230824105,-0.7459715329839673,0.7856859982964343,0.006428582687034962,17.0,6.0,29.0,0.0,0.0,0.0,0.0,-0.16405525050713696,-0.5828133278787383,0.2488070073807006,0.16499243670501057,0.42313413088104834,-0.13059888758292587,0.4919013353268924,-0.5618267334243668,-0.11994649729455716,-0.9131718335259856,-0.24673211007017629,-0.7035565224533874,1.888074398314933,0.7889917800813748,0.25940819356014216,2.3952113864870266,-0.10885027312638507,0.8460088962383896,-2.1631398212849007,0.08020227898140492,-0.934773482163892,0.3504768077337389,7.073270043429441,23.5799878704372,0.25877458475338283,0.005050847406094238,-0.3052794896528318,1.5441429719257742,3.381475334892175,1.4080943633051959,-0.29459790884494386,10.922140226094687,79.73514738094005,,-0.10324973465701093,
92245,0,Ben Simmons,1627732,0022300067,2023-10-25,2023-24,BKN,82,7.0,10.0,1,1,1.0,1.0,9.0,,1.0,1.0,0.0,,0.020242914979757085,0.19747368421052605,112.33724696356282,,,0.5958781362007168,0.20833333333333334,0.19747368421052605,112.33724696356282,0.5958781362007168,0.20833333333333334,0.5958781362007168,0.20833333333333334,0.19747368421052605,112.33724696356282,0.020242914979757085,99.15743902439027,0.36709393220616243,,0.5212600633303343,,114.57499999999973,99.5,0.36709393220616243,0.5212600633303343,113.0,,,2.407623738460783,6.892351092394494,1.1135899531103164,1.4768697972273894,1.4073873102947176,1.2637362637362621,0.0,-3.0,3.872983346207248,14.999999999994102,11.0,11.0,15.0,0.0,0.0,0.0,0.0,-0.46391016036526117,-0.6097426792898819,-0.09604475257345893,0.2509523864000373,1.1320289732189004,2.007880307704457,-0.5318418202692894,0.564258184996821,0.6124382458863012,-0.45376833261411337,0.018109694954261187,-0.6428151936016221,2.8561339596019564,-1.0054477746503396,1.3586401530475065,1.2465583521411816,-0.46378035120385064,0.07479560377376952,-1.710230684212407,0.1320703127349317,-0.7078172580855372,1.9006845955249054,9.200871962013068,18.9090266043383,0.4446838132322702,58.09475019308588,-0.0,0.0,0.02301874886878753,0.0,0.824414167986588,0.0,0.4352621347584856,,1.5669513094245893,
92246,1,Domantas Sabonis,1627734,0022300072,2023-10-25,2023-24,SAC,82,7.0,10.0,1,1,1.0,1.0,9.0,,0.0,1.0,0.0,,0.4291497975708502,0.22890283400809708,113.08704453441277,,,0.7259615384615384,0.30903790087463556,0.22890283400809708,113.08704453441277,0.7259615384615384,0.30903790087463556,0.7259615384615384,0.30903790087463556,0.22890283400809708,113.08704453441277,0.4291497975708502,99.15743902439027,0.36709393220616243,,0.5212600633303343,,114.57499999999973,105.0,0.36709393220616243,0.5212600633303343,123.8,,,0.0920734520650237,-0.9497624464629181,1.484058370567738,3.048095888332574,0.09105882858873597,-0.17109625217733246,3.8729833462074166,14.999999999999995,0.43302553022230883,-0.6690942193900421,34.0,14.0,37.0,0.0,0.0,0.0,0.0,1.1694539832129174,2.9653035356946256,-0.006902535250463186,-1.3100959426220031,1.0720567564159929,0.16284979141353553,0.7803769553276454,1.1077873756331051,0.07256131484469062,-0.3871190749031308,-1.3779690064252073,3.844158705427875,-5.698671535309076,-0.06256549772683846,-0.13941569775210438,1.95274910474277,-0.5086427296228615,-0.5099147517457272,0.7714000751133221,0.1463434918775967,-1.4284417948337857,1.6914036129762287,9.54470256186185,29.239585117975565,0.2732889265216949,-0.2897348791200548,58.09475019311123,0.0011460360236730156,0.3038517601641556,0.20511055204763137,0.824414167986588,0.010938572971137801,8.884499404566524,,1.3944171023213063,
92247,0,Kris Dunn,1627739,0022300072,2023-10-25,2023-24,UTA,75,7.0,10.0,1,1,1.0,1.0,9.0,,1.0,1.0,0.0,,0.562753036437247,0.1812317073170732,103.74878048780492,,,0.7581120943952803,0.31202046035805625,0.1812317073170732,103.74878048780492,0.7581120943952803,0.31202046035805625,0.7581120943952803,0.31202046035805625,0.1812317073170732,103.74878048780492,0.562753036437247,99.15743902439027,0.36709393220616243,,0.5212600633303343,,114.57499999999973,105.0,0.36709393220616243,0.5212600633303343,108.6,,,0.11192071062449574,-0.2840790842872,0.7954225956795073,-0.26634809501028983,1.6720819322526292,0.8974358974359018,2.4047631387103303,4.349112426035515,0.7186018994273689,-0.11343779229535428,15.0,7.0,21.0,0.0,0.0,0.0,0.0,0.9150548204236953,0.6528118689495331,-0.14676064296891872,-1.0252594761190392,1.007114406739275,0.5319925262505318,-0.24653149808582894,-0.9395356451209383,-0.19341883275111693,-1.0373926738810144,-0.10534233578697025,-1.32080573670565,2.4514754773442373,0.30442436621422486,-0.8741354164475578,1.120204977404342,0.6284435345852106,2.349635867091488,-1.1522527928189936,-0.5124868868119062,-0.09383225533235581,-0.3441247776349148,5.384726704646099,28.775527975718592,0.3165347246118249,-0.08151661301028894,10.458585248237265,0.07103957123420267,0.7077343132556345,0.6140916786648604,-0.7351978563373132,0.38252867631141996,20.365428530463497,,0.25299979882974394,
92248,4,Buddy Hield,1627741,0022300064,2023-10-25,2023-24,IND,76,7.0,10.0,1,1,1.0,1.0,9.0,,1.0,1.0,0.0,,3.708502024291498,0.2217530364372471,113.26801619433209,,,0.8387909319899244,0.4008830022075055,0.2217530364372471,113.26801619433209,0.8387909319899244,0.4008830022075055,0.8387909319899244,0.4008830022075055,0.2217530364372471,113.26801619433209,3.708502024291498,99.15743902439027,0.36709393220616243,,0.5212600633303343,,114.57499999999973,110.5,0.36709393220616243,0.5212600633303343,128.8,,,-0.519897477278353,0.34603223052599874,1.4930889704505592,2.2951396569406186,0.9291279146534654,-0.34900284900284834,1.3469509686182812,0.9414235406785164,0.28478714745893213,-0.7773072600782853,30.0,12.0,31.0,0.0,0.0,0.0,0.0,0.360775080053254,-0.4158860702515611,-0.15729598080757282,-0.15782018268251435,0.20450283919981885,-0.4955032086916217,-0.7048813442055591,-0.3460130325425111,0.5114912470465601,-0.9174089011550393,-0.6845545526979164,1.7308096806533484,-1.6568637240499489,0.03522493883524229,2.005024872244801,-3.5080802923497094,0.6361047537220524,0.011164164368183585,0.18509910197874113,-0.47101633363854295,0.20612540580232044,3.252326623554589,9.672425592231246,26.928003530830676,0.2741811235905182,-0.22136711729681316,1.2680513499969797,0.8921900462312646,5.154071981592958,1.9253161429716106,-0.6415716903718726,8.629641836301262,138.78886851849063,,-2.0866006895153624,
92249,0,Brandon Ingram,1627742,0022300071,2023-10-25,2023-24,NOP,80,7.0,10.0,1,1,1.0,1.0,9.0,,0.0,1.0,0.0,,1.7732793522267207,0.2810406504065041,112.45203252032537,,,0.8435517970401691,0.3733567046450482,0.2810406504065041,112.45203252032537,0.8435517970401691,0.3733567046450482,0.8435517970401691,0.3733567046450482,0.2810406504065041,112.45203252032537,1.7732793522267207,99.15743902439027,0.36709393220616243,,0.5212600633303343,,114.57499999999973,103.5,0.36709393220616243,0.5212600633303343,107.8,,,0.3461600317187919,-0.3663005982505489,0.9704246630949012,1.550862581796547,0.6803374397806807,0.5552064168809716,0.7882269819968927,-1.615384615384615,0.42169108972802344,-0.4312336978904494,22.0,4.0,28.0,0.0,0.0,0.0,0.0,0.3730453340448638,-1.1205728861762372,0.23227658437161816,-1.162506953927071,0.9177866520943584,0.017146643140130473,0.46940138886340066,-0.8252371327943644,0.4369958301400395,-0.7701771678177814,-0.30121349827965727,-0.47856194073324915,-1.1799335681708047,-0.3754271640360746,-0.4060649102998512,2.339415501129565,-0.3448789073926619,-0.02836080672187135,1.9662215596589678,-0.28536367721290234,-1.260885064086371,-3.862105005940988,7.450814748624538,30.11276996885222,0.3448830230678503,-0.18184740799086885,-1.2732897401488263,0.02204074004611583,1.5296122483435841,0.8997079645730199,0.824414167986588,0.1642214710061993,46.0608617759092,,-3.183974085149676,
92250,3,Caris LeVert,1627747,0022300067,2023-10-25,2023-24,CLE,78,7.0,10.0,1,1,1.0,1.0,9.0,,0.0,1.0,0.0,,1.5668016194331984,0.2304089068825911,109.35141700404863,,,0.7396907216494846,0.35856196783349104,0.2304089068825911,109.35141700404863,0.7396907216494846,0.35856196783349104,0.7396907216494846,0.35856196783349104,0.2304089068825911,109.35141700404863,1.5668016194331984,99.15743902439027,0.36709393220616243,,0.5212600633303343,,114.57499999999973,99.5,0.36709393220616243,0.5212600633303343,115.2,,,0.0765803854907095,-0.702754465995751,-0.10023419127231964,-1.0696528406956445,3.0057958707920065,9.858904382029927,-0.11226494077122519,-1.290527654164019,0.588578390593437,0.03632225762403133,16.0,7.0,36.0,0.0,0.0,0.0,0.0,0.5345189684195424,-0.48513508029068714,-0.5203985141002213,2.888341346153846,-0.19740326070579006,-0.9146666666666662,0.9098648030809621,1.0203199219662535,-0.5836454779209235,-0.012122091096731772,-0.733707870071953,0.25544725942050844,1.0171176547640406,-0.8549328764100428,0.6462720715821086,-1.6835521800932642,0.15859492336947315,-0.3425859241289679,-1.9312269278490726,-0.31713016916612025,-1.1320143088860777,1.0807906174490942,7.822809661392176,21.865902724499175,0.2609485720129529,0.021378495935072555,0.14488101065835177,1.9132053792869257,3.4772318568702443,2.5284490115551943,-0.13732763635137965,14.966641525313245,76.0328135328544,,-0.1484224208850323,
92251,0,Dejounte Murray,1627749,0022300063,2023-10-25,2023-24,ATL,77,7.0,10.0,1,1,1.0,1.0,9.0,,0.0,1.0,0.0,,1.311740890688259,0.2384777327935223,112.5364372469635,,,0.8063492063492064,0.33789473684210525,0.2384777327935223,112.5364372469635,0.8063492063492064,0.33789473684210525,0.8063492063492064,0.33789473684210525,0.2384777327935223,112.5364372469635,1.311740890688259,99.15743902439027,0.36709393220616243,,0.5212600633303343,,114.57499999999973,104.0,0.36709393220616243,0.5212600633303343,105.8,,,0.12726152539592364,-0.8748050790822012,0.2591349128915626,-0.5581309524580255,0.659402634449946,-0.960615384615381,0.628044799734325,-0.6541640178003809,1.4480654305397462,1.830769230769231,15.0,10.0,19.0,0.0,0.0,0.0,0.0,0.31236827869728323,0.005905381604412113,0.20434757715748486,0.3718339587242011,-0.39411349099844595,-0.7897435897435893,0.6155831635430433,-0.3370616580493132,0.06222411249358008,-0.5360183142689976,-1.0989312834875573,2.134701624452205,-0.5036793316624709,-0.5562971157657459,-0.46515708596778566,1.3013568591714182,-0.14791477125789312,0.3402499307493612,2.105119661803525,-0.6838106436283512,-0.4064364831593471,-1.223366165798269,11.31047211095764,28.68863739568081,0.27981793527448146,2.6510736343727666,-0.4108443095528417,1.2288132260476765,3.243401658195047,1.071345618602143,-0.29459790884494386,13.898457722788132,93.04877410050757,,0.36040111419582693,
92252,0,Jakob Poeltl,1627751,0022300069,2023-10-25,2023-24,TOR,84,7.0,10.0,1,1,1.0,1.0,9.0,,1.0,1.0,0.0,,0.0,0.15931983805668018,113.04979757085013,,,0.522202486678508,0.337761406045972,0.15931983805668018,113.04979757085013,0.522202486678508,0.337761406045972,0.522202486678508,0.337761406045972,0.15931983805668018,113.04979757085013,0.0,99.15743902439027,0.36709393220616243,,0.5212600633303343,,114.57499999999973,101.0,0.36709393220616243,0.5212600633303343,96.0,,,0.2410890012964997,-1.60951150649904,1.3026350182231685,0.8660302145528436,0.4325150191747367,-1.5452890304961306,0.0,-3.0,0.0,-3.0,17.0,10.0,25.0,0.0,0.0,0.0,0.0,-1.3616415780772955,3.688423784546648,0.2336739922894341,-0.8559092242698555,0.47490028865694794,-0.6824722990358021,1.065909940078881,1.0630524522303948,-1.1343772024716987,2.860368324856961,2.4926658575367764,7.522782795261717,1.569081946432805,0.4335140265523626,-0.0843706809921565,-4.0185706645438835,0.0272940730349959,0.2898429573120259,-0.5800611964506597,0.8174117859240939,-0.33421863289583686,6.417498851095272,5.269292446731065,22.48024386511156,0.4170328307519485,-0.0,-0.0,0.0,0.0,0.0,0.0,0.0,0.0,,0.0,
92253,0,Jaylen Brown,1627759,0022300065,2023-10-25,2023-24,BOS,78,7.0,10.0,1,1,1.0,1.0,9.0,,0.0,1.0,0.0,,2.4979757085020244,0.2882712550607291,114.58380566801613,,,0.7541268462206777,0.36566265060240966,0.2882712550607291,114.58380566801613,0.7541268462206777,0.36566265060240966,0.7541268462206777,0.36566265060240966,0.2882712550607291,114.58380566801613,2.4979757085020244,99.15743902439027,0.36709393220616243,,0.5212600633303343,,114.57499999999973,96.5,0.36709393220616243,0.5212600633303343,112.5,,,0.39150940909022974,-0.8955629975160789,1.1999310041943931,1.1495844875346284,1.3038149386380253,3.057692307692305,0.3115740720388396,-0.4038461538461524,-0.28712168580547587,-0.5290189538489665,11.0,9.0,30.0,0.0,0.0,0.0,0.0,-0.1341250274017994,-0.9503904674912838,0.9396746450502086,0.7790613952929533,0.2106316201579239,-0.6615626242039883,0.26754530269194526,-1.1202917807305646,1.0841301976891167,2.4629054559644854,-0.2569904110190146,-0.157914499622861,0.660264054548162,-0.15971521405064282,-1.2469167863075052,0.6995610155478222,0.7044772010596769,-0.6694111416158757,-0.7148877042373658,0.4119425354171791,-0.1517367541763056,-0.3799413090421453,8.772985856246011,21.647123008120893,0.21820040692945203,0.1518928138521645,-0.1258279906310694,0.7929202350781316,6.440254110515894,3.4608546745840507,-0.7351978563373132,6.9562780074717105,139.41297293389377,,0.27933203594177786,
92254,3,Malcolm Brogdon,1627763,0022300074,2023-10-25,2023-24,POR,76,7.0,10.0,1,1,1.0,1.0,9.0,,0.0,1.0,0.0,,1.874493927125506,0.23755465587044508,111.68502024291506,,,0.8751529987760098,0.3776282590412111,0.23755465587044508,111.68502024291506,0.8751529987760098,0.3776282590412111,0.8751529987760098,0.3776282590412111,0.23755465587044508,111.68502024291506,1.874493927125506,99.15743902439027,0.36709393220616243,,0.5212600633303343,,114.57499999999973,99.0,0.36709393220616243,0.5212600633303343,112.1,,,0.0907302698224381,-0.5717149286803053,1.4013296971661364,2.7049708104395607,1.2342657717404297,0.6159089382512078,0.3115740720388396,-0.4038461538461524,0.45999802809968265,-1.0089885606991775,21.0,10.0,22.0,0.0,0.0,0.0,0.0,0.006524820408913201,-1.2186735766190826,0.03363787099477455,-0.10166060297622692,0.4860934169571669,0.24539540193293072,-0.10214849012165296,-1.1546656837437963,-0.22096028100999854,-0.0033479992085348478,0.19782667871175277,-0.4520533406356078,1.5208973394625733,0.18155975730621918,-0.9369213963762326,-2.1566535945666785,0.3929544607977359,-0.349987112985455,-1.6611836142588128,-0.20822977888159613,-0.4063885467965655,0.8611197420770604,4.830340402812659,23.580443564055056,0.2682573888908502,-0.4641327482967586,-0.1258279906310694,0.7827296395200841,2.584199566643948,0.7654330507770106,-0.51461064452263,3.7808506022528507,60.93657203950315,,-0.44314138548143694,
92255,0,Georges Niang,1627777,0022300067,2023-10-25,2023-24,CLE,79,7.0,10.0,1,1,1.0,1.0,9.0,,0.0,1.0,0.0,,1.8987854251012146,0.16264372469635652,111.78259109311739,,,0.8955223880597015,0.40245051837888784,0.16264372469635652,111.78259109311739,0.8955223880597015,0.40245051837888784,0.8955223880597015,0.40245051837888784,0.16264372469635652,111.78259109311739,1.8987854251012146,99.15743902439027,0.36709393220616243,,0.5212600633303343,,114.57499999999973,99.5,0.36709393220616243,0.5212600633303343,115.2,,,2.0462065006051873,3.646296884933256,0.9661634206712705,0.5931718403819567,3.8729833462074166,14.999999999999995,0.2819616996552101,-0.9168956043956044,0.7120174429409549,-0.6400761648562693,16.0,7.0,36.0,0.0,0.0,0.0,0.0,0.5345189684195424,-0.48513508029068714,-0.5203985141002213,2.888341346153846,-0.19740326070579006,-0.9146666666666662,0.9098648030809621,1.0203199219662535,-0.5836454779209235,-0.012122091096731772,-0.733707870071953,0.25544725942050844,1.0171176547640406,-0.8549328764100428,0.6462720715821086,-1.6835521800932642,0.15859492336947315,-0.3425859241289679,-1.9312269278490726,-0.31713016916612025,-1.1320143088860777,1.0807906174490942,7.822809661392176,21.865902724499175,0.2609485720129529,-0.455745394188414,-0.2585294430217758,1.8881184994438425,2.352125585203162,1.815153440664037,0.02128755332478359,14.77039163930259,51.43134924185804,,0.023007387901873375,
92256,3,Pascal Siakam,1627783,0022300069,2023-10-25,2023-24,TOR,80,7.0,10.0,1,1,1.0,1.0,9.0,,1.0,1.0,0.0,,1.4453441295546559,0.2658502024291495,114.21862348178135,,,0.7776993648553282,0.33395696913002804,0.2658502024291495,114.21862348178135,0.7776993648553282,0.33395696913002804,0.7776993648553282,0.33395696913002804,0.2658502024291495,114.21862348178135,1.4453441295546559,99.15743902439027,0.36709393220616243,,0.5212600633303343,,114.57499999999973,101.0,0.36709393220616243,0.5212600633303343,96.0,,,1.7012801827166009,2.9554246674425086,0.8365311847278293,0.7017881513105012,0.5337705925431753,-0.11278850341123486,0.10343090815181553,-0.12667970212589005,-0.33395042694047955,-1.1124904369415545,17.0,10.0,25.0,0.0,0.0,0.0,0.0,-1.3616415780772955,3.688423784546648,0.2336739922894341,-0.8559092242698555,0.47490028865694794,-0.6824722990358021,1.065909940078881,1.0630524522303948,-1.1343772024716987,2.860368324856961,2.4926658575367764,7.522782795261717,1.569081946432805,0.4335140265523626,-0.0843706809921565,-4.0185706645438835,0.0272940730349959,0.2898429573120259,-0.5800611964506597,0.8174117859240939,-0.33421863289583686,6.417498851095272,5.269292446731065,22.48024386511156,0.4170328307519485,0.37151665638383274,-0.013102596635282284,0.9374285532361124,3.007169288114498,0.9552131997846749,-0.51461064452263,4.939585194917077,67.60189894048784,,-3.302513219985375,
92257,0,Ivica Zubac,1627826,0022300074,2023-10-25,2023-24,LAC,84,7.0,10.0,1,1,1.0,1.0,9.0,,1.0,1.0,0.0,,0.0,0.1539959349593496,111.3219512195123,,,0.7358490566037735,0.0,0.1539959349593496,111.3219512195123,0.7358490566037735,0.0,0.7358490566037735,0.0,0.1539959349593496,111.3219512195123,0.0,99.15743902439027,0.36709393220616243,,0.5212600633303343,,114.57499999999973,99.0,0.36709393220616243,0.5212600633303343,124.2,,,1.3282758492048785,2.4257015539882003,0.2896130861079493,-0.7538461538461536,2.4047631387103303,4.349112426035515,0.0,-3.0,0.0,-3.0,19.0,7.0,27.0,0.0,0.0,0.0,0.0,0.14078121781744615,1.572461247076045,0.7968477377525303,-0.3468721576916144,0.587253834352936,-1.2522373510360865,0.2274490725883528,-0.6606923076923084,-1.2216682353586672,2.9917012363932725,-0.12170559112243456,-0.8664745250858866,-6.694296576358237,-0.3609797615125369,-0.9440931544828726,5.646107794222467,-0.04871549737858397,-0.25603125855902803,0.7038930298621846,-0.7748086818116726,0.16510124705177623,-1.8553287444693907,11.57971006666366,28.279522819236853,0.3966358265976225,-0.0,-0.0,0.0,0.0,0.0,0.0,0.0,0.0,,-0.0,
92258,2,Dorian Finney-Smith,1627827,0022300067,2023-10-25,2023-24,BKN,79,7.0,10.0,1,1,1.0,1.0,9.0,,1.0,1.0,0.0,,1.9392712550607287,0.13009311740890692,115.54008097165985,,,0.7217741935483871,0.37983870967741934,0.13009311740890692,115.54008097165985,0.7217741935483871,0.37983870967741934,0.7217741935483871,0.37983870967741934,0.13009311740890692,115.54008097165985,1.9392712550607287,99.15743902439027,0.36709393220616243,,0.5212600633303343,,114.57499999999973,99.5,0.36709393220616243,0.5212600633303343,113.0,,,-0.06966222258316895,-0.8659208045807615,2.9338037325764934,9.898489828181551,3.8729833462074166,14.999999999999995,1.4339145502519797,1.5155295548024128,0.6915959009273237,0.39509701160519684,11.0,11.0,15.0,0.0,0.0,0.0,0.0,-0.46391016036526117,-0.6097426792898819,-0.09604475257345893,0.2509523864000373,1.1320289732189004,2.007880307704457,-0.5318418202692894,0.564258184996821,0.6124382458863012,-0.45376833261411337,0.018109694954261187,-0.6428151936016221,2.8561339596019564,-1.0054477746503396,1.3586401530475065,1.2465583521411816,-0.46378035120385064,0.07479560377376952,-1.710230684212407,0.1320703127349317,-0.7078172580855372,1.9006845955249054,9.200871962013068,18.9090266043383,0.4446838132322702,0.27324747369478936,2.1731398799680846,1.1672940420536049,3.418852806686042,1.2455523183660675,-0.29459790884494386,10.740123022955915,64.64717867794305,,-0.5599377072154351,
92259,4,Fred VanVleet,1627832,0022300066,2023-10-25,2023-24,HOU,72,7.0,10.0,1,1,1.0,1.0,9.0,,0.0,1.0,0.0,,3.125506072874494,0.2250931174089067,113.31538461538456,,,0.8766519823788547,0.3690019193857965,0.2250931174089067,113.31538461538456,0.8766519823788547,0.3690019193857965,0.8766519823788547,0.3690019193857965,0.2250931174089067,113.31538461538456,3.125506072874494,99.15743902439027,0.36709393220616243,,0.5212600633303343,,114.57499999999973,95.5,0.36709393220616243,0.5212600633303343,90.5,,,0.2906877479217268,-0.8068518370287355,0.3090659340659339,-1.6538461538461537,0.14116921247747802,-0.8474435245662933,0.32762473974296674,-1.1259323662655005,0.7441190066470469,0.04840035310950096,22.0,5.0,29.0,0.0,0.0,0.0,0.0,0.9039961266904983,1.3796669457821475,1.8144230379126718,5.562437286482436,0.2992482666029405,-0.047559056727807594,1.132907371654588,1.9421084219357654,-0.062225180801992463,-0.2848400786045208,0.32749158510274445,0.38468009588355045,2.46079342417169,0.2710770763554326,0.41440642612893697,0.9553949341901842,-0.1335345578772009,-0.32945380999549617,-0.13508518399771435,-0.5464038596221598,0.011553478482821261,1.4241074573946257,8.719063206300108,28.28160026414432,0.20384122874775903,0.03601562267720816,-0.36888329846591733,0.9816570356768047,8.171946534073525,3.70649557940991,-0.7351978563373132,8.55912974097526,231.11572525662706,,-1.0470007498705103,
92260,0,Derrick Jones Jr.,1627884,0022300073,2023-10-25,2023-24,DAL,78,7.0,10.0,1,1,1.0,1.0,9.0,,0.0,1.0,0.0,,0.5425101214574899,0.13157489878542508,110.26356275303637,,,0.72,0.3164251207729469,0.13157489878542508,110.26356275303637,0.72,0.3164251207729469,0.72,0.3164251207729469,0.13157489878542508,110.26356275303637,0.5425101214574899,99.15743902439027,0.36709393220616243,,0.5212600633303343,,114.57499999999973,107.0,0.36709393220616243,0.5212600633303343,117.8,,,1.106980063807917,0.17247689886032702,1.6720819322526246,0.8974358974359208,0.0,-3.0,1.2819844769058548,0.059000975955993996,1.07578460656911,-0.3522314638014161,27.0,11.0,36.0,0.0,0.0,0.0,0.0,-0.5542797196787428,-0.4039149229674024,0.020323353503602565,-0.534307677260878,0.5870655388104239,0.30947802197802293,1.9230287160211863,4.090048736443678,-0.19017059489319438,-0.7277740322816201,0.44074214573497544,0.8972822825345081,-4.471792735357913,-0.005327825274195536,-0.16448520407957126,-1.2489582461324222,-0.8271385464592075,0.5197240350314922,-0.11595758196486297,-1.304606128604023,2.1125061311551976,-1.3817730864752216,7.147181721537495,30.047406798497413,0.5360050250790771,-0.37892518670686814,0.07563833529787987,0.6380330744587592,1.1844745425493617,0.5649141002315557,-0.13732763635137965,4.560138327508016,35.5903884224448,,0.1897556319395927,
92261,1,Alex Caruso,1627936,0022300070,2023-10-25,2023-24,CHI,77,6.0,10.0,1,1,1.0,1.0,9.0,,1.0,1.0,0.0,,0.854251012145749,0.13378947368421068,110.01457489878531,,,0.7617801047120419,0.3824626865671642,0.13378947368421068,110.01457489878531,0.7617801047120419,0.3824626865671642,0.7617801047120419,0.3824626865671642,0.13378947368421068,110.01457489878531,0.854251012145749,99.15743902439027,0.36709393220616243,,0.5212600633303343,,114.57499999999973,99.5,0.36709393220616243,0.5212600633303343,105.1,,,0.5113220526586782,-0.7359313654209791,1.334783731392551,0.47059361565902547,1.6720819322526292,0.8974358974359018,0.2758794436989122,-0.6461538461538459,0.12791724574821944,-1.347653237829291,20.0,16.0,26.0,0.0,0.0,0.0,0.0,0.5936660591062312,0.5312434805083484,0.49493607138633816,-0.4400980397565075,-0.054575738070172825,-0.43708052903711986,0.65360516275961,-0.5766184007197699,2.845046097885443,9.700607193204773,0.6064904196044574,1.5783824397471296,-1.2240278837100176,0.05644853485677678,0.8893269515609293,-3.5406434910260454,-0.25224838695821383,-0.3536909799309485,2.4165514920661613,0.5007200327959608,-0.39650324604073134,-4.429697282064193,10.239091845676827,24.064842409807756,0.2428298879706713,-0.17238809040679304,-0.1782605636208355,1.2140195827875306,1.3624242440457668,0.9776564301141135,0.02128755332478359,12.430458010611789,32.78652472826284,,-0.09429741710459046,
92262,0,Markelle Fultz,1628365,0022300066,2023-10-25,2023-24,ORL,76,6.0,10.0,1,1,1.0,1.0,9.0,,1.0,1.0,0.0,,0.40588235294117647,0.2169764705882353,107.79000000000002,,,0.754054054054054,0.29004329004329005,0.2169764705882353,107.79000000000002,0.754054054054054,0.29004329004329005,0.754054054054054,0.29004329004329005,0.2169764705882353,107.79000000000002,0.40588235294117647,99.15743902439027,0.36709393220616243,,0.5212600633303343,,114.57499999999973,95.5,0.36709393220616243,0.5212600633303343,120.8,,,0.9729805489849896,0.2729304047216903,0.34406509273060576,-0.28804245835029046,0.8288864214329413,0.14646025793468836,0.5547871557170474,-1.1317408365748753,0.494505494505497,-0.9120879120879,13.0,9.0,25.0,0.0,0.0,0.0,0.0,-0.2506695230281926,0.14771833393219516,-0.4276507118662091,-0.03452661477739018,0.7165072856651408,-0.45333569810524377,1.2472923513258363,3.631468612583832,-0.10832981612603386,-0.5237360869213982,-0.14232226672729256,-0.078867630390537,-2.9100789996338268,-0.1028365698776627,-0.7478074141069766,-0.5532230130583263,-0.5344414071918182,2.156507013120374,1.3383892011480598,-1.2885182895343081,3.3642474267576277,-3.103878039040166,10.626698383756244,25.84664826012989,0.24860366073628673,-0.4510324839995133,-0.6278752797322068,1.2153886083395389,1.0908436011305325,0.18926267622965343,0.3751551779993052,12.915568159877528,28.1946508652343,,-1.1644359182242479,
92263,1,De'Aaron Fox,1628368,0022300072,2023-10-25,2023-24,SAC,75,6.0,10.0,1,1,1.0,1.0,9.0,,0.0,1.0,0.0,,1.643835616438356,0.28795890410958896,119.86849315068496,,,0.7795454545454545,0.32608695652173914,0.28795890410958896,119.86849315068496,0.7795454545454545,0.32608695652173914,0.7795454545454545,0.32608695652173914,0.28795890410958896,119.86849315068496,1.643835616438356,99.15743902439027,0.36709393220616243,,0.5212600633303343,,114.57499999999973,105.0,0.36709393220616243,0.5212600633303343,123.8,,,-0.07017660904049494,-0.200458745794541,0.29564577978959583,-1.4787925353327809,1.076896332790706,0.4879205727988723,0.628044799734325,-0.6541640178003809,0.7372777077958328,0.8175461218012259,34.0,14.0,37.0,0.0,0.0,0.0,0.0,1.1694539832129174,2.9653035356946256,-0.006902535250463186,-1.3100959426220031,1.0720567564159929,0.16284979141353553,0.7803769553276454,1.1077873756331051,0.07256131484469062,-0.3871190749031308,-1.3779690064252073,3.844158705427875,-5.698671535309076,-0.06256549772683846,-0.13941569775210438,1.95274910474277,-0.5086427296228615,-0.5099147517457272,0.7714000751133221,0.1463434918775967,-1.4284417948337857,1.6914036129762287,9.54470256186185,29.239585117975565,0.2732889265216949,0.6027585306989806,-0.4108443095528417,0.29538363569384024,5.711382261800411,1.3329730382944385,-0.7351978563373132,2.8193489443390645,166.99844778520892,,-1.2435163104613098,
92264,3,Jayson Tatum,1628369,0022300065,2023-10-25,2023-24,BOS,80,6.0,10.0,1,1,1.0,1.0,9.0,,0.0,1.0,0.0,,3.1012145748987856,0.3083117408906881,117.01093117408892,,,0.8486352357320099,0.3704965920155794,0.3083117408906881,117.01093117408892,0.8486352357320099,0.3704965920155794,0.8486352357320099,0.3704965920155794,0.3083117408906881,117.01093117408892,3.1012145748987856,99.15743902439027,0.36709393220616243,,0.5212600633303343,,114.57499999999973,96.5,0.36709393220616243,0.5212600633303343,112.5,,,0.024155569220551537,-1.0171249205340103,0.3865622386723738,-1.371351210878238,0.635059877571156,-0.9207520143794756,0.12791724574823116,-1.3476532378292234,1.893124061707983,3.9189230769230834,11.0,9.0,30.0,0.0,0.0,0.0,0.0,-0.1341250274017994,-0.9503904674912838,0.9396746450502086,0.7790613952929533,0.2106316201579239,-0.6615626242039883,0.26754530269194526,-1.1202917807305646,1.0841301976891167,2.4629054559644854,-0.2569904110190146,-0.157914499622861,0.660264054548162,-0.15971521405064282,-1.2469167863075052,0.6995610155478222,0.7044772010596769,-0.6694111416158757,-0.7148877042373658,0.4119425354171791,-0.1517367541763056,-0.3799413090421453,8.772985856246011,21.647123008120893,0.21820040692945203,7.419007572905774,-0.17238809040680017,1.0971191236280495,6.820080298158326,2.471398856524263,-0.7614889595473099,9.625010554205897,147.6351171394951,,0.28932111211154615,
92265,2,Malik Monk,1628370,0022300072,2023-10-25,2023-24,SAC,75,6.0,10.0,1,1,1.0,1.0,9.0,,0.0,1.0,0.0,,1.8502024291497976,0.2184615384615387,109.33400809716596,,,0.8411405295315683,0.3675496688741722,0.2184615384615387,109.33400809716596,0.8411405295315683,0.3675496688741722,0.8411405295315683,0.3675496688741722,0.2184615384615387,109.33400809716596,1.8502024291497976,99.15743902439027,0.36709393220616243,,0.5212600633303343,,114.57499999999973,105.0,0.36709393220616243,0.5212600633303343,123.8,,,0.14237767245145816,-0.8488753702073152,0.610387322030605,-0.6466915111515695,2.2069086936287605,5.438780154756486,1.5650571589980762,1.8516518672715752,-0.04328405687311935,-0.5396433722593158,34.0,14.0,37.0,0.0,0.0,0.0,0.0,1.1694539832129174,2.9653035356946256,-0.006902535250463186,-1.3100959426220031,1.0720567564159929,0.16284979141353553,0.7803769553276454,1.1077873756331051,0.07256131484469062,-0.3871190749031308,-1.3779690064252073,3.844158705427875,-5.698671535309076,-0.06256549772683846,-0.13941569775210438,1.95274910474277,-0.5086427296228615,-0.5099147517457272,0.7714000751133221,0.1463434918775967,-1.4284417948337857,1.6914036129762287,9.54470256186185,29.239585117975565,0.2732889265216949,0.02335795441607414,2.897941010845534,0.3188784330274293,3.8405403775190217,1.6501896653628734,-0.7351978563373132,3.043599796639397,112.29580726748945,,-1.2435163104613098,
92266,1,Jonathan Isaac,1628371,0022300066,2023-10-25,2023-24,ORL,82,6.0,10.0,1,1,1.0,1.0,9.0,,1.0,1.0,0.0,,0.952054794520548,0.1663287671232875,104.32191780821917,,,0.7886178861788617,0.33080808080808083,0.1663287671232875,104.32191780821917,0.7886178861788617,0.33080808080808083,0.7886178861788617,0.33080808080808083,0.1663287671232875,104.32191780821917,0.952054794520548,99.15743902439027,0.36709393220616243,,0.5212600633303343,,114.57499999999973,95.5,0.36709393220616243,0.5212600633303343,120.8,,,2.092584904450572,5.23453252866499,0.09105882858873822,-0.171096252177323,0.8191495084291777,0.9692307692307688,1.1763539004879071,-0.734265734265738,0.29991680788797154,-1.3032280219780221,13.0,9.0,25.0,0.0,0.0,0.0,0.0,-0.2506695230281926,0.14771833393219516,-0.4276507118662091,-0.03452661477739018,0.7165072856651408,-0.45333569810524377,1.2472923513258363,3.631468612583832,-0.10832981612603386,-0.5237360869213982,-0.14232226672729256,-0.078867630390537,-2.9100789996338268,-0.1028365698776627,-0.7478074141069766,-0.5532230130583263,-0.5344414071918182,2.156507013120374,1.3383892011480598,-1.2885182895343081,3.3642474267576277,-3.103878039040166,10.626698383756244,25.84664826012989,0.24860366073628673,-0.39085998830180363,-0.8637563604981181,0.09520435612666321,0.5318632606159779,0.10753219175994878,-0.6415716903718726,1.0117079773777657,13.746882619626975,,1.9913602802151325,
92267,2,Dennis Smith Jr.,1628372,0022300067,2023-10-25,2023-24,BKN,75,6.0,10.0,1,1,1.0,1.0,9.0,,1.0,1.0,0.0,,0.8545454545454545,0.22460454545454547,100.89454545454542,,,0.6601178781925344,0.2889983579638752,0.22460454545454547,100.89454545454542,0.6601178781925344,0.2889983579638752,0.6601178781925344,0.2889983579638752,0.22460454545454547,100.89454545454542,0.8545454545454545,99.15743902439027,0.36709393220616243,,0.5212600633303343,,114.57499999999973,99.5,0.36709393220616243,0.5212600633303343,113.0,,,0.5113220526586807,-0.04885851388686856,0.40183860875926264,-0.6551933699567667,0.5783500178824822,-0.005589566143199293,0.8407206199057432,-0.46984871084594004,0.9134743863450505,0.22271222132360582,11.0,11.0,15.0,0.0,0.0,0.0,0.0,-0.46391016036526117,-0.6097426792898819,-0.09604475257345893,0.2509523864000373,1.1320289732189004,2.007880307704457,-0.5318418202692894,0.564258184996821,0.6124382458863012,-0.45376833261411337,0.018109694954261187,-0.6428151936016221,2.8561339596019564,-1.0054477746503396,1.3586401530475065,1.2465583521411816,-0.46378035120385064,0.07479560377376952,-1.710230684212407,0.1320703127349317,-0.7078172580855372,1.9006845955249054,9.200871962013068,18.9090266043383,0.4446838132322702,0.2034419097051239,-0.395011499444313,0.34678812075742416,1.1226323877846967,0.3798802667798329,-0.51461064452263,3.1907530970361857,21.22788568751266,,-0.9781125247373058,
92268,2,Lauri Markkanen,1628374,0022300072,2023-10-25,2023-24,UTA,84,6.0,10.0,1,1,1.0,1.0,9.0,,1.0,1.0,0.0,,2.425101214574899,0.21978048780487786,111.39756097560971,,,0.8608017817371938,0.37034700315457414,0.21978048780487786,111.39756097560971,0.8608017817371938,0.37034700315457414,0.8608017817371938,0.37034700315457414,0.21978048780487786,111.39756097560971,2.425101214574899,99.15743902439027,0.36709393220616243,,0.5212600633303343,,114.57499999999973,105.0,0.36709393220616243,0.5212600633303343,108.6,,,0.7020543529243422,0.08312785856340718,-0.16823418563071219,-1.1456043956044037,0.061977786051081604,-0.8104870907639062,0.29991680788797126,-1.3032280219780215,-0.5201844358458227,1.0880270852570406,15.0,7.0,21.0,0.0,0.0,0.0,0.0,0.9150548204236953,0.6528118689495331,-0.14676064296891872,-1.0252594761190392,1.007114406739275,0.5319925262505318,-0.24653149808582894,-0.9395356451209383,-0.19341883275111693,-1.0373926738810144,-0.10534233578697025,-1.32080573670565,2.4514754773442373,0.30442436621422486,-0.8741354164475578,1.120204977404342,0.6284435345852106,2.349635867091488,-1.1522527928189936,-0.5124868868119062,-0.09383225533235581,-0.3441247776349148,5.384726704646099,28.775527975718592,0.3165347246118249,-0.5659747555294086,-0.3908599883018031,1.5679504816056138,7.434455447222451,3.04753066214701,-0.6415716903718726,8.44298482986446,213.9303807057831,,0.22078071528607704,
92269,4,Donovan Mitchell,1628378,0022300067,2023-10-25,2023-24,CLE,75,6.0,10.0,1,1,1.0,1.0,9.0,,0.0,1.0,0.0,,3.2469635627530367,0.31231983805667995,115.7983805668015,,,0.8582739509105305,0.3747016706443914,0.31231983805667995,115.7983805668015,0.8582739509105305,0.3747016706443914,0.8582739509105305,0.3747016706443914,0.31231983805667995,115.7983805668015,3.2469635627530367,99.15743902439027,0.36709393220616243,,0.5212600633303343,,114.57499999999973,99.5,0.36709393220616243,0.5212600633303343,115.2,,,-0.6764322007392264,0.424592723195484,0.6350186991680847,-0.02548930359581283,0.5629617608606372,0.5829301893441845,1.1763539004879071,-0.734265734265738,0.42976615022105885,-0.1033660249920879,16.0,7.0,36.0,0.0,0.0,0.0,0.0,0.5345189684195424,-0.48513508029068714,-0.5203985141002213,2.888341346153846,-0.19740326070579006,-0.9146666666666662,0.9098648030809621,1.0203199219662535,-0.5836454779209235,-0.012122091096731772,-0.733707870071953,0.25544725942050844,1.0171176547640406,-0.8549328764100428,0.6462720715821086,-1.6835521800932642,0.15859492336947315,-0.3425859241289679,-1.9312269278490726,-0.31713016916612025,-1.1320143088860777,1.0807906174490942,7.822809661392176,21.865902724499175,0.2609485720129529,-0.04442321862450337,-0.8637563604981181,0.34906338099960155,8.037395575313672,3.3937897909082766,0.824414167986588,2.730656389321901,175.74490980812885,,0.8910190976520057,
92270,0,Luke Kennard,1628379,0022300071,2023-10-25,2023-24,MEM,77,6.0,10.0,1,1,1.0,1.0,9.0,,1.0,1.0,0.0,,2.251012145748988,0.1629918699186993,111.64430894308938,,,0.8935361216730038,0.4441687344913151,0.1629918699186993,111.64430894308938,0.8935361216730038,0.4441687344913151,0.8935361216730038,0.4441687344913151,0.1629918699186993,111.64430894308938,2.251012145748988,99.15743902439027,0.36709393220616243,,0.5212600633303343,,114.57499999999973,103.5,0.36709393220616243,0.5212600633303343,100.0,,,1.9750466192895697,3.824293423579999,0.8022883956640792,-0.12667970212591556,0.4550830602384314,-2.0940170940170977,0.25305399221359376,-1.7502707002850633,0.41072995599024337,-0.8569207171574345,21.0,9.0,34.0,0.0,0.0,0.0,0.0,0.5807066112454882,0.31829158056834433,0.5136395379187086,-0.21192459784236187,0.09329397594116594,-0.935621172107659,0.6334643832331259,-0.0073863036825995414,0.044061465605854604,-1.1264255990581848,-0.39108325586799175,0.08604538829449272,4.855009648806637,-0.8096010038680436,0.8899334545086526,-3.633633699745444,-0.8005999507458954,0.013643858455230301,1.356569877979757,0.0247500308134284,-0.06929788586297092,0.4970886322828334,8.569340103739568,26.99046267841391,0.23414074196858056,-0.35196300844520084,-0.44291298816161767,2.051691055072675,5.896771456743134,4.73428388453092,-0.29459790884494386,17.58163843871802,159.156589926362,,-0.14644127158111597,
92271,0,Zach Collins,1628380,0022300073,2023-10-25,2023-24,SAS,83,6.0,10.0,1,1,1.0,1.0,9.0,,1.0,1.0,0.0,,0.873015873015873,0.20915873015873018,107.89841269841271,,,0.7605633802816901,0.391304347826087,0.20915873015873018,107.89841269841271,0.7605633802816901,0.391304347826087,0.7605633802816901,0.391304347826087,0.20915873015873018,107.89841269841271,0.873015873015873,99.15743902439027,0.36709393220616243,,0.5212600633303343,,114.57499999999973,107.0,0.36709393220616243,0.5212600633303343,111.2,,,1.1104003040483024,0.43558890901342534,1.2048632677010527,1.918188101620056,0.8094931846385934,-0.4038461538461546,2.272968452080367,4.784795190200593,1.3264034445159238,3.3185878470641783,17.0,6.0,29.0,0.0,0.0,0.0,0.0,-0.16405525050713696,-0.5828133278787383,0.2488070073807006,0.16499243670501057,0.42313413088104834,-0.13059888758292587,0.4919013353268924,-0.5618267334243668,-0.11994649729455716,-0.9131718335259856,-0.24673211007017629,-0.7035565224533874,1.888074398314933,0.7889917800813748,0.25940819356014216,2.3952113864870266,-0.10885027312638507,0.8460088962383896,-2.1631398212849007,0.08020227898140492,-0.934773482163892,0.3504768077337389,7.073270043429441,23.5799878704372,0.25877458475338283,4.40178635127461,10.875688516991827,0.9335775882214992,5.6086184549805544,2.943444598450731,-0.6415716903718726,6.603446387984237,132.25115513835172,,-0.22485599797387265,
92272,1,John Collins,1628381,0022300072,2023-10-25,2023-24,UTA,81,6.0,10.0,1,1,1.0,1.0,9.0,,1.0,1.0,0.0,,1.1781376518218623,0.201548780487805,113.73536585365858,,,0.8075949367088607,0.35696517412935325,0.201548780487805,113.73536585365858,0.8075949367088607,0.35696517412935325,0.8075949367088607,0.35696517412935325,0.201548780487805,113.73536585365858,1.1781376518218623,99.15743902439027,0.36709393220616243,,0.5212600633303343,,114.57499999999973,105.0,0.36709393220616243,0.5212600633303343,108.6,,,0.48525401998463746,-0.6906008192990439,0.871689710136005,0.1984749943933614,0.20962363907744802,-1.1183900461871998,0.3682978959189642,0.3319881848816412,1.3405408339720482,1.7975662918428905,15.0,7.0,21.0,0.0,0.0,0.0,0.0,0.9150548204236953,0.6528118689495331,-0.14676064296891872,-1.0252594761190392,1.007114406739275,0.5319925262505318,-0.24653149808582894,-0.9395356451209383,-0.19341883275111693,-1.0373926738810144,-0.10534233578697025,-1.32080573670565,2.4514754773442373,0.30442436621422486,-0.8741354164475578,1.120204977404342,0.6284435345852106,2.349635867091488,-1.1522527928189936,-0.5124868868119062,-0.09383225533235581,-0.3441247776349148,5.384726704646099,28.775527975718592,0.3165347246118249,2.4097110159871105,0.12227054996186455,1.908440948119267,0.7662958350911157,1.0852526514886045,1.269843310776022,10.276432937577939,22.05056724034104,,-0.4369845469519826,
92273,4,OG Anunoby,1628384,0022300069,2023-10-25,2023-24,TOR,79,6.0,10.0,1,1,1.0,1.0,9.0,,1.0,1.0,0.0,,1.894736842105263,0.1754048582995951,112.23927125506067,,,0.7845849802371542,0.38366336633663367,0.1754048582995951,112.23927125506067,0.7845849802371542,0.38366336633663367,0.7845849802371542,0.38366336633663367,0.1754048582995951,112.23927125506067,1.894736842105263,99.15743902439027,0.36709393220616243,,0.5212600633303343,,114.57499999999973,101.0,0.36709393220616243,0.5212600633303343,96.0,,,1.5821578028477787,4.538054275270183,1.198408297848396,1.9692437739775026,1.0631100712998625,0.14173618327134235,0.33983322935157945,-1.007624032771964,0.1279172457482311,-0.1331459807735142,17.0,10.0,25.0,0.0,0.0,0.0,0.0,-1.3616415780772955,3.688423784546648,0.2336739922894341,-0.8559092242698555,0.47490028865694794,-0.6824722990358021,1.065909940078881,1.0630524522303948,-1.1343772024716987,2.860368324856961,2.4926658575367764,7.522782795261717,1.569081946432805,0.4335140265523626,-0.0843706809921565,-4.0185706645438835,0.0272940730349959,0.2898429573120259,-0.5800611964506597,0.8174117859240939,-0.33421863289583686,6.417498851095272,5.269292446731065,22.48024386511156,0.4170328307519485,-0.01703166714299487,-0.3424241290291583,3.837328830410573,4.322268141822389,3.5471000548862937,0.02128755332478359,20.22000782170578,97.1656418785699,,0.13661284900442802,
92274,0,Bam Adebayo,1628389,0022300068,2023-10-25,2023-24,MIA,81,6.0,10.0,1,1,1.0,1.0,9.0,,1.0,1.0,0.0,,0.016194331983805668,0.23956680161943303,112.70364372469646,,,0.7705278592375366,0.13333333333333333,0.23956680161943303,112.70364372469646,0.7705278592375366,0.13333333333333333,0.7705278592375366,0.13333333333333333,0.23956680161943303,112.70364372469646,0.016194331983805668,99.15743902439027,0.36709393220616243,,0.5212600633303343,,114.57499999999973,95.5,0.36709393220616243,0.5212600633303343,108.4,,,0.5696966045873786,-0.6462325110973753,0.8373553186043842,2.7433143028846123,1.1150787216553222,0.75824175824176,0.0,-3.0,0.0,-3.0,10.0,4.0,18.0,0.0,0.0,0.0,0.0,0.16289444677909604,-1.2449958994215802,1.3302190543462888,1.3637404230640089,1.2770589130220669,2.8102743314923706,0.8777393915073529,1.7236535390114183,-0.26015284758040463,1.2003402006455854,0.3490313714548254,0.4557158233338131,4.1827600335403865,-0.3200778176531089,-0.26732218964800564,-0.3357267562641531,-0.957589252605804,2.3025073266321545,-0.9112785996759298,-0.3263575216868493,-0.7740943176483305,-0.2774630700584163,9.034743860710782,24.277919846135312,0.1753570234333204,-0.0,-0.0,0.0,0.0,0.0,0.0,0.0,0.0,,-0.0,
92275,0,Isaiah Hartenstein,1628392,0022300065,2023-10-25,2023-24,NYK,84,6.0,10.0,1,1,1.0,1.0,9.0,,1.0,1.0,0.0,,0.12807881773399016,0.14266336633663373,110.54059405940593,,,0.6823104693140795,0.3170731707317073,0.14266336633663373,110.54059405940593,0.6823104693140795,0.3170731707317073,0.6823104693140795,0.3170731707317073,0.14266336633663373,110.54059405940593,0.12807881773399016,99.15743902439027,0.36709393220616243,,0.5212600633303343,,114.57499999999973,96.5,0.36709393220616243,0.5212600633303343,107.2,,,-0.2161799102469805,-0.742043423704323,0.22662771910007234,-0.9699990853379669,3.8729833462074166,14.999999999999995,1.6720819322526292,0.8974358974359018,0.0,-3.0,25.0,8.0,33.0,0.0,0.0,0.0,0.0,0.5767144007765348,-0.21973238091935016,0.6186296536624613,1.5163723276507688,0.269982221100168,-0.900131868131868,-0.2407585743890022,0.6002428594547775,0.01478147287256035,-0.7692595214307355,-0.6522425635696566,0.3801860089324713,1.084706063393507,-0.506061321923468,-0.8321022640675287,-2.6417281334027543,-0.30589329006942895,-1.367542373107586,-1.7727942549098044,0.5958048371580584,1.0987848031042313,0.8464264540964194,6.741452531139275,29.852031489450326,0.22714764197748427,-0.0,1.5005863494574951,0.06610829875374834,0.0,0.0,1.269843310776022,0.4456659579627681,0.0,,1.074828970798206,
92276,1,Kyle Kuzma,1628398,0022300064,2023-10-25,2023-24,WAS,81,6.0,10.0,1,1,1.0,1.0,9.0,,0.0,1.0,0.0,,1.9676113360323886,0.23034817813765168,108.89919028340076,,,0.7194767441860465,0.33805811481218995,0.23034817813765168,108.89919028340076,0.7194767441860465,0.33805811481218995,0.7194767441860465,0.33805811481218995,0.23034817813765168,108.89919028340076,1.9676113360323886,99.15743902439027,0.36709393220616243,,0.5212600633303343,,114.57499999999973,110.5,0.36709393220616243,0.5212600633303343,109.1,,,1.182340059914772,2.5152473270374807,0.2880871822679746,-0.5881794814290868,0.11570630278251601,-0.48528806113577105,1.4343154430941427,2.125300734768192,-0.15166662248202575,-1.020178087532106,15.0,4.0,19.0,0.0,0.0,0.0,0.0,0.22486592087636767,-0.29056531959812065,1.0536566421654392,-0.15494755242475725,0.12951890954217493,-0.6849230769230774,-0.016073722212782287,-1.497829734714537,0.01472302909391346,-0.9244320146504095,-0.7120193039809354,-0.46572796164371344,-5.231112852681077,-0.5454146008596954,0.14900321942061204,-0.8554124730807756,0.7215074861571507,2.6637020515541927,0.7254414632898074,0.7131672542961877,-0.7250332955148833,-1.046692852869529,11.70814509476797,21.547868389432352,0.2562045351833258,0.15472696486616694,3.0483516650973463,1.63598808750527,4.915244944906379,2.471803602158848,-0.29459790884494386,19.15438590182366,105.91305117466534,,0.3083535256583117,
92277,1,Derrick White,1628401,0022300065,2023-10-25,2023-24,BOS,76,6.0,10.0,1,1,1.0,1.0,9.0,,0.0,1.0,0.0,,1.54251012145749,0.18790688259109325,114.61457489878539,,,0.8474074074074074,0.3640776699029126,0.18790688259109325,114.61457489878539,0.8474074074074074,0.3640776699029126,0.8474074074074074,0.3640776699029126,0.18790688259109325,114.61457489878539,1.54251012145749,99.15743902439027,0.36709393220616243,,0.5212600633303343,,114.57499999999973,96.5,0.36709393220616243,0.5212600633303343,112.5,,,0.5731658368017578,0.06391567616057688,0.6425431038173082,-0.18567639257294424,0.8407206199057432,-0.46984871084594004,1.959793666164918,5.055907895609128,0.6132885675068992,-0.24296016483516014,11.0,9.0,30.0,0.0,0.0,0.0,0.0,-0.1341250274017994,-0.9503904674912838,0.9396746450502086,0.7790613952929533,0.2106316201579239,-0.6615626242039883,0.26754530269194526,-1.1202917807305646,1.0841301976891167,2.4629054559644854,-0.2569904110190146,-0.157914499622861,0.660264054548162,-0.15971521405064282,-1.2469167863075052,0.6995610155478222,0.7044772010596769,-0.6694111416158757,-0.7148877042373658,0.4119425354171791,-0.1517367541763056,-0.3799413090421453,8.772985856246011,21.647123008120893,0.21820040692945203,-0.14900469145299547,9.908536270527968,0.47149529943964424,4.323489298265712,2.1619807303953706,-0.7351978563373132,4.136421593270477,93.59110466385215,,0.27933203594177786,
92278,2,Josh Hart,1628404,0022300065,2023-10-25,2023-24,NYK,76,6.0,10.0,1,1,1.0,1.0,9.0,,1.0,1.0,0.0,,1.3360323886639676,0.13712195121951196,111.29024390243896,,,0.7524950099800399,0.3403361344537815,0.13712195121951196,111.29024390243896,0.7524950099800399,0.3403361344537815,0.7524950099800399,0.3403361344537815,0.13712195121951196,111.29024390243896,1.3360323886639676,99.15743902439027,0.36709393220616243,,0.5212600633303343,,114.57499999999973,96.5,0.36709393220616243,0.5212600633303343,107.2,,,0.4662332447684148,-0.14041514041514055,1.2615404527808478,1.4172600701456026,3.8729833462074166,14.999999999999995,1.0846268206190368,0.3975121687398604,0.9739502414610556,-0.26649140813279065,25.0,8.0,33.0,0.0,0.0,0.0,0.0,0.5767144007765348,-0.21973238091935016,0.6186296536624613,1.5163723276507688,0.269982221100168,-0.900131868131868,-0.2407585743890022,0.6002428594547775,0.01478147287256035,-0.7692595214307355,-0.6522425635696566,0.3801860089324713,1.084706063393507,-0.506061321923468,-0.8321022640675287,-2.6417281334027543,-0.30589329006942895,-1.367542373107586,-1.7727942549098044,0.5958048371580584,1.0987848031042313,0.8464264540964194,6.741452531139275,29.852031489450326,0.22714764197748427,-0.2595493712982282,0.43115235973769284,0.7780467515065501,0.7045817062647339,1.0165339490263121,0.3751551779993052,5.245165242288523,21.033195282305478,,0.31754126704986296,
92279,4,Dillon Brooks,1628415,0022300066,2023-10-25,2023-24,HOU,78,6.0,10.0,1,1,1.0,1.0,9.0,,0.0,1.0,0.0,,1.8461538461538463,0.24229149797570837,112.02793522267194,,,0.8033794162826421,0.33965125094768767,0.24229149797570837,112.02793522267194,0.8033794162826421,0.33965125094768767,0.8033794162826421,0.33965125094768767,0.24229149797570837,112.02793522267194,1.8461538461538463,99.15743902439027,0.36709393220616243,,0.5212600633303343,,114.57499999999973,95.5,0.36709393220616243,0.5212600633303343,90.5,,,2.59879447094549,8.579831606343411,0.015972401992295573,-1.4627741408396906,0.704614484417818,-0.3339274181021443,1.1831751321380906,2.0241758241758245,0.1563877667512262,-0.35350522054123157,22.0,5.0,29.0,0.0,0.0,0.0,0.0,0.9039961266904983,1.3796669457821475,1.8144230379126718,5.562437286482436,0.2992482666029405,-0.047559056727807594,1.132907371654588,1.9421084219357654,-0.062225180801992463,-0.2848400786045208,0.32749158510274445,0.38468009588355045,2.46079342417169,0.2710770763554326,0.41440642612893697,0.9553949341901842,-0.1335345578772009,-0.32945380999549617,-0.13508518399771435,-0.5464038596221598,0.011553478482821261,1.4241074573946257,8.719063206300108,28.28160026414432,0.20384122874775903,-0.0552838919753429,2.3949544982399598,1.2896478539490281,3.2370666008276845,2.0021179368976045,-0.29459790884494386,11.244521152450867,91.549423633021,,-0.4195390789189467,
92280,0,Thomas Bryant,1628418,0022300068,2023-10-25,2023-24,MIA,82,6.0,10.0,1,1,1.0,1.0,9.0,,1.0,1.0,0.0,,0.5370370370370371,0.17770232558139534,107.686976744186,,,0.7566964285714286,0.37966101694915255,0.17770232558139534,107.686976744186,0.7566964285714286,0.37966101694915255,0.7566964285714286,0.37966101694915255,0.17770232558139534,107.686976744186,0.5370370370370371,99.15743902439027,0.36709393220616243,,0.5212600633303343,,114.57499999999973,95.5,0.36709393220616243,0.5212600633303343,108.4,,,0.04647932451755765,-0.7172860811953701,0.1279172457482313,-1.3476532378292223,0.8407206199057432,-0.46984871084594004,0.0,-3.0,1.6754810288852169,1.6223888280632854,10.0,4.0,18.0,0.0,0.0,0.0,0.0,0.16289444677909604,-1.2449958994215802,1.3302190543462888,1.3637404230640089,1.2770589130220669,2.8102743314923706,0.8777393915073529,1.7236535390114183,-0.26015284758040463,1.2003402006455854,0.3490313714548254,0.4557158233338131,4.1827600335403865,-0.3200778176531089,-0.26732218964800564,-0.3357267562641531,-0.957589252605804,2.3025073266321545,-0.9112785996759298,-0.3263575216868493,-0.7740943176483305,-0.2774630700584163,9.034743860710782,24.277919846135312,0.1753570234333204,2.7182817028953545,-0.0,0.0,1.0563841111559364,0.12743496557512074,0.824414167986588,0.0,25.64680877737472,,-0.22874448604921363,
92281,0,Luke Kornet,1628436,0022300065,2023-10-25,2023-24,BOS,85,6.0,10.0,1,1,1.0,1.0,9.0,,0.0,1.0,0.0,,0.7752808988764045,0.14411299435028257,105.67344632768356,,,0.7829457364341085,0.34794520547945207,0.14411299435028257,105.67344632768356,0.7829457364341085,0.34794520547945207,0.7829457364341085,0.34794520547945207,0.14411299435028257,105.67344632768356,0.7752808988764045,99.15743902439027,0.36709393220616243,,0.5212600633303343,,114.57499999999973,96.5,0.36709393220616243,0.5212600633303343,112.5,,,0.6246323798790007,-0.3951389795687406,2.2069086936287605,5.438780154756486,3.741657386773938,14.0,2.918888460051857,8.388429752066125,3.872983346207248,14.999999999994102,11.0,9.0,30.0,0.0,0.0,0.0,0.0,-0.1341250274017994,-0.9503904674912838,0.9396746450502086,0.7790613952929533,0.2106316201579239,-0.6615626242039883,0.26754530269194526,-1.1202917807305646,1.0841301976891167,2.4629054559644854,-0.2569904110190146,-0.157914499622861,0.660264054548162,-0.15971521405064282,-1.2469167863075052,0.6995610155478222,0.7044772010596769,-0.6694111416158757,-0.7148877042373658,0.4119425354171791,-0.1517367541763056,-0.3799413090421453,8.772985856246011,21.647123008120893,0.21820040692945203,58.09475019308588,24.48489080126147,0.010760196517661358,0.4623439303296163,0.0,0.824414167986588,0.09439905185987067,10.00841593190328,,-0.3132289981777153,
92282,2,Maxi Kleber,1628467,0022300073,2023-10-25,2023-24,DAL,82,6.0,10.0,1,1,1.0,1.0,9.0,,0.0,1.0,0.0,,1.2708333333333333,0.12159375000000004,111.04687500000001,,,0.7087378640776699,0.33424657534246577,0.12159375000000004,111.04687500000001,0.7087378640776699,0.33424657534246577,0.7087378640776699,0.33424657534246577,0.12159375000000004,111.04687500000001,1.2708333333333333,99.15743902439027,0.36709393220616243,,0.5212600633303343,,114.57499999999973,107.0,0.36709393220616243,0.5212600633303343,117.8,,,2.351262477898565,7.378917378917393,2.4047631387103467,4.349112426035783,2.272968452080367,4.784795190200593,0.7402304167751361,-1.0219780219780217,1.3783885332142989,2.1705446029133477,27.0,11.0,36.0,0.0,0.0,0.0,0.0,-0.5542797196787428,-0.4039149229674024,0.020323353503602565,-0.534307677260878,0.5870655388104239,0.30947802197802293,1.9230287160211863,4.090048736443678,-0.19017059489319438,-0.7277740322816201,0.44074214573497544,0.8972822825345081,-4.471792735357913,-0.005327825274195536,-0.16448520407957126,-1.2489582461324222,-0.8271385464592075,0.5197240350314922,-0.11595758196486297,-1.304606128604023,2.1125061311551976,-1.3817730864752216,7.147181721537495,30.047406798497413,0.5360050250790771,2.991853791485942,-0.7564992171438202,0.832037218127677,2.2608619269856196,0.8441226081166462,-0.29459790884494386,5.946721197041039,67.93303803537167,,0.407067461773824,
92283,3,Torrey Craig,1628470,0022300070,2023-10-25,2023-24,CHI,77,6.0,10.0,1,1,1.0,1.0,9.0,,1.0,1.0,0.0,,1.0769230769230769,0.13120242914979766,109.44170040485838,,,0.6902173913043478,0.3610698365527489,0.13120242914979766,109.44170040485838,0.6902173913043478,0.3610698365527489,0.6902173913043478,0.3610698365527489,0.13120242914979766,109.44170040485838,1.0769230769230769,99.15743902439027,0.36709393220616243,,0.5212600633303343,,114.57499999999973,99.5,0.36709393220616243,0.5212600633303343,105.1,,,0.6041622979543543,-0.4215376294878756,0.4930066485916354,-0.5982905982905967,1.4073873102947176,1.2637362637362621,0.4787781760334303,-0.9177936115554264,0.14854624783545942,-0.8443121587621559,20.0,16.0,26.0,0.0,0.0,0.0,0.0,0.5936660591062312,0.5312434805083484,0.49493607138633816,-0.4400980397565075,-0.054575738070172825,-0.43708052903711986,0.65360516275961,-0.5766184007197699,2.845046097885443,9.700607193204773,0.6064904196044574,1.5783824397471296,-1.2240278837100176,0.05644853485677678,0.8893269515609293,-3.5406434910260454,-0.25224838695821383,-0.3536909799309485,2.4165514920661613,0.5007200327959608,-0.39650324604073134,-4.429697282064193,10.239091845676827,24.064842409807756,0.2428298879706713,-0.12541940318597497,-0.4394195513156417,0.28721420701041583,1.2539745805969484,0.43919844447887113,-0.51461064452263,2.9408126449628846,30.17670066797034,,2.2795693733631968,
92284,0,Marvin Bagley III,1628963,0022300068,2023-10-25,2023-24,DET,82,5.0,10.0,1,1,1.0,1.0,9.0,,0.0,1.0,0.0,,0.5555555555555556,0.22392178770949742,108.5798882681564,,,0.6722972972972973,0.30959752321981426,0.22392178770949742,108.5798882681564,0.6722972972972973,0.30959752321981426,0.6722972972972973,0.30959752321981426,0.22392178770949742,108.5798882681564,0.5555555555555556,99.15743902439027,0.36709393220616243,,0.5212600633303343,,114.57499999999973,95.5,0.36709393220616243,0.5212600633303343,106.3,,,0.8057110769129362,0.28237680288461464,0.41496250137936647,-0.8424908424908444,0.5742854110581767,0.09129181348098807,1.4470487227588156,4.010989010989012,2.7238749811003338,10.037294650620048,21.0,6.0,25.0,0.0,0.0,0.0,0.0,0.25825148930089686,-1.28973346661588,0.5047558785701627,0.042299582714735044,0.3165419081034907,1.0519688644688638,1.114497676199658,1.3164531544027256,0.2248741774962994,-1.100150248865052,0.47241682913420796,0.14494856875689466,1.1713941733132942,0.08477523616022661,-1.2120920104365267,-2.8630047661842872,-1.005976359501535,0.5757504298022695,-0.13949694863320744,0.5326509482455439,-1.0699951756266775,0.8951018421771282,11.372671954638186,23.44756927113108,0.25851020111534445,27.340335776756163,5.804096525351294,0.9806729350931813,1.5086928410403784,0.9188345043944318,-0.13732763635137965,11.152871585606936,35.37517989915382,,-0.12292222027995067,
92285,0,Mikal Bridges,1628969,0022300067,2023-10-25,2023-24,BKN,78,5.0,10.0,1,1,1.0,1.0,9.0,,1.0,1.0,0.0,,1.7651821862348178,0.17276113360323886,115.34129554655873,,,0.8689759036144579,0.39509536784741145,0.17276113360323886,115.34129554655873,0.8689759036144579,0.39509536784741145,0.8689759036144579,0.39509536784741145,0.17276113360323886,115.34129554655873,1.7651821862348178,99.15743902439027,0.36709393220616243,,0.5212600633303343,,114.57499999999973,99.5,0.36709393220616243,0.5212600633303343,113.0,,,1.1979689894136214,1.8368001816714965,0.10535569396699494,-1.1875635583199313,1.039733013890026,0.6037564696759354,1.956800403318309e-15,2.5128205128205017,0.6848975045634117,0.9242433890372288,11.0,11.0,15.0,0.0,0.0,0.0,0.0,-0.46391016036526117,-0.6097426792898819,-0.09604475257345893,0.2509523864000373,1.1320289732189004,2.007880307704457,-0.5318418202692894,0.564258184996821,0.6124382458863012,-0.45376833261411337,0.018109694954261187,-0.6428151936016221,2.8561339596019564,-1.0054477746503396,1.3586401530475065,1.2465583521411816,-0.46378035120385064,0.07479560377376952,-1.710230684212407,0.1320703127349317,-0.7078172580855372,1.9006845955249054,9.200871962013068,18.9090266043383,0.4446838132322702,0.6330119907608285,4.917088192953678e-15,3.146020785745048,4.100438514275061,4.072626974741189,-0.005339380832623263,28.946134439471933,77.53530095588054,,-0.01014847889820798,
92286,6,Bruce Brown,1628971,0022300064,2023-10-25,2023-24,IND,76,5.0,10.0,1,1,1.0,1.0,9.0,,1.0,1.0,0.0,,0.6639676113360324,0.1560809716599191,111.53076923076921,,,0.7608695652173914,0.3620309050772627,0.1560809716599191,111.53076923076921,0.7608695652173914,0.3620309050772627,0.7608695652173914,0.3620309050772627,0.1560809716599191,111.53076923076921,0.6639676113360324,99.15743902439027,0.36709393220616243,,0.5212600633303343,,114.57499999999973,110.5,0.36709393220616243,0.5212600633303343,128.8,,,0.14854624783545778,-1.358208197684114,1.0371645724325642,0.021696613473142615,1.49615342886689,1.7992772370231922,1.458447871181912,2.006654245408571,0.813920820591383,0.712015257469804,30.0,12.0,31.0,0.0,0.0,0.0,0.0,0.360775080053254,-0.4158860702515611,-0.15729598080757282,-0.15782018268251435,0.20450283919981885,-0.4955032086916217,-0.7048813442055591,-0.3460130325425111,0.5114912470465601,-0.9174089011550393,-0.6845545526979164,1.7308096806533484,-1.6568637240499489,0.03522493883524229,2.005024872244801,-3.5080802923497094,0.6361047537220524,0.011164164368183585,0.18509910197874113,-0.47101633363854295,0.20612540580232044,3.252326623554589,9.672425592231246,26.928003530830676,0.2741811235905182,0.5795240426334077,2.9266006124142763,0.8642104917827146,2.595664082164462,1.2847489846808564,-0.29459790884494386,8.359011677793879,69.896051569375,,-0.9581286221799188,
92287,0,Troy Brown Jr.,1628972,0022300069,2023-10-25,2023-24,MIN,79,5.0,10.0,1,1,1.0,1.0,9.0,,0.0,1.0,0.0,,0.9554655870445344,0.14281781376518224,108.36356275303642,,,0.7886178861788617,0.36482084690553745,0.14281781376518224,108.36356275303642,0.7886178861788617,0.36482084690553745,0.7886178861788617,0.36482084690553745,0.14281781376518224,108.36356275303642,0.9554655870445344,99.15743902439027,0.36709393220616243,,0.5212600633303343,,114.57499999999973,101.0,0.36709393220616243,0.5212600633303343,93.1,,,0.6231481440776769,-0.17948717948719042,1.334783731392551,0.47059361565902547,1.1763539004879071,-0.734265734265738,0.8727781529518865,0.7601244680364261,0.7795152414937807,-0.5924940111791316,15.0,8.0,23.0,0.0,0.0,0.0,0.0,0.9294048451754174,0.5281075832576811,-0.15636608597698046,-0.8508145579701971,-0.0363300584636596,0.08454442248806479,0.7318330075238209,1.1367255026025707,0.36318949708297676,-0.7278593497964732,0.24180877322920136,-1.5881867100659064,3.04129541698084,0.5442190964754147,-0.8789572878982338,-0.3667710650150238,-0.3126720758887543,0.016755525704635142,1.607275787741607,-0.0964653161916095,-0.3118231858422,0.5283989469895989,9.706852573492768,22.02297020321017,0.29423764678381653,-0.46185811220791956,0.6634200292263672,1.486645993045523,1.8841715017282286,0.9816502015723598,0.02128755332478359,14.430653483466646,41.49505284029854,,0.011248320760800583,
92288,3,Jalen Brunson,1628973,0022300065,2023-10-25,2023-24,NYK,74,5.0,10.0,1,1,1.0,1.0,9.0,,1.0,1.0,0.0,,1.3441295546558705,0.22165182186234827,114.9797570850203,,,0.8284993694829761,0.3973429951690821,0.22165182186234827,114.9797570850203,0.8284993694829761,0.3973429951690821,0.8284993694829761,0.3973429951690821,0.22165182186234827,114.9797570850203,1.3441295546558705,99.15743902439027,0.36709393220616243,,0.5212600633303343,,114.57499999999973,96.5,0.36709393220616243,0.5212600633303343,107.2,,,0.6997311348698585,-0.1988312139675343,1.3355471570440973,2.1202550911691915,0.8701939070922873,-0.0029658784640076144,1.2496264575684135,1.7281580717007585,2.0198590879039724,5.090450652365323,25.0,8.0,33.0,0.0,0.0,0.0,0.0,0.5767144007765348,-0.21973238091935016,0.6186296536624613,1.5163723276507688,0.269982221100168,-0.900131868131868,-0.2407585743890022,0.6002428594547775,0.01478147287256035,-0.7692595214307355,-0.6522425635696566,0.3801860089324713,1.084706063393507,-0.506061321923468,-0.8321022640675287,-2.6417281334027543,-0.30589329006942895,-1.367542373107586,-1.7727942549098044,0.5958048371580584,1.0987848031042313,0.8464264540964194,6.741452531139275,29.852031489450326,0.22714764197748427,10.281993011706803,2.1595520492576794,1.532554796093068,3.69138926945571,2.6496582717104196,-0.29459790884494386,10.331645409231248,110.1954687116109,,-0.249355463367846,
92289,1,Jevon Carter,1628975,0022300070,2023-10-25,2023-24,CHI,73,5.0,10.0,1,1,1.0,1.0,9.0,,1.0,1.0,0.0,,1.3888888888888888,0.1411481481481482,105.92175925925923,,,0.8272727272727273,0.4216133942161339,0.1411481481481482,105.92175925925923,0.8272727272727273,0.4216133942161339,0.8272727272727273,0.4216133942161339,0.1411481481481482,105.92175925925923,1.3888888888888888,99.15743902439027,0.36709393220616243,,0.5212600633303343,,114.57499999999973,99.5,0.36709393220616243,0.5212600633303343,105.1,,,1.0742510779389194,-0.10564346473977264,0.7402304167751371,-1.0219780219780177,2.1042917355920654,5.24643995058196,1.4982915793128757,2.8978010241805223,0.10491602485665442,-1.3438161668696642,20.0,16.0,26.0,0.0,0.0,0.0,0.0,0.5936660591062312,0.5312434805083484,0.49493607138633816,-0.4400980397565075,-0.054575738070172825,-0.43708052903711986,0.65360516275961,-0.5766184007197699,2.845046097885443,9.700607193204773,0.6064904196044574,1.5783824397471296,-1.2240278837100176,0.05644853485677678,0.8893269515609293,-3.5406434910260454,-0.25224838695821383,-0.3536909799309485,2.4165514920661613,0.5007200327959608,-0.39650324604073134,-4.429697282064193,10.239091845676827,24.064842409807756,0.2428298879706713,-0.14098785036607175,4.341750873053903,3.4251575081348804,2.614844227829601,3.505405722420584,0.3751551779993052,35.07050231170261,62.9258142689148,,-1.661823872335831,
92290,0,Wendell Carter Jr.,1628976,0022300066,2023-10-25,2023-24,ORL,82,5.0,10.0,1,1,1.0,1.0,9.0,,1.0,1.0,0.0,,0.7412280701754386,0.19450438596491224,104.1307017543859,,,0.7316076294277929,0.3191489361702128,0.19450438596491224,104.1307017543859,0.7316076294277929,0.3191489361702128,0.7316076294277929,0.3191489361702128,0.19450438596491224,104.1307017543859,0.7412280701754386,99.15743902439027,0.36709393220616243,,0.5212600633303343,,114.57499999999973,95.5,0.36709393220616243,0.5212600633303343,120.8,,,0.3524928211793563,-0.976895176189363,1.1663287552132522,1.0082304526748964,0.4930066485916346,-0.598290598290597,0.6809641048276778,1.0805860805860812,0.6034542736269135,0.674931129476586,13.0,9.0,25.0,0.0,0.0,0.0,0.0,-0.2506695230281926,0.14771833393219516,-0.4276507118662091,-0.03452661477739018,0.7165072856651408,-0.45333569810524377,1.2472923513258363,3.631468612583832,-0.10832981612603386,-0.5237360869213982,-0.14232226672729256,-0.078867630390537,-2.9100789996338268,-0.1028365698776627,-0.7478074141069766,-0.5532230130583263,-0.5344414071918182,2.156507013120374,1.3383892011480598,-1.2885182895343081,3.3642474267576277,-3.103878039040166,10.626698383756244,25.84664826012989,0.24860366073628673,0.40729007448648546,0.7358403330555496,0.9850822178824267,3.8073790554886404,1.8613800172870965,-0.51461064452263,10.4681716126382,98.40798724020046,,1.5972886781900966,
92291,0,Donte DiVincenzo,1628978,0022300065,2023-10-25,2023-24,NYK,76,5.0,10.0,1,1,1.0,1.0,9.0,,1.0,1.0,0.0,,1.7651821862348178,0.16109311740890697,113.36842105263158,,,0.7736486486486487,0.37011294526498695,0.16109311740890697,113.36842105263158,0.7736486486486487,0.37011294526498695,0.7736486486486487,0.37011294526498695,0.16109311740890697,113.36842105263158,1.7651821862348178,99.15743902439027,0.36709393220616243,,0.5212600633303343,,114.57499999999973,96.5,0.36709393220616243,0.5212600633303343,107.2,,,2.0976473897641825,5.257830811847431,1.799368222671364,2.225003793051119,1.6720819322526292,0.8974358974359018,0.21666203681159016,-1.2032228020576707,1.2346490516890516,3.4412107721851593,25.0,8.0,33.0,0.0,0.0,0.0,0.0,0.5767144007765348,-0.21973238091935016,0.6186296536624613,1.5163723276507688,0.269982221100168,-0.900131868131868,-0.2407585743890022,0.6002428594547775,0.01478147287256035,-0.7692595214307355,-0.6522425635696566,0.3801860089324713,1.084706063393507,-0.506061321923468,-0.8321022640675287,-2.6417281334027543,-0.30589329006942895,-1.367542373107586,-1.7727942549098044,0.5958048371580584,1.0987848031042313,0.8464264540964194,6.741452531139275,29.852031489450326,0.22714764197748427,4.248687616540556,-0.26069270303196374,0.728942404147124,1.5237043889618291,0.5359848264273317,-0.29459790884494386,4.914130615492377,45.48567139990219,,-0.249355463367846,
92292,2,Shai Gilgeous-Alexander,1628983,0022300070,2023-10-25,2023-24,OKC,78,5.0,10.0,1,1,1.0,1.0,9.0,,0.0,1.0,0.0,,1.3036437246963564,0.2763967611336032,111.56518218623478,,,0.8476190476190476,0.35081967213114756,0.2763967611336032,111.56518218623478,0.8476190476190476,0.35081967213114756,0.8476190476190476,0.35081967213114756,0.2763967611336032,111.56518218623478,1.3036437246963564,99.15743902439027,0.36709393220616243,,0.5212600633303343,,114.57499999999973,99.5,0.36709393220616243,0.5212600633303343,124.0,,,0.034999812220728996,-0.9599301317638578,0.5069525168545972,-0.1415968983536555,0.3547841512974696,-0.7827702338555022,3.8729833462074166,14.999999999999995,0.6143621313218832,-0.6461538461538459,30.0,9.0,30.0,0.0,0.0,0.0,0.0,0.8778415253735163,-0.14077891755823438,0.9250094884193231,1.0865504078468706,0.8616988475350496,0.9319682882380931,-0.19914371893601146,-0.8950087953203081,-0.6319865705206,0.8884867158635052,0.43693688449995705,0.8848368689005125,-4.088999646403135,-1.0224356183507088,1.052983381856842,3.8261242073576254,-0.7762589181540872,0.9562045692539712,-1.0933405192807655,0.1948134394484352,-1.0128600961125405,-0.768527030326136,9.281194342521133,20.317572721383343,0.3721574974775486,-0.396972454084909,58.09475019311123,0.1705084298106187,1.649411682862263,0.8449378722487463,-0.7351978563373132,1.5825218741104758,33.512041814053305,,0.5650194252330565,
92293,0,Aaron Holiday,1628988,0022300066,2023-10-25,2023-24,HOU,72,5.0,10.0,1,1,1.0,1.0,9.0,,0.0,1.0,0.0,,1.0045454545454546,0.17640000000000008,108.35181818181819,,,0.8269230769230769,0.39763779527559057,0.17640000000000008,108.35181818181819,0.8269230769230769,0.39763779527559057,0.8269230769230769,0.39763779527559057,0.17640000000000008,108.35181818181819,1.0045454545454546,99.15743902439027,0.36709393220616243,,0.5212600633303343,,114.57499999999973,95.5,0.36709393220616243,0.5212600633303343,90.5,,,1.8305007973822138,2.7035671028164883,0.8214835391400872,-0.5439749053030329,2.9464960327799496,8.884615384615381,3.8729833462074166,14.999999999999995,2.043470599841591,4.685153049613111,22.0,5.0,29.0,0.0,0.0,0.0,0.0,0.9039961266904983,1.3796669457821475,1.8144230379126718,5.562437286482436,0.2992482666029405,-0.047559056727807594,1.132907371654588,1.9421084219357654,-0.062225180801992463,-0.2848400786045208,0.32749158510274445,0.38468009588355045,2.46079342417169,0.2710770763554326,0.41440642612893697,0.9553949341901842,-0.1335345578772009,-0.32945380999549617,-0.13508518399771435,-0.5464038596221598,0.011553478482821261,1.4241074573946257,8.719063206300108,28.28160026414432,0.20384122874775903,9.573972512642563,58.09475019311123,0.4623439303296163,1.1359118361937928,0.9427701456235362,-0.29459790884494386,4.0312059515931375,32.125404486543026,,-0.4195390789189467,
92294,1,Kevin Huerter,1628989,0022300072,2023-10-25,2023-24,SAC,79,5.0,10.0,1,1,1.0,1.0,9.0,,0.0,1.0,0.0,,2.7333333333333334,0.19768000000000008,120.48799999999999,,,0.7251908396946565,0.4027504911591356,0.19768000000000008,120.48799999999999,0.7251908396946565,0.4027504911591356,0.7251908396946565,0.4027504911591356,0.19768000000000008,120.48799999999999,2.7333333333333334,99.15743902439027,0.36709393220616243,,0.5212600633303343,,114.57499999999973,105.0,0.36709393220616243,0.5212600633303343,123.8,,,0.25891426194675743,-0.7601007549403125,1.4335116397510608,1.2923076923076924,1.0980761320409955,2.3228575834946983,0.4708049488467108,-0.5195325958245153,0.47731175301619994,-1.0842127547247242,34.0,14.0,37.0,0.0,0.0,0.0,0.0,1.1694539832129174,2.9653035356946256,-0.006902535250463186,-1.3100959426220031,1.0720567564159929,0.16284979141353553,0.7803769553276454,1.1077873756331051,0.07256131484469062,-0.3871190749031308,-1.3779690064252073,3.844158705427875,-5.698671535309076,-0.06256549772683846,-0.13941569775210438,1.95274910474277,-0.5086427296228615,-0.5099147517457272,0.7714000751133221,0.1463434918775967,-1.4284417948337857,1.6914036129762287,9.54470256186185,29.239585117975565,0.2732889265216949,-0.5175074906001813,-0.2445985172013598,1.373591379927287,5.3955142572652175,2.9874139186361828,-0.51461064452263,13.11052116294333,157.76259838055705,,-0.870414303421602,
92295,0,Jaren Jackson Jr.,1628991,0022300071,2023-10-25,2023-24,MEM,82,5.0,10.0,1,1,1.0,1.0,9.0,,1.0,1.0,0.0,,1.7327935222672064,0.2430161943319841,111.31497975708504,,,0.7948717948717948,0.3482758620689655,0.2430161943319841,111.31497975708504,0.7948717948717948,0.3482758620689655,0.7948717948717948,0.3482758620689655,0.2430161943319841,111.31497975708504,1.7327935222672064,99.15743902439027,0.36709393220616243,,0.5212600633303343,,114.57499999999973,103.5,0.36709393220616243,0.5212600633303343,100.0,,,0.3126666281421447,-0.19794817410251453,1.0819726904941422,1.2374649787651875,3.3258483894540083,11.39117843617732,0.43302553022231466,-0.6690942193900771,0.5021401748441272,-1.0085970979212953,21.0,9.0,34.0,0.0,0.0,0.0,0.0,0.5807066112454882,0.31829158056834433,0.5136395379187086,-0.21192459784236187,0.09329397594116594,-0.935621172107659,0.6334643832331259,-0.0073863036825995414,0.044061465605854604,-1.1264255990581848,-0.39108325586799175,0.08604538829449272,4.855009648806637,-0.8096010038680436,0.8899334545086526,-3.633633699745444,-0.8005999507458954,0.013643858455230301,1.356569877979757,0.0247500308134284,-0.06929788586297092,0.4970886322828334,8.569340103739568,26.99046267841391,0.23414074196858056,-0.5064571230974785,-0.28973487912007384,0.3211101421221897,2.4330434224975157,1.0486875711532475,-0.7614889595473099,2.7517020186051924,65.66896768987964,,-0.37852750539985014,
92296,0,Caleb Martin,1628997,0022300068,2023-10-25,2023-24,MIA,77,4.0,10.0,1,1,1.0,1.0,9.0,,1.0,1.0,0.0,,1.010989010989011,0.15132417582417593,108.21043956043955,,,0.7555555555555555,0.3540856031128405,0.15132417582417593,108.21043956043955,0.7555555555555555,0.3540856031128405,0.7555555555555555,0.3540856031128405,0.15132417582417593,108.21043956043955,1.010989010989011,99.15743902439027,0.36709393220616243,,0.5212600633303343,,114.57499999999973,95.5,0.36709393220616243,0.5212600633303343,108.4,,,-0.6675392641918159,-1.1891417033613476,2.011917047073768,4.866766747982729,0.9890109890109892,0.4065934065934067,1.2802451686892007,1.5486331849968211,0.09249088995039226,-0.6690942193900771,10.0,4.0,18.0,0.0,0.0,0.0,0.0,0.16289444677909604,-1.2449958994215802,1.3302190543462888,1.3637404230640089,1.2770589130220669,2.8102743314923706,0.8777393915073529,1.7236535390114183,-0.26015284758040463,1.2003402006455854,0.3490313714548254,0.4557158233338131,4.1827600335403865,-0.3200778176531089,-0.26732218964800564,-0.3357267562641531,-0.957589252605804,2.3025073266321545,-0.9112785996759298,-0.3263575216868493,-0.7740943176483305,-0.2774630700584163,9.034743860710782,24.277919846135312,0.1753570234333204,-0.061885119812051234,1.9826301531639494,1.3045400781130758,1.3583693460485726,0.25426329868311626,0.02128755332478359,11.786185461783274,32.978382104814486,,-0.005906509899526702,
92297,1,Shake Milton,1629003,0022300069,2023-10-25,2023-24,MIN,77,5.0,10.0,1,1,1.0,1.0,9.0,,0.0,1.0,0.0,,0.9956140350877193,0.18758771929824555,111.52500000000006,,,0.8308823529411765,0.37456445993031356,0.18758771929824555,111.52500000000006,0.8308823529411765,0.37456445993031356,0.8308823529411765,0.37456445993031356,0.18758771929824555,111.52500000000006,0.9956140350877193,99.15743902439027,0.36709393220616243,,0.5212600633303343,,114.57499999999973,101.0,0.36709393220616243,0.5212600633303343,93.1,,,2.5953060914202655,7.299022665122836,1.4842670663032398,1.790384615384616,0.43302553022231466,-0.6690942193900771,1.4073873102947176,1.2637362637362621,0.061977786051082534,-0.8104870907639091,15.0,8.0,23.0,0.0,0.0,0.0,0.0,0.9294048451754174,0.5281075832576811,-0.15636608597698046,-0.8508145579701971,-0.0363300584636596,0.08454442248806479,0.7318330075238209,1.1367255026025707,0.36318949708297676,-0.7278593497964732,0.24180877322920136,-1.5881867100659064,3.04129541698084,0.5442190964754147,-0.8789572878982338,-0.3667710650150238,-0.3126720758887543,0.016755525704635142,1.607275787741607,-0.0964653161916095,-0.3118231858422,0.5283989469895989,9.706852573492768,22.02297020321017,0.29423764678381653,-0.05023219550852987,1.7785663811416739,0.8674998758303651,0.6576472831261118,0.24234690868273212,0.3751551779993052,8.420693402208636,14.483346520508482,,0.1982316010125284,
92298,0,Mitchell Robinson,1629011,0022300065,2023-10-25,2023-24,NYK,84,5.0,10.0,1,1,1.0,1.0,9.0,,1.0,1.0,0.0,,0.0,0.1142267206477734,109.31052631578942,,,0.5310344827586206,0.37100101770325844,0.1142267206477734,109.31052631578942,0.5310344827586206,0.37100101770325844,0.5310344827586206,0.37100101770325844,0.1142267206477734,109.31052631578942,0.0,99.15743902439027,0.36709393220616243,,0.5212600633303343,,114.57499999999973,96.5,0.36709393220616243,0.5212600633303343,107.2,,,0.7039490844845601,-0.40809692924584884,2.9188884600518534,8.388429752066097,0.0,-3.0,0.0,-3.0,0.0,-3.0,25.0,8.0,33.0,0.0,0.0,0.0,0.0,0.5767144007765348,-0.21973238091935016,0.6186296536624613,1.5163723276507688,0.269982221100168,-0.900131868131868,-0.2407585743890022,0.6002428594547775,0.01478147287256035,-0.7692595214307355,-0.6522425635696566,0.3801860089324713,1.084706063393507,-0.506061321923468,-0.8321022640675287,-2.6417281334027543,-0.30589329006942895,-1.367542373107586,-1.7727942549098044,0.5958048371580584,1.0987848031042313,0.8464264540964194,6.741452531139275,29.852031489450326,0.22714764197748427,-0.0,-0.0,0.0,0.0,0.0,0.0,0.0,0.0,,0.0,
92299,0,Collin Sexton,1629012,0022300072,2023-10-25,2023-24,UTA,75,5.0,10.0,1,1,1.0,1.0,9.0,,1.0,1.0,0.0,,1.4331983805668016,0.2605020242914981,107.26680161943318,,,0.8229263746505125,0.38199780461031835,0.2605020242914981,107.26680161943318,0.8229263746505125,0.38199780461031835,0.8229263746505125,0.38199780461031835,0.2605020242914981,107.26680161943318,1.4331983805668016,99.15743902439027,0.36709393220616243,,0.5212600633303343,,114.57499999999973,105.0,0.36709393220616243,0.5212600633303343,108.6,,,0.9542848532972444,0.10283934367258897,0.11267025994932857,-1.1879668626827715,1.2048632677010522,1.8001820664542578,0.7882269819968927,-1.615384615384615,0.03353517714820015,-1.5075299310471024,15.0,7.0,21.0,0.0,0.0,0.0,0.0,0.9150548204236953,0.6528118689495331,-0.14676064296891872,-1.0252594761190392,1.007114406739275,0.5319925262505318,-0.24653149808582894,-0.9395356451209383,-0.19341883275111693,-1.0373926738810144,-0.10534233578697025,-1.32080573670565,2.4514754773442373,0.30442436621422486,-0.8741354164475578,1.120204977404342,0.6284435345852106,2.349635867091488,-1.1522527928189936,-0.5124868868119062,-0.09383225533235581,-0.3441247776349148,5.384726704646099,28.775527975718592,0.3165347246118249,-0.05055528329387854,-1.2732897401488263,0.3193945051389028,1.3738126666129329,0.9022428924670993,-0.51461064452263,1.7198521211386755,39.53218482151701,,0.1770902736149102,
92300,2,Anfernee Simons,1629014,0022300074,2023-10-25,2023-24,POR,75,5.0,10.0,1,1,1.0,1.0,9.0,,0.0,1.0,0.0,,2.475336322869955,0.2173363228699552,111.36278026905829,,,0.8685446009389671,0.39067055393586003,0.2173363228699552,111.36278026905829,0.8685446009389671,0.39067055393586003,0.8685446009389671,0.39067055393586003,0.2173363228699552,111.36278026905829,2.475336322869955,99.15743902439027,0.36709393220616243,,0.5212600633303343,,114.57499999999973,99.0,0.36709393220616243,0.5212600633303343,112.1,,,0.5653080684328641,-0.5444278712976777,-0.5931132628473843,0.16795114148611207,-0.684768668969875,-0.2061091571822238,0.8094931846385934,-0.4038461538461546,0.4828606827823784,-0.2000202296060259,21.0,10.0,22.0,0.0,0.0,0.0,0.0,0.006524820408913201,-1.2186735766190826,0.03363787099477455,-0.10166060297622692,0.4860934169571669,0.24539540193293072,-0.10214849012165296,-1.1546656837437963,-0.22096028100999854,-0.0033479992085348478,0.19782667871175277,-0.4520533406356078,1.5208973394625733,0.18155975730621918,-0.9369213963762326,-2.1566535945666785,0.3929544607977359,-0.349987112985455,-1.6611836142588128,-0.20822977888159613,-0.4063885467965655,0.8611197420770604,4.830340402812659,23.580443564055056,0.2682573888908502,-0.09658190463785377,-0.32691070918097104,0.1441579722440486,4.399195097165398,1.5269832159802035,0.824414167986588,0.6963320777179739,103.73497171597637,,0.709919315701285,
92301,1,Gary Trent Jr.,1629018,0022300069,2023-10-25,2023-24,TOR,77,5.0,10.0,1,1,1.0,1.0,9.0,,1.0,1.0,0.0,,2.4752475247524752,0.20008910891089113,110.38762376237624,,,0.8375527426160337,0.382467028704422,0.20008910891089113,110.38762376237624,0.8375527426160337,0.382467028704422,0.8375527426160337,0.382467028704422,0.20008910891089113,110.38762376237624,2.4752475247524752,99.15743902439027,0.36709393220616243,,0.5212600633303343,,114.57499999999973,101.0,0.36709393220616243,0.5212600633303343,96.0,,,0.5742854110581771,0.09129181348100045,0.3756309832327964,-1.0060139028628914,1.2472788843464158,3.199095022624434,0.8407206199057432,-0.46984871084594004,0.8587885706726411,-0.2552591919286333,17.0,10.0,25.0,0.0,0.0,0.0,0.0,-1.3616415780772955,3.688423784546648,0.2336739922894341,-0.8559092242698555,0.47490028865694794,-0.6824722990358021,1.065909940078881,1.0630524522303948,-1.1343772024716987,2.860368324856961,2.4926658575367764,7.522782795261717,1.569081946432805,0.4335140265523626,-0.0843706809921565,-4.0185706645438835,0.0272940730349959,0.2898429573120259,-0.5800611964506597,0.8174117859240939,-0.33421863289583686,6.417498851095272,5.269292446731065,22.48024386511156,0.4170328307519485,-0.21921367658744434,-0.395011499444313,0.4752998390740584,3.5263519830849814,1.1137756154211655,-0.7614889595473099,2.5044938519654263,79.27325253397014,,-4.886854523016595,
92302,0,Moritz Wagner,1629021,0022300066,2023-10-25,2023-24,ORL,83,5.0,10.0,1,1,1.0,1.0,9.0,,1.0,1.0,0.0,,0.88,0.19943499999999997,104.63149999999996,,,0.8288100208768268,0.3212121212121212,0.19943499999999997,104.63149999999996,0.8288100208768268,0.3212121212121212,0.8288100208768268,0.3212121212121212,0.19943499999999997,104.63149999999996,0.88,99.15743902439027,0.36709393220616243,,0.5212600633303343,,114.57499999999973,95.5,0.36709393220616243,0.5212600633303343,120.8,,,0.47109246118509035,0.3529037372846339,2.343530638599325,5.885251112523833,3.8729833462074166,14.999999999999995,0.8407206199057432,-0.46984871084594004,0.6579114521489073,-0.45701458265503886,13.0,9.0,25.0,0.0,0.0,0.0,0.0,-0.2506695230281926,0.14771833393219516,-0.4276507118662091,-0.03452661477739018,0.7165072856651408,-0.45333569810524377,1.2472923513258363,3.631468612583832,-0.10832981612603386,-0.5237360869213982,-0.14232226672729256,-0.078867630390537,-2.9100789996338268,-0.1028365698776627,-0.7478074141069766,-0.5532230130583263,-0.5344414071918182,2.156507013120374,1.3383892011480598,-1.2885182895343081,3.3642474267576277,-3.103878039040166,10.626698383756244,25.84664826012989,0.24860366073628673,-0.30067512772780347,-0.395011499444313,0.2013201241668205,1.7796815258272571,0.2150475717147289,-0.7351978563373132,2.1393682381011576,45.99880241310838,,2.281964480634793,
92303,1,P.J. Washington,1629023,0022300063,2023-10-25,2023-24,CHA,79,4.0,10.0,1,1,1.0,1.0,9.0,,1.0,1.0,0.0,,1.7692307692307692,0.1854453441295546,109.08137651821866,,,0.7103718199608611,0.3635600335852225,0.1854453441295546,109.08137651821866,0.7103718199608611,0.3635600335852225,0.7103718199608611,0.3635600335852225,0.1854453441295546,109.08137651821866,1.7692307692307692,99.15743902439027,0.36709393220616243,,0.5212600633303343,,114.57499999999973,104.0,0.36709393220616243,0.5212600633303343,111.5,,,0.7449562534631747,-0.42923168443691867,1.0228456522602987,1.7353801215215459,0.8139208205913823,0.7120152574698033,0.718601899427367,-0.11343779229536594,0.11634187942225943,-0.42843059396992966,21.0,13.0,23.0,0.0,0.0,0.0,0.0,-0.6822750486409201,0.7204970892984411,0.4152598317892234,0.1644374712224492,0.3338199358599683,0.38972987014739513,-0.4113751419887806,-0.7114633413461531,0.9280693109945473,1.4152543447662582,0.20402025625970888,-0.8160365014347399,-5.852206653260408,0.12166806939684217,-1.168880319577239,0.28900229061663507,-0.0581390953308635,-1.05307042263626,-0.3103705709054689,-0.38035921342382506,0.2939990476479936,1.5237991093741285,6.772722275300276,22.36287383073628,0.3191683223983078,-0.049844420504456546,-0.0815166130102971,1.4074637036273314,3.804190788825918,1.1449286776176213,-0.29459790884494386,9.532360777233453,85.07263863856313,,-0.44890803112140615,
92304,1,Trae Young,1629027,0022300063,2023-10-25,2023-24,ATL,73,5.0,10.0,1,1,1.0,1.0,9.0,,0.0,1.0,0.0,,2.623481781376518,0.32465040650406507,116.3154471544716,,,0.8864278982092366,0.35631549917264205,0.32465040650406507,116.3154471544716,0.8864278982092366,0.35631549917264205,0.8864278982092366,0.35631549917264205,0.32465040650406507,116.3154471544716,2.623481781376518,99.15743902439027,0.36709393220616243,,0.5212600633303343,,114.57499999999973,104.0,0.36709393220616243,0.5212600633303343,105.8,,,0.31293839502533544,-0.37040983024362634,0.49513766401134673,0.5180191210616746,5.802498282037986e-16,-0.005589566143203666,1.7915509142233272,2.625,1.0197085462533952,1.1015722523621487,15.0,10.0,19.0,0.0,0.0,0.0,0.0,0.31236827869728323,0.005905381604412113,0.20434757715748486,0.3718339587242011,-0.39411349099844595,-0.7897435897435893,0.6155831635430433,-0.3370616580493132,0.06222411249358008,-0.5360183142689976,-1.0989312834875573,2.134701624452205,-0.5036793316624709,-0.5562971157657459,-0.46515708596778566,1.3013568591714182,-0.14791477125789312,0.3402499307493612,2.105119661803525,-0.6838106436283512,-0.4064364831593471,-1.223366165798269,11.31047211095764,28.68863739568081,0.27981793527448146,1.123282640049285,4.702821149836234,0.11017658361708661,2.9865393196725343,1.3967132159690183,0.824414167986588,1.2461491762816506,85.6797436100286,,-1.0085603997195223,
92305,0,Deandre Ayton,1629028,0022300074,2023-10-25,2023-24,POR,84,5.0,10.0,1,1,1.0,1.0,9.0,,0.0,1.0,0.0,,0.08502024291497975,0.21221457489878556,115.11255060728746,,,0.7534668721109399,0.27631578947368424,0.21221457489878556,115.11255060728746,0.7534668721109399,0.27631578947368424,0.7534668721109399,0.27631578947368424,0.21221457489878556,115.11255060728746,0.08502024291497975,99.15743902439027,0.36709393220616243,,0.5212600633303343,,114.57499999999973,99.0,0.36709393220616243,0.5212600633303343,112.1,,,0.07639946551360159,-1.4223282376292798,0.3520391413197713,-0.7757075680951107,1.5268031944886624,1.9375715193897014,0.0,-3.0,3.872983346207248,14.999999999994102,21.0,10.0,22.0,0.0,0.0,0.0,0.0,0.006524820408913201,-1.2186735766190826,0.03363787099477455,-0.10166060297622692,0.4860934169571669,0.24539540193293072,-0.10214849012165296,-1.1546656837437963,-0.22096028100999854,-0.0033479992085348478,0.19782667871175277,-0.4520533406356078,1.5208973394625733,0.18155975730621918,-0.9369213963762326,-2.1566535945666785,0.3929544607977359,-0.349987112985455,-1.6611836142588128,-0.20822977888159613,-0.4063885467965655,0.8611197420770604,4.830340402812659,23.580443564055056,0.2682573888908502,58.09475019308588,-0.0,0.0,0.1700868267186675,0.0,0.824414167986588,0.0,4.010722818428751,,0.709919315701285,
92306,3,Luka Doncic,1629029,0022300073,2023-10-25,2023-24,DAL,79,5.0,10.0,1,1,1.0,1.0,9.0,,0.0,1.0,0.0,,2.946564885496183,0.368442748091603,116.12519083969464,,,0.7430262045646661,0.35122838944494994,0.368442748091603,116.12519083969464,0.7430262045646661,0.35122838944494994,0.7430262045646661,0.35122838944494994,0.368442748091603,116.12519083969464,2.946564885496183,99.15743902439027,0.36709393220616243,,0.5212600633303343,,114.57499999999973,107.0,0.36709393220616243,0.5212600633303343,117.8,,,0.14008345997538224,-1.0425828121892464,0.2878072257485147,-1.0714198732967493,-0.05036164547749403,-0.23241301634653355,-0.1489608979310549,-2.307692307692309,0.3269236152778354,0.8673667165054082,27.0,11.0,36.0,0.0,0.0,0.0,0.0,-0.5542797196787428,-0.4039149229674024,0.020323353503602565,-0.534307677260878,0.5870655388104239,0.30947802197802293,1.9230287160211863,4.090048736443678,-0.19017059489319438,-0.7277740322816201,0.44074214573497544,0.8972822825345081,-4.471792735357913,-0.005327825274195536,-0.16448520407957126,-1.2489582461324222,-0.8271385464592075,0.5197240350314922,-0.11595758196486297,-1.304606128604023,2.1125061311551976,-1.3817730864752216,7.147181721537495,30.047406798497413,0.5360050250790771,0.2835626627316134,0.34375591830243457,0.9008371887915244,11.452974829258268,4.78370313741027,-0.7351978563373132,6.438447089812005,344.13219374767465,,1.0158766111211757,
92307,0,Goga Bitadze,1629048,0022300066,2023-10-25,2023-24,ORL,82,4.0,10.0,1,1,1.0,1.0,9.0,,1.0,1.0,0.0,,0.3433734939759036,0.17635542168674703,107.96506024096382,,,0.6741071428571429,0.2647058823529412,0.17635542168674703,107.96506024096382,0.6741071428571429,0.2647058823529412,0.6741071428571429,0.2647058823529412,0.17635542168674703,107.96506024096382,0.3433734939759036,99.15743902439027,0.36709393220616243,,0.5212600633303343,,114.57499999999973,95.5,0.36709393220616243,0.5212600633303343,120.8,,,0.6577992356767273,-0.5945632627725902,0.4944438487471188,-1.3464269107500082,0.0,-3.0,0.0,-3.0,0.31157407203882737,-0.4038461538462442,13.0,9.0,25.0,0.0,0.0,0.0,0.0,-0.2506695230281926,0.14771833393219516,-0.4276507118662091,-0.03452661477739018,0.7165072856651408,-0.45333569810524377,1.2472923513258363,3.631468612583832,-0.10832981612603386,-0.5237360869213982,-0.14232226672729256,-0.078867630390537,-2.9100789996338268,-0.1028365698776627,-0.7478074141069766,-0.5532230130583263,-0.5344414071918182,2.156507013120374,1.3383892011480598,-1.2885182895343081,3.3642474267576277,-3.103878039040166,10.626698383756244,25.84664826012989,0.24860366073628673,-0.12582799063109307,-0.0,0.0,1.2039532328389766,0.4623439303296163,0.824414167986588,0.0,31.11815573083529,,-2.558881031087141,
92308,0,Robert Williams III,1629057,0022300074,2023-10-25,2023-24,POR,81,5.0,10.0,1,1,1.0,1.0,9.0,,0.0,1.0,0.0,,0.0,0.12628282828282836,110.67323232323231,,,0.6533864541832669,0.0,0.12628282828282836,110.67323232323231,0.6533864541832669,0.0,0.6533864541832669,0.0,0.12628282828282836,110.67323232323231,0.0,99.15743902439027,0.36709393220616243,,0.5212600633303343,,114.57499999999973,99.0,0.36709393220616243,0.5212600633303343,112.1,,,0.6077448906103965,0.9426717144402371,0.59783860375008,-0.994162087912085,1.1763539004879071,-0.734265734265738,3.8729833462074166,14.999999999999995,0.0,-3.0,21.0,10.0,22.0,0.0,0.0,0.0,0.0,0.006524820408913201,-1.2186735766190826,0.03363787099477455,-0.10166060297622692,0.4860934169571669,0.24539540193293072,-0.10214849012165296,-1.1546656837437963,-0.22096028100999854,-0.0033479992085348478,0.19782667871175277,-0.4520533406356078,1.5208973394625733,0.18155975730621918,-0.9369213963762326,-2.1566535945666785,0.3929544607977359,-0.349987112985455,-1.6611836142588128,-0.20822977888159613,-0.4063885467965655,0.8611197420770604,4.830340402812659,23.580443564055056,0.2682573888908502,-0.0,58.09475019311123,0.00042160309195117085,0.0,0.0,1.269843310776022,0.002036486449002481,0.0,,1.0934871442537286,
92309,1,Jock Landale,1629111,0022300066,2023-10-25,2023-24,HOU,83,2.0,10.0,1,1,1.0,1.0,9.0,,0.0,1.0,0.0,,0.44545454545454544,0.17395454545454547,112.30909090909093,,,0.773972602739726,0.2896551724137931,0.17395454545454547,112.30909090909093,0.773972602739726,0.2896551724137931,0.773972602739726,0.2896551724137931,0.17395454545454547,112.30909090909093,0.44545454545454544,99.15743902439027,0.36709393220616243,,0.5212600633303343,,114.57499999999973,95.5,0.36709393220616243,0.5212600633303343,90.5,,,1.0464516557212684,-0.33385626035672133,0.6224664868336371,-0.6510989010989017,1.7915509142233272,2.625,0.0,-3.0,0.45508306023843653,-2.094017094016702,22.0,5.0,29.0,0.0,0.0,0.0,0.0,0.9039961266904983,1.3796669457821475,1.8144230379126718,5.562437286482436,0.2992482666029405,-0.047559056727807594,1.132907371654588,1.9421084219357654,-0.062225180801992463,-0.2848400786045208,0.32749158510274445,0.38468009588355045,2.46079342417169,0.2710770763554326,0.41440642612893697,0.9553949341901842,-0.1335345578772009,-0.32945380999549617,-0.13508518399771435,-0.5464038596221598,0.011553478482821261,1.4241074573946257,8.719063206300108,28.28160026414432,0.20384122874775903,-0.9529517073367186,-0.0,0.00042160309195117085,0.6632476428285151,0.17165446583429173,0.824414167986588,0.003675984006693815,18.757704710612032,,1.1740543646114856,
92310,3,Duncan Robinson,1629130,0022300068,2023-10-25,2023-24,MIA,79,5.0,10.0,1,1,1.0,1.0,9.0,,1.0,1.0,0.0,,3.1295546558704452,0.16669635627530377,110.24453441295536,,,0.8717948717948718,0.4033970276008493,0.16669635627530377,110.24453441295536,0.8717948717948718,0.4033970276008493,0.8717948717948718,0.4033970276008493,0.16669635627530377,110.24453441295536,3.1295546558704452,99.15743902439027,0.36709393220616243,,0.5212600633303343,,114.57499999999973,95.5,0.36709393220616243,0.5212600633303343,108.4,,,1.5656239814140482,0.5013774104698375,1.334783731392551,0.47059361565902547,0.0,-3.0,0.9405460868921031,-0.7852564102564096,1.016168217343954,0.5580013644522654,10.0,4.0,18.0,0.0,0.0,0.0,0.0,0.16289444677909604,-1.2449958994215802,1.3302190543462888,1.3637404230640089,1.2770589130220669,2.8102743314923706,0.8777393915073529,1.7236535390114183,-0.26015284758040463,1.2003402006455854,0.3490313714548254,0.4557158233338131,4.1827600335403865,-0.3200778176531089,-0.26732218964800564,-0.3357267562641531,-0.957589252605804,2.3025073266321545,-0.9112785996759298,-0.3263575216868493,-0.7740943176483305,-0.2774630700584163,9.034743860710782,24.277919846135312,0.1753570234333204,0.5670232517909525,-0.7385698438736059,0.4758283590158507,1.63188336851909,0.5161725177735679,-0.51461064452263,4.298987345370542,39.61873361914776,,0.14278544931398923,
92311,0,Amir Coffey,1629599,0022300074,2023-10-25,2023-24,LAC,79,4.0,10.0,1,1,1.0,1.0,9.0,,1.0,1.0,0.0,,0.9117647058823529,0.13604411764705884,103.6580882352941,,,0.8151658767772512,0.3738019169329074,0.13604411764705884,103.6580882352941,0.8151658767772512,0.3738019169329074,0.8151658767772512,0.3738019169329074,0.13604411764705884,103.6580882352941,0.9117647058823529,99.15743902439027,0.36709393220616243,,0.5212600633303343,,114.57499999999973,99.0,0.36709393220616243,0.5212600633303343,124.2,,,3.200048182122076,10.785515139492516,1.768268984506884,2.9646519570395,1.6671215743132923,1.367176360686366,3.8729833462074166,14.999999999999995,1.526394987152646,0.9361888111887975,19.0,7.0,27.0,0.0,0.0,0.0,0.0,0.14078121781744615,1.572461247076045,0.7968477377525303,-0.3468721576916144,0.587253834352936,-1.2522373510360865,0.2274490725883528,-0.6606923076923084,-1.2216682353586672,2.9917012363932725,-0.12170559112243456,-0.8664745250858866,-6.694296576358237,-0.3609797615125369,-0.9440931544828726,5.646107794222467,-0.04871549737858397,-0.25603125855902803,0.7038930298621846,-0.7748086818116726,0.16510124705177623,-1.8553287444693907,11.57971006666366,28.279522819236853,0.3966358265976225,1.4289939084269756,58.09475019311123,0.008468124470315325,0.33799422290750203,0.0031152488979098183,0.824414167986588,0.09805842617467124,9.558315339482931,,-1.5295593032133334,
92312,0,Andrew Nembhard,1629614,0022300064,2023-10-25,2023-24,IND,76,1.0,10.0,1,1,1.0,1.0,9.0,,1.0,1.0,0.0,,1.2266666666666666,0.1540133333333333,112.11466666666666,,,0.7903225806451613,0.3552123552123552,0.1540133333333333,112.11466666666666,0.7903225806451613,0.3552123552123552,0.7903225806451613,0.3552123552123552,0.1540133333333333,112.11466666666666,1.2266666666666666,99.15743902439027,0.36709393220616243,,0.5212600633303343,,114.57499999999973,110.5,0.36709393220616243,0.5212600633303343,128.8,,,0.38144437411731563,-0.24305823592925072,-0.1704729603056973,-0.4475343026974959,0.48027407492971,0.6842995162088834,1.1272801545162074,1.9567100191982898,0.05144161232856014,-0.7577330340114427,30.0,12.0,31.0,0.0,0.0,0.0,0.0,0.360775080053254,-0.4158860702515611,-0.15729598080757282,-0.15782018268251435,0.20450283919981885,-0.4955032086916217,-0.7048813442055591,-0.3460130325425111,0.5114912470465601,-0.9174089011550393,-0.6845545526979164,1.7308096806533484,-1.6568637240499489,0.03522493883524229,2.005024872244801,-3.5080802923497094,0.6361047537220524,0.011164164368183585,0.18509910197874113,-0.47101633363854295,0.20612540580232044,3.252326623554589,9.672425592231246,26.928003530830676,0.2741811235905182,-0.03897900898416031,2.2057603727852593,0.9891410595634967,2.9274681808810707,1.2732441517288822,-0.29459790884494386,9.567393298848698,78.83087351115992,,-0.9581286221799188,
92313,7,Max Strus,1629622,0022300067,2023-10-25,2023-24,CLE,77,4.0,10.0,1,1,1.0,1.0,9.0,,0.0,1.0,0.0,,2.4876543209876543,0.17193827160493835,110.90987654320986,,,0.8227848101265823,0.36930232558139536,0.17193827160493835,110.90987654320986,0.8227848101265823,0.36930232558139536,0.8227848101265823,0.36930232558139536,0.17193827160493835,110.90987654320986,2.4876543209876543,99.15743902439027,0.36709393220616243,,0.5212600633303343,,114.57499999999973,99.5,0.36709393220616243,0.5212600633303343,115.2,,,0.40923745230823677,-0.7459715329839867,1.0742510779389238,-0.10564346473978138,1.6720819322526292,0.8974358974359018,0.043599450145685587,-1.9465912151360851,0.2773162398327945,0.4456018518518506,16.0,7.0,36.0,0.0,0.0,0.0,0.0,0.5345189684195424,-0.48513508029068714,-0.5203985141002213,2.888341346153846,-0.19740326070579006,-0.9146666666666662,0.9098648030809621,1.0203199219662535,-0.5836454779209235,-0.012122091096731772,-0.733707870071953,0.25544725942050844,1.0171176547640406,-0.8549328764100428,0.6462720715821086,-1.6835521800932642,0.15859492336947315,-0.3425859241289679,-1.9312269278490726,-0.31713016916612025,-1.1320143088860777,1.0807906174490942,7.822809661392176,21.865902724499175,0.2609485720129529,0.12357263001808517,-0.08487030663835526,1.6950503776992203,2.6104071049036235,2.0405611239542503,-0.13732763635137965,13.260056471211918,57.078907827164144,,-0.1484224208850323,
92314,0,Zion Williamson,1629627,0022300071,2023-10-25,2023-24,NOP,78,4.0,10.0,1,1,1.0,1.0,9.0,,0.0,1.0,0.0,,0.20353982300884957,0.28993750000000007,114.39017857142858,,,0.6907756813417191,0.35384615384615387,0.28993750000000007,114.39017857142858,0.6907756813417191,0.35384615384615387,0.6907756813417191,0.35384615384615387,0.28993750000000007,114.39017857142858,0.20353982300884957,99.15743902439027,0.36709393220616243,,0.5212600633303343,,114.57499999999973,103.5,0.36709393220616243,0.5212600633303343,107.8,,,0.5722509791233503,-0.13028487631973462,0.9971736308404634,0.8054374672951008,0.7882269819968927,-1.615384615384615,0.0,-3.0,1.1724322978427606,0.5931718403819516,22.0,4.0,28.0,0.0,0.0,0.0,0.0,0.3730453340448638,-1.1205728861762372,0.23227658437161816,-1.162506953927071,0.9177866520943584,0.017146643140130473,0.46940138886340066,-0.8252371327943644,0.4369958301400395,-0.7701771678177814,-0.30121349827965727,-0.47856194073324915,-1.1799335681708047,-0.3754271640360746,-0.4060649102998512,2.339415501129565,-0.3448789073926619,-0.02836080672187135,1.9662215596589678,-0.28536367721290234,-1.260885064086371,-3.862105005940988,7.450814748624538,30.11276996885222,0.3448830230678503,0.6954538238346307,-0.0,0.0,1.1856295716934144,0.6105055727261784,0.824414167986588,0.0,35.70259056067257,,-3.183974085149676,
92315,2,RJ Barrett,1629628,0022300065,2023-10-25,2023-24,NYK,78,4.0,10.0,1,1,1.0,1.0,9.0,,1.0,1.0,0.0,,1.6923076923076923,0.24781781376518205,110.65303643724691,,,0.7253928866832092,0.34405940594059403,0.24781781376518205,110.65303643724691,0.7253928866832092,0.34405940594059403,0.7253928866832092,0.34405940594059403,0.24781781376518205,110.65303643724691,1.6923076923076923,99.15743902439027,0.36709393220616243,,0.5212600633303343,,114.57499999999973,96.5,0.36709393220616243,0.5212600633303343,107.2,,,0.6759579224656819,-0.7405843021899629,1.5753743110633276,2.7084084459655426,2.4113045352589446,7.427884615384614,0.3398332293515787,-0.11151570323167813,0.5953487001460798,-0.5778888480853874,25.0,8.0,33.0,0.0,0.0,0.0,0.0,0.5767144007765348,-0.21973238091935016,0.6186296536624613,1.5163723276507688,0.269982221100168,-0.900131868131868,-0.2407585743890022,0.6002428594547775,0.01478147287256035,-0.7692595214307355,-0.6522425635696566,0.3801860089324713,1.084706063393507,-0.506061321923468,-0.8321022640675287,-2.6417281334027543,-0.30589329006942895,-1.367542373107586,-1.7727942549098044,0.5958048371580584,1.0987848031042313,0.8464264540964194,6.741452531139275,29.852031489450326,0.22714764197748427,-0.34404537453655076,-0.037896741552633464,1.5549071121273117,2.9813265888894804,1.8678908925597022,-0.13732763635137965,10.482332486737125,88.99865521186429,,-0.11623774428634082,
92316,1,De'Andre Hunter,1629631,0022300063,2023-10-25,2023-24,ATL,80,4.0,10.0,1,1,1.0,1.0,9.0,,0.0,1.0,0.0,,1.5147058823529411,0.18693596059113282,112.23940886699503,,,0.7993311036789298,0.35514018691588783,0.18693596059113282,112.23940886699503,0.7993311036789298,0.35514018691588783,0.7993311036789298,0.35514018691588783,0.18693596059113282,112.23940886699503,1.5147058823529411,99.15743902439027,0.36709393220616243,,0.5212600633303343,,114.57499999999973,104.0,0.36709393220616243,0.5212600633303343,105.8,,,-0.3876633476105162,0.4665681826175654,1.101580695902846,0.2692307692307685,-0.30504011918323803,-0.4772663566261592,0.478995056690017,-0.7293439109009344,0.31471498962480426,-0.7138937162718366,15.0,10.0,19.0,0.0,0.0,0.0,0.0,0.31236827869728323,0.005905381604412113,0.20434757715748486,0.3718339587242011,-0.39411349099844595,-0.7897435897435893,0.6155831635430433,-0.3370616580493132,0.06222411249358008,-0.5360183142689976,-1.0989312834875573,2.134701624452205,-0.5036793316624709,-0.5562971157657459,-0.46515708596778566,1.3013568591714182,-0.14791477125789312,0.3402499307493612,2.105119661803525,-0.6838106436283512,-0.4064364831593471,-1.223366165798269,11.31047211095764,28.68863739568081,0.27981793527448146,-0.224673053509704,-0.3493521279485118,0.8632325448119909,2.949841937559346,0.9518365453721683,-0.51461064452263,9.763567623367013,84.62694572121259,,0.6295572510686258,
92317,2,Coby White,1629632,0022300070,2023-10-25,2023-24,CHI,77,4.0,10.0,1,1,1.0,1.0,9.0,,1.0,1.0,0.0,,2.08502024291498,0.1988821138211383,109.56504065040656,,,0.8626943005181347,0.3706647398843931,0.1988821138211383,109.56504065040656,0.8626943005181347,0.3706647398843931,0.8626943005181347,0.3706647398843931,0.1988821138211383,109.56504065040656,2.08502024291498,99.15743902439027,0.36709393220616243,,0.5212600633303343,,114.57499999999973,99.5,0.36709393220616243,0.5212600633303343,105.1,,,0.8719551641661295,-0.42748537163656447,0.718601899427367,-0.11343779229536739,0.5744646953216102,-0.2145432692307685,0.4550830602384314,-2.0940170940170977,0.5250176671647521,-0.4076282718322273,20.0,16.0,26.0,0.0,0.0,0.0,0.0,0.5936660591062312,0.5312434805083484,0.49493607138633816,-0.4400980397565075,-0.054575738070172825,-0.43708052903711986,0.65360516275961,-0.5766184007197699,2.845046097885443,9.700607193204773,0.6064904196044574,1.5783824397471296,-1.2240278837100176,0.05644853485677678,0.8893269515609293,-3.5406434910260454,-0.25224838695821383,-0.3536909799309485,2.4165514920661613,0.5007200327959608,-0.39650324604073134,-4.429697282064193,10.239091845676827,24.064842409807756,0.2428298879706713,-0.2140120443477554,-0.9529517073368879,0.7410397015497461,4.962554202449401,2.338308713102127,-0.7614889595473099,7.5875735654607945,119.42308483207405,,3.373165574428609,
92318,1,Darius Garland,1629636,0022300067,2023-10-25,2023-24,CLE,73,4.0,10.0,1,1,1.0,1.0,9.0,,0.0,1.0,0.0,,2.25,0.24718534482758608,110.76681034482768,,,0.8700947225981055,0.3889304412864622,0.24718534482758608,110.76681034482768,0.8700947225981055,0.3889304412864622,0.8700947225981055,0.3889304412864622,0.24718534482758608,110.76681034482768,2.25,99.15743902439027,0.36709393220616243,,0.5212600633303343,,114.57499999999973,99.5,0.36709393220616243,0.5212600633303343,115.2,,,0.5849158822934681,-0.6301092449464912,-0.14000517388865003,-0.7529885234729065,0.8394744136992809,1.4159544159544175,0.43302553022231466,-0.6690942193900771,0.9499796919779,1.0704601016866344,16.0,7.0,36.0,0.0,0.0,0.0,0.0,0.5345189684195424,-0.48513508029068714,-0.5203985141002213,2.888341346153846,-0.19740326070579006,-0.9146666666666662,0.9098648030809621,1.0203199219662535,-0.5836454779209235,-0.012122091096731772,-0.733707870071953,0.25544725942050844,1.0171176547640406,-0.8549328764100428,0.6462720715821086,-1.6835521800932642,0.15859492336947315,-0.3425859241289679,-1.9312269278490726,-0.31713016916612025,-1.1320143088860777,1.0807906174490942,7.822809661392176,21.865902724499175,0.2609485720129529,1.0169153576749004,-0.28973487912007384,0.7307703914061954,3.6095249095161015,1.2222200196132929,-0.6415716903718726,5.7166776781517274,78.92552055313577,,-0.6934046633748753,
92319,0,Nickeil Alexander-Walker,1629638,0022300069,2023-10-25,2023-24,MIN,77,4.0,10.0,1,1,1.0,1.0,9.0,,0.0,1.0,0.0,,1.2666666666666666,0.20565100671140935,108.57315436241613,,,0.703030303030303,0.357429718875502,0.20565100671140935,108.57315436241613,0.703030303030303,0.357429718875502,0.703030303030303,0.357429718875502,0.20565100671140935,108.57315436241613,1.2666666666666666,99.15743902439027,0.36709393220616243,,0.5212600633303343,,114.57499999999973,101.0,0.36709393220616243,0.5212600633303343,93.1,,,0.40483720323342703,-1.4315499955638376,1.791550914223327,2.6250000000000115,0.8022883956640813,-0.12667970212588933,0.8094931846385934,-0.4038461538461546,-0.39724032606227144,-1.2734772153054719,15.0,8.0,23.0,0.0,0.0,0.0,0.0,0.9294048451754174,0.5281075832576811,-0.15636608597698046,-0.8508145579701971,-0.0363300584636596,0.08454442248806479,0.7318330075238209,1.1367255026025707,0.36318949708297676,-0.7278593497964732,0.24180877322920136,-1.5881867100659064,3.04129541698084,0.5442190964754147,-0.8789572878982338,-0.3667710650150238,-0.3126720758887543,0.016755525704635142,1.607275787741607,-0.0964653161916095,-0.3118231858422,0.5283989469895989,9.706852573492768,22.02297020321017,0.29423764678381653,0.5058765042408191,-0.32691070918097104,0.2705981171913291,1.765260843858969,0.2759361548544255,-0.7614889595473099,2.6266560302409503,38.87628696519972,,-0.4023699643690038,
92320,2,Tyler Herro,1629639,0022300068,2023-10-25,2023-24,MIA,77,4.0,10.0,1,1,1.0,1.0,9.0,,1.0,1.0,0.0,,2.506276150627615,0.2428451882845188,110.66234309623428,,,0.8754045307443366,0.38741077222582737,0.2428451882845188,110.66234309623428,0.8754045307443366,0.38741077222582737,0.8754045307443366,0.38741077222582737,0.2428451882845188,110.66234309623428,2.506276150627615,99.15743902439027,0.36709393220616243,,0.5212600633303343,,114.57499999999973,95.5,0.36709393220616243,0.5212600633303343,108.4,,,-0.14854624783545858,-0.8443121587621523,0.03324961607377169,-0.6479437863159319,0.3654284018000281,-1.1251159388596896,-0.1438454957051988,-0.3633943645708837,-0.5335906695778347,-0.9766453078147529,10.0,4.0,18.0,0.0,0.0,0.0,0.0,0.16289444677909604,-1.2449958994215802,1.3302190543462888,1.3637404230640089,1.2770589130220669,2.8102743314923706,0.8777393915073529,1.7236535390114183,-0.26015284758040463,1.2003402006455854,0.3490313714548254,0.4557158233338131,4.1827600335403865,-0.3200778176531089,-0.26732218964800564,-0.3357267562641531,-0.957589252605804,2.3025073266321545,-0.9112785996759298,-0.3263575216868493,-0.7740943176483305,-0.2774630700584163,9.034743860710782,24.277919846135312,0.1753570234333204,0.5211288237369245,0.052272642508174504,1.4737959546204065,6.853673806377835,3.576773570196533,-0.6415716903718726,13.315368952947102,166.3929433227982,,0.17801245087314746,
92321,1,Keldon Johnson,1629640,0022300073,2023-10-25,2023-24,SAS,77,4.0,10.0,1,1,1.0,1.0,9.0,,1.0,1.0,0.0,,1.6545454545454545,0.2197590909090908,111.25545454545455,,,0.7515605493133583,0.3673890608875129,0.2197590909090908,111.25545454545455,0.7515605493133583,0.3673890608875129,0.7515605493133583,0.3673890608875129,0.2197590909090908,111.25545454545455,1.6545454545454545,99.15743902439027,0.36709393220616243,,0.5212600633303343,,114.57499999999973,107.0,0.36709393220616243,0.5212600633303343,111.2,,,0.2719108415248903,-0.03517038191092052,0.645490531915841,0.22377908385354608,0.3513784378080763,-0.48394787031150616,0.3513784378080763,-0.48394787031150616,0.5612340596099428,0.2770368734289978,17.0,6.0,29.0,0.0,0.0,0.0,0.0,-0.16405525050713696,-0.5828133278787383,0.2488070073807006,0.16499243670501057,0.42313413088104834,-0.13059888758292587,0.4919013353268924,-0.5618267334243668,-0.11994649729455716,-0.9131718335259856,-0.24673211007017629,-0.7035565224533874,1.888074398314933,0.7889917800813748,0.25940819356014216,2.3952113864870266,-0.10885027312638507,0.8460088962383896,-2.1631398212849007,0.08020227898140492,-0.934773482163892,0.3504768077337389,7.073270043429441,23.5799878704372,0.25877458475338283,0.1554825291362023,-0.17004884665060255,1.6690213953371658,3.929419512499045,2.4138955872925143,-0.29459790884494386,11.80543903748118,92.65566444258674,,-0.10324973465701093,
92322,0,Chuma Okeke,1629643,0022300066,2023-10-25,2023-24,ORL,79,4.0,10.0,1,1,1.0,1.0,9.0,,1.0,1.0,0.0,,1.3546099290780143,0.14780851063829778,100.83333333333337,,,0.8015873015873016,0.3241852487135506,0.14780851063829778,100.83333333333337,0.8015873015873016,0.3241852487135506,0.8015873015873016,0.3241852487135506,0.14780851063829778,100.83333333333337,1.3546099290780143,99.15743902439027,0.36709393220616243,,0.5212600633303343,,114.57499999999973,95.5,0.36709393220616243,0.5212600633303343,120.8,,,1.2496474372581,0.2798538964134302,1.407387310294717,1.2637362637362526,1.6871201270131992,2.213719101315275,2.011917047073769,4.866766747982737,0.5265257509444532,-0.6763956280215349,13.0,9.0,25.0,0.0,0.0,0.0,0.0,-0.2506695230281926,0.14771833393219516,-0.4276507118662091,-0.03452661477739018,0.7165072856651408,-0.45333569810524377,1.2472923513258363,3.631468612583832,-0.10832981612603386,-0.5237360869213982,-0.14232226672729256,-0.078867630390537,-2.9100789996338268,-0.1028365698776627,-0.7478074141069766,-0.5532230130583263,-0.5344414071918182,2.156507013120374,1.3383892011480598,-1.2885182895343081,3.3642474267576277,-3.103878039040166,10.626698383756244,25.84664826012989,0.24860366073628673,-0.35613971597958366,9.791530984398237,0.031139744953340584,1.2200868184161737,0.6736062655875638,0.824414167986588,0.330912677366246,31.535154842423808,,-2.558881031087141,
92323,0,Nic Claxton,1629651,0022300067,2023-10-25,2023-24,BKN,83,4.0,10.0,1,1,1.0,1.0,9.0,,1.0,1.0,0.0,,0.011904761904761904,0.15004761904761899,110.57857142857141,,,0.5400943396226415,0.16666666666666666,0.15004761904761899,110.57857142857141,0.5400943396226415,0.16666666666666666,0.5400943396226415,0.16666666666666666,0.15004761904761899,110.57857142857141,0.011904761904761904,99.15743902439027,0.36709393220616243,,0.5212600633303343,,114.57499999999973,99.5,0.36709393220616243,0.5212600633303343,113.0,,,0.23243093405260587,-0.6441974256787046,0.5198974772783527,0.34603223052599946,2.918888460051857,8.388429752066125,0.0,-3.0,0.0,-3.0,11.0,11.0,15.0,0.0,0.0,0.0,0.0,-0.46391016036526117,-0.6097426792898819,-0.09604475257345893,0.2509523864000373,1.1320289732189004,2.007880307704457,-0.5318418202692894,0.564258184996821,0.6124382458863012,-0.45376833261411337,0.018109694954261187,-0.6428151936016221,2.8561339596019564,-1.0054477746503396,1.3586401530475065,1.2465583521411816,-0.46378035120385064,0.07479560377376952,-1.710230684212407,0.1320703127349317,-0.7078172580855372,1.9006845955249054,9.200871962013068,18.9090266043383,0.4446838132322702,-0.0,-0.0,0.0,0.0,0.0,0.0,0.0,0.0,,0.0,
92324,2,Luguentz Dort,1629652,0022300070,2023-10-25,2023-24,OKC,76,4.0,10.0,1,1,1.0,1.0,9.0,,0.0,1.0,0.0,,1.941747572815534,0.1990291262135923,108.70873786407769,,,0.786910197869102,0.336155800169348,0.1990291262135923,108.70873786407769,0.786910197869102,0.336155800169348,0.786910197869102,0.336155800169348,0.1990291262135923,108.70873786407769,1.941747572815534,99.15743902439027,0.36709393220616243,,0.5212600633303343,,114.57499999999973,99.5,0.36709393220616243,0.5212600633303343,124.0,,,0.32996418179336773,1.6762699708543756,1.933963384132305,4.235972144400866,1.3347837313925504,0.4705936156590138,2.1311866119228977,6.311718584445861,-0.46579374730111217,0.1596894260786049,30.0,9.0,30.0,0.0,0.0,0.0,0.0,0.8778415253735163,-0.14077891755823438,0.9250094884193231,1.0865504078468706,0.8616988475350496,0.9319682882380931,-0.19914371893601146,-0.8950087953203081,-0.6319865705206,0.8884867158635052,0.43693688449995705,0.8848368689005125,-4.088999646403135,-1.0224356183507088,1.052983381856842,3.8261242073576254,-0.7762589181540872,0.9562045692539712,-1.0933405192807655,0.1948134394484352,-1.0128600961125405,-0.768527030326136,9.281194342521133,20.317572721383343,0.3721574974775486,-0.07438233617751733,13.451450145395963,1.6221965890999503,4.279111456732346,1.3558905173740354,-0.29459790884494386,15.055921805211538,86.94115820506404,,0.22640645602489443,
92325,0,Daniel Gafford,1629655,0022300064,2023-10-25,2023-24,WAS,82,4.0,10.0,1,1,1.0,1.0,9.0,,0.0,1.0,0.0,,0.0,0.15399047619047623,107.58999999999993,,,0.6688034188034188,0.0,0.15399047619047623,107.58999999999993,0.6688034188034188,0.0,0.6688034188034188,0.0,0.15399047619047623,107.58999999999993,0.0,99.15743902439027,0.36709393220616243,,0.5212600633303343,,114.57499999999973,110.5,0.36709393220616243,0.5212600633303343,109.1,,,0.9146073151475838,0.08189543601686794,0.6559595672968024,-0.6625600961538458,2.542957938634204,7.0673076923076925,0.0,-3.0,0.0,-3.0,15.0,4.0,19.0,0.0,0.0,0.0,0.0,0.22486592087636767,-0.29056531959812065,1.0536566421654392,-0.15494755242475725,0.12951890954217493,-0.6849230769230774,-0.016073722212782287,-1.497829734714537,0.01472302909391346,-0.9244320146504095,-0.7120193039809354,-0.46572796164371344,-5.231112852681077,-0.5454146008596954,0.14900321942061204,-0.8554124730807756,0.7215074861571507,2.6637020515541927,0.7254414632898074,0.7131672542961877,-0.7250332955148833,-1.046692852869529,11.70814509476797,21.547868389432352,0.2562045351833258,-0.0,-0.0,0.0,0.0,0.0,0.0,0.0,0.0,,-0.0,
92326,3,Quentin Grimes,1629656,0022300065,2023-10-25,2023-24,NYK,77,2.0,10.0,1,1,1.0,1.0,9.0,,1.0,1.0,0.0,,2.045045045045045,0.14297297297297296,112.3027027027027,,,0.7777777777777778,0.3819444444444444,0.14297297297297296,112.3027027027027,0.7777777777777778,0.3819444444444444,0.7777777777777778,0.3819444444444444,0.14297297297297296,112.3027027027027,2.045045045045045,99.15743902439027,0.36709393220616243,,0.5212600633303343,,114.57499999999973,96.5,0.36709393220616243,0.5212600633303343,107.2,,,1.3677325828235676,1.9817933545744189,2.4047631387103467,4.349112426035783,1.1763539004879071,-0.734265734265738,0.2557512671470181,-1.4736231078518858,-0.5824831667488727,-0.6253886448544665,25.0,8.0,33.0,0.0,0.0,0.0,0.0,0.5767144007765348,-0.21973238091935016,0.6186296536624613,1.5163723276507688,0.269982221100168,-0.900131868131868,-0.2407585743890022,0.6002428594547775,0.01478147287256035,-0.7692595214307355,-0.6522425635696566,0.3801860089324713,1.084706063393507,-0.506061321923468,-0.8321022640675287,-2.6417281334027543,-0.30589329006942895,-1.367542373107586,-1.7727942549098044,0.5958048371580584,1.0987848031042313,0.8464264540964194,6.741452531139275,29.852031489450326,0.22714764197748427,0.36427835830361577,-0.37688097713024676,2.4610520445153563,6.649497134680258,4.365980517131604,-0.29459790884494386,16.591065534763537,198.5009978534848,,-0.249355463367846,
92327,2,Talen Horton-Tucker,1629659,0022300072,2023-10-25,2023-24,UTA,76,4.0,10.0,1,1,1.0,1.0,9.0,,1.0,1.0,0.0,,0.7814207650273224,0.21232240437158467,106.77267759562844,,,0.7794117647058824,0.2865979381443299,0.21232240437158467,106.77267759562844,0.7794117647058824,0.2865979381443299,0.7794117647058824,0.2865979381443299,0.21232240437158467,106.77267759562844,0.7814207650273224,99.15743902439027,0.36709393220616243,,0.5212600633303343,,114.57499999999973,105.0,0.36709393220616243,0.5212600633303343,108.6,,,1.043709160678445,0.10038402570528258,1.3566027658244832,2.629972311965778,-0.578459336476764,-0.5310087836039398,2.3435306385993258,5.8852511125238385,0.9236864023557063,0.20048248422207995,15.0,7.0,21.0,0.0,0.0,0.0,0.0,0.9150548204236953,0.6528118689495331,-0.14676064296891872,-1.0252594761190392,1.007114406739275,0.5319925262505318,-0.24653149808582894,-0.9395356451209383,-0.19341883275111693,-1.0373926738810144,-0.10534233578697025,-1.32080573670565,2.4514754773442373,0.30442436621422486,-0.8741354164475578,1.120204977404342,0.6284435345852106,2.349635867091488,-1.1522527928189936,-0.5124868868119062,-0.09383225533235581,-0.3441247776349148,5.384726704646099,28.775527975718592,0.3165347246118249,0.1851829445864277,13.792266298050384,0.17965443331540037,3.5153820580192257,0.6540490393296863,0.824414167986588,0.9673900246814983,101.15697475587143,,-0.28370134223745785,
92328,0,Ty Jerome,1629660,0022300067,2023-10-25,2023-24,CLE,77,4.0,10.0,1,1,1.0,1.0,9.0,,0.0,1.0,0.0,,1.1857142857142857,0.17413571428571437,104.39714285714285,,,0.8195488721804511,0.37708830548926014,0.17413571428571437,104.39714285714285,0.8195488721804511,0.37708830548926014,0.8195488721804511,0.37708830548926014,0.17413571428571437,104.39714285714285,1.1857142857142857,99.15743902439027,0.36709393220616243,,0.5212600633303343,,114.57499999999973,99.5,0.36709393220616243,0.5212600633303343,115.2,,,1.1290589822877932,1.728709223983331,0.761068682030047,0.3798375537505967,1.7915509142233272,2.625,1.7915509142233272,2.625,0.8400266999897446,-0.1922036859841085,16.0,7.0,36.0,0.0,0.0,0.0,0.0,0.5345189684195424,-0.48513508029068714,-0.5203985141002213,2.888341346153846,-0.19740326070579006,-0.9146666666666662,0.9098648030809621,1.0203199219662535,-0.5836454779209235,-0.012122091096731772,-0.733707870071953,0.25544725942050844,1.0171176547640406,-0.8549328764100428,0.6462720715821086,-1.6835521800932642,0.15859492336947315,-0.3425859241289679,-1.9312269278490726,-0.31713016916612025,-1.1320143088860777,1.0807906174490942,7.822809661392176,21.865902724499175,0.2609485720129529,-0.16145622806309579,4.702821149836234,0.4112132246715377,1.1500924955474112,0.34407444561812695,-0.29459790884494386,3.2168427868527365,25.147810631816196,,-0.31839865579973886,
92329,1,Cameron Johnson,1629661,0022300067,2023-10-25,2023-24,BKN,80,4.0,10.0,1,1,1.0,1.0,9.0,,1.0,1.0,0.0,,2.2037037037037037,0.17196296296296285,110.2625,,,0.8430232558139535,0.3900169204737733,0.17196296296296285,110.2625,0.8430232558139535,0.3900169204737733,0.8430232558139535,0.3900169204737733,0.17196296296296285,110.2625,2.2037037037037037,99.15743902439027,0.36709393220616243,,0.5212600633303343,,114.57499999999973,99.5,0.36709393220616243,0.5212600633303343,113.0,,,0.44359983743744563,-0.3475768915799955,0.14237767245145816,-0.8488753702073152,-0.27587944369891204,-0.6461538461538459,0.8935875365867503,1.2128434635512337,-0.5664239936286918,0.4302741606689678,11.0,11.0,15.0,0.0,0.0,0.0,0.0,-0.46391016036526117,-0.6097426792898819,-0.09604475257345893,0.2509523864000373,1.1320289732189004,2.007880307704457,-0.5318418202692894,0.564258184996821,0.6124382458863012,-0.45376833261411337,0.018109694954261187,-0.6428151936016221,2.8561339596019564,-1.0054477746503396,1.3586401530475065,1.2465583521411816,-0.46378035120385064,0.07479560377376952,-1.710230684212407,0.1320703127349317,-0.7078172580855372,1.9006845955249054,9.200871962013068,18.9090266043383,0.4446838132322702,-0.24371760844135013,1.083781802860089,2.4813629800838295,3.5503915251590725,2.4042409089214694,-0.005339380832623263,22.8307030710305,67.13444780505014,,-0.01014847889820798,
92330,0,Jalen McDaniels,1629667,0022300069,2023-10-25,2023-24,TOR,81,4.0,10.0,1,1,1.0,1.0,9.0,,1.0,1.0,0.0,,0.8695652173913043,0.16302173913043488,107.65652173913047,,,0.7849462365591398,0.3476297968397291,0.16302173913043488,107.65652173913047,0.7849462365591398,0.3476297968397291,0.7849462365591398,0.3476297968397291,0.16302173913043488,107.65652173913047,0.8695652173913043,99.15743902439027,0.36709393220616243,,0.5212600633303343,,114.57499999999973,101.0,0.36709393220616243,0.5212600633303343,96.0,,,0.9006776642770371,-0.02557997695124014,2.127976931370786,5.487375220199647,0.8022883956640813,-0.12667970212588933,0.43302553022231466,-0.6690942193900771,1.856761297282698,3.5393618482291402,17.0,10.0,25.0,0.0,0.0,0.0,0.0,-1.3616415780772955,3.688423784546648,0.2336739922894341,-0.8559092242698555,0.47490028865694794,-0.6824722990358021,1.065909940078881,1.0630524522303948,-1.1343772024716987,2.860368324856961,2.4926658575367764,7.522782795261717,1.569081946432805,0.4335140265523626,-0.0843706809921565,-4.0185706645438835,0.0272940730349959,0.2898429573120259,-0.5800611964506597,0.8174117859240939,-0.33421863289583686,6.417498851095272,5.269292446731065,22.48024386511156,0.4170328307519485,6.571750096870826,-0.28973487912007384,1.2039532328389766,0.38221341984500057,0.8717218282409768,1.269843310776022,6.343981676015866,8.592250886633883,,8.149217987976138,
92331,1,Jordan Nwora,1629670,0022300064,2023-10-25,2023-24,IND,80,3.0,10.0,1,1,1.0,1.0,9.0,,1.0,1.0,0.0,,1.3897058823529411,0.1899411764705881,108.18235294117642,,,0.7960526315789473,0.4009009009009009,0.1899411764705881,108.18235294117642,0.7960526315789473,0.4009009009009009,0.7960526315789473,0.4009009009009009,0.1899411764705881,108.18235294117642,1.3897058823529411,99.15743902439027,0.36709393220616243,,0.5212600633303343,,114.57499999999973,110.5,0.36709393220616243,0.5212600633303343,128.8,,,0.9726076749799545,0.41939007398098976,0.5318418202692894,-0.6091068022886211,0.5518606681171822,-0.6654516397073513,0.5113220526586807,-0.7359313654209686,-0.42169108972802344,-0.4312336978904494,30.0,12.0,31.0,0.0,0.0,0.0,0.0,0.360775080053254,-0.4158860702515611,-0.15729598080757282,-0.15782018268251435,0.20450283919981885,-0.4955032086916217,-0.7048813442055591,-0.3460130325425111,0.5114912470465601,-0.9174089011550393,-0.6845545526979164,1.7308096806533484,-1.6568637240499489,0.03522493883524229,2.005024872244801,-3.5080802923497094,0.6361047537220524,0.011164164368183585,0.18509910197874113,-0.47101633363854295,0.20612540580232044,3.252326623554589,9.672425592231246,26.928003530830676,0.2741811235905182,0.18184740799086885,-0.3762979363829553,0.8266904343162235,4.102414106377465,2.3248382119116853,-0.6415716903718726,7.996101713733004,110.46982154146194,,-2.0866006895153624,
92332,0,Jordan Poole,1629673,0022300064,2023-10-25,2023-24,WAS,76,4.0,10.0,1,1,1.0,1.0,9.0,,0.0,1.0,0.0,,2.311740890688259,0.25091902834008095,108.28218623481781,,,0.8816964285714286,0.3436928702010969,0.25091902834008095,108.28218623481781,0.8816964285714286,0.3436928702010969,0.8816964285714286,0.3436928702010969,0.25091902834008095,108.28218623481781,2.311740890688259,99.15743902439027,0.36709393220616243,,0.5212600633303343,,114.57499999999973,110.5,0.36709393220616243,0.5212600633303343,109.1,,,0.23318744742698136,-0.2618966479839319,0.5227454006591754,-1.213892471328924,0.9916068834116561,0.392461428443212,-1.1763539004879078,-0.7342657342657333,0.934493045559532,0.018004909742197348,15.0,4.0,19.0,0.0,0.0,0.0,0.0,0.22486592087636767,-0.29056531959812065,1.0536566421654392,-0.15494755242475725,0.12951890954217493,-0.6849230769230774,-0.016073722212782287,-1.497829734714537,0.01472302909391346,-0.9244320146504095,-0.7120193039809354,-0.46572796164371344,-5.231112852681077,-0.5454146008596954,0.14900321942061204,-0.8554124730807756,0.7215074861571507,2.6637020515541927,0.7254414632898074,0.7131672542961877,-0.7250332955148833,-1.046692852869529,11.70814509476797,21.547868389432352,0.2562045351833258,0.01682546294001049,0.8637563604981129,0.9043740407813854,7.144313342935629,3.221389867811843,-0.7351978563373132,10.588542489410065,153.9447236464424,,0.7695263416732644,
92333,0,Naz Reid,1629675,0022300069,2023-10-25,2023-24,MIN,81,4.0,10.0,1,1,1.0,1.0,9.0,,0.0,1.0,0.0,,0.9525862068965517,0.2228706896551724,105.45948275862067,,,0.7122153209109731,0.3464163822525597,0.2228706896551724,105.45948275862067,0.7122153209109731,0.3464163822525597,0.7122153209109731,0.3464163822525597,0.2228706896551724,105.45948275862067,0.9525862068965517,99.15743902439027,0.36709393220616243,,0.5212600633303343,,114.57499999999973,101.0,0.36709393220616243,0.5212600633303343,93.1,,,0.5317722563800963,-0.4804995500835867,0.8072338018873457,0.7533761616284912,1.6720819322526292,0.8974358974359018,2.9338037325764934,9.898489828181551,1.6066937432516748,3.8096930040013897,15.0,8.0,23.0,0.0,0.0,0.0,0.0,0.9294048451754174,0.5281075832576811,-0.15636608597698046,-0.8508145579701971,-0.0363300584636596,0.08454442248806479,0.7318330075238209,1.1367255026025707,0.36318949708297676,-0.7278593497964732,0.24180877322920136,-1.5881867100659064,3.04129541698084,0.5442190964754147,-0.8789572878982338,-0.3667710650150238,-0.3126720758887543,0.016755525704635142,1.607275787741607,-0.0964653161916095,-0.3118231858422,0.5283989469895989,9.706852573492768,22.02297020321017,0.29423764678381653,6.12100991323871,29.04022640478949,0.15605405795852426,3.0288438821485015,0.5336966980638614,-0.7351978563373132,1.5147937340986908,66.70413856673187,,-0.3884777731176467,
92334,2,Matisse Thybulle,1629680,0022300074,2023-10-25,2023-24,POR,77,4.0,10.0,1,1,1.0,1.0,9.0,,0.0,1.0,0.0,,0.7905982905982906,0.09785897435897435,107.90683760683754,,,0.6896551724137931,0.34959349593495936,0.09785897435897435,107.90683760683754,0.6896551724137931,0.34959349593495936,0.6896551724137931,0.34959349593495936,0.09785897435897435,107.90683760683754,0.7905982905982906,99.15743902439027,0.36709393220616243,,0.5212600633303343,,114.57499999999973,99.0,0.36709393220616243,0.5212600633303343,112.1,,,0.6685788168934986,-0.32130421019309896,0.4550830602384218,-2.0940170940172496,2.4047631387103303,4.349112426035515,0.9572548186338673,0.26252742278093094,0.14814875147020806,-0.6755390433857812,21.0,10.0,22.0,0.0,0.0,0.0,0.0,0.006524820408913201,-1.2186735766190826,0.03363787099477455,-0.10166060297622692,0.4860934169571669,0.24539540193293072,-0.10214849012165296,-1.1546656837437963,-0.22096028100999854,-0.0033479992085348478,0.19782667871175277,-0.4520533406356078,1.5208973394625733,0.18155975730621918,-0.9369213963762326,-2.1566535945666785,0.3929544607977359,-0.349987112985455,-1.6611836142588128,-0.20822977888159613,-0.4063885467965655,0.8611197420770604,4.830340402812659,23.580443564055056,0.2682573888908502,-0.1000802658469822,0.25130564048057663,2.5206189499767024,1.054675623304751,0.9732370956922526,1.269843310776022,12.175447554167688,24.869719013722268,,1.0934871442537286,
92335,4,Grant Williams,1629684,0022300073,2023-10-25,2023-24,DAL,78,4.0,10.0,1,1,1.0,1.0,9.0,,0.0,1.0,0.0,,1.145748987854251,0.12470850202429154,110.65303643724698,,,0.7689655172413793,0.39558823529411763,0.12470850202429154,110.65303643724698,0.7689655172413793,0.39558823529411763,0.7689655172413793,0.39558823529411763,0.12470850202429154,110.65303643724698,1.145748987854251,99.15743902439027,0.36709393220616243,,0.5212600633303343,,114.57499999999973,107.0,0.36709393220616243,0.5212600633303343,117.8,,,0.6809641048276762,1.080586080586093,0.3115740720388408,-0.40384615384615163,0.0,-3.0,1.189752219227179,1.2253005097617153,1.2221579230863693,1.1681989067100598,27.0,11.0,36.0,0.0,0.0,0.0,0.0,-0.5542797196787428,-0.4039149229674024,0.020323353503602565,-0.534307677260878,0.5870655388104239,0.30947802197802293,1.9230287160211863,4.090048736443678,-0.19017059489319438,-0.7277740322816201,0.44074214573497544,0.8972822825345081,-4.471792735357913,-0.005327825274195536,-0.16448520407957126,-1.2489582461324222,-0.8271385464592075,0.5197240350314922,-0.11595758196486297,-1.304606128604023,2.1125061311551976,-1.3817730864752216,7.147181721537495,30.047406798497413,0.5360050250790771,1.427723549576534,1.4578040007091946,2.1004905866165267,1.5019975202206342,0.7662621664501784,0.3751551779993052,15.01258792692721,45.131130500403735,,-0.5183793282112611,
92336,4,Anthony Edwards,1630162,0022300069,2023-10-25,2023-24,MIN,76,3.0,10.0,1,1,1.0,1.0,9.0,,0.0,1.0,0.0,,2.6744186046511627,0.2735348837209302,113.19023255813944,,,0.7693110647181628,0.350823672971324,0.2735348837209302,113.19023255813944,0.7693110647181628,0.350823672971324,0.7693110647181628,0.350823672971324,0.2735348837209302,113.19023255813944,2.6744186046511627,99.15743902439027,0.36709393220616243,,0.5212600633303343,,114.57499999999973,101.0,0.36709393220616243,0.5212600633303343,93.1,,,0.6486847170522618,-0.16516734446773285,-0.35977474872826354,-0.9772079772079769,-0.38625794542139563,-0.5184907891558524,-0.31471498962480426,-0.7138937162718366,-0.9241224527057897,-0.03798325774717134,15.0,8.0,23.0,0.0,0.0,0.0,0.0,0.9294048451754174,0.5281075832576811,-0.15636608597698046,-0.8508145579701971,-0.0363300584636596,0.08454442248806479,0.7318330075238209,1.1367255026025707,0.36318949708297676,-0.7278593497964732,0.24180877322920136,-1.5881867100659064,3.04129541698084,0.5442190964754147,-0.8789572878982338,-0.3667710650150238,-0.3126720758887543,0.016755525704635142,1.607275787741607,-0.0964653161916095,-0.3118231858422,0.5283989469895989,9.706852573492768,22.02297020321017,0.29423764678381653,0.03510118131107217,0.224673053509704,1.7054595704900615,3.7152647524459317,1.8145909888365248,-0.29459790884494386,16.554644620799323,81.82116494015376,,-0.15566522481900616,
92337,4,LaMelo Ball,1630163,0022300063,2023-10-25,2023-24,CHA,79,3.0,10.0,1,1,1.0,1.0,9.0,,1.0,1.0,0.0,,2.8322981366459627,0.2678571428571429,111.5329192546583,,,0.8292220113851992,0.3797150041911148,0.2678571428571429,111.5329192546583,0.8292220113851992,0.3797150041911148,0.8292220113851992,0.3797150041911148,0.2678571428571429,111.5329192546583,2.8322981366459627,99.15743902439027,0.36709393220616243,,0.5212600633303343,,114.57499999999973,104.0,0.36709393220616243,0.5212600633303343,111.5,,,0.1932555950714602,0.3039254993001744,-0.05888196497074942,-1.3928571428571423,1.7053360274187175,2.596040336798676,1.5787449373703624,2.0423129682388947,0.5075847456315206,-1.1185698666890453,21.0,13.0,23.0,0.0,0.0,0.0,0.0,-0.6822750486409201,0.7204970892984411,0.4152598317892234,0.1644374712224492,0.3338199358599683,0.38972987014739513,-0.4113751419887806,-0.7114633413461531,0.9280693109945473,1.4152543447662582,0.20402025625970888,-0.8160365014347399,-5.852206653260408,0.12166806939684217,-1.168880319577239,0.28900229061663507,-0.0581390953308635,-1.05307042263626,-0.3103705709054689,-0.38035921342382506,0.2939990476479936,1.5237991093741285,6.772722275300276,22.36287383073628,0.3191683223983078,-0.567769001254443,3.224291259132993,0.9626583738254378,7.414952943359344,3.1630424654692484,-0.7614889595473099,6.519817811911883,165.81965713319164,,-1.1603561983564226,
92338,0,Killian Hayes,1630165,0022300068,2023-10-25,2023-24,DET,77,3.0,10.0,1,1,1.0,1.0,9.0,,0.0,1.0,0.0,,0.8625,0.17889999999999995,103.52562500000002,,,0.803030303030303,0.2754491017964072,0.17889999999999995,103.52562500000002,0.803030303030303,0.2754491017964072,0.803030303030303,0.2754491017964072,0.17889999999999995,103.52562500000002,0.8625,99.15743902439027,0.36709393220616243,,0.5212600633303343,,114.57499999999973,95.5,0.36709393220616243,0.5212600633303343,106.3,,,0.9212883696629411,-0.4986881630480272,0.19795238559718864,-1.3291544458560456,1.5194906958407581,2.308059372599529,0.0,-1.6153846153846154,0.5048552958564565,-0.47379493277234,21.0,6.0,25.0,0.0,0.0,0.0,0.0,0.25825148930089686,-1.28973346661588,0.5047558785701627,0.042299582714735044,0.3165419081034907,1.0519688644688638,1.114497676199658,1.3164531544027256,0.2248741774962994,-1.100150248865052,0.47241682913420796,0.14494856875689466,1.1713941733132942,0.08477523616022661,-1.2120920104365267,-2.8630047661842872,-1.005976359501535,0.5757504298022695,-0.13949694863320744,0.5326509482455439,-1.0699951756266775,0.8951018421771282,11.372671954638186,23.44756927113108,0.25851020111534445,-0.23919788096006964,-0.0,0.2861878607636331,3.2550541406642144,0.76229168078481,-0.7351978563373132,3.2547206578644685,76.32310744450622,,-0.6580769555722047,
92339,0,Deni Avdija,1630166,0022300064,2023-10-25,2023-24,WAS,81,3.0,10.0,1,1,1.0,1.0,9.0,,0.0,1.0,0.0,,0.9714285714285714,0.14748571428571428,109.85190476190479,,,0.7354651162790697,0.3167202572347267,0.14748571428571428,109.85190476190479,0.7354651162790697,0.3167202572347267,0.7354651162790697,0.3167202572347267,0.14748571428571428,109.85190476190479,0.9714285714285714,99.15743902439027,0.36709393220616243,,0.5212600633303343,,114.57499999999973,110.5,0.36709393220616243,0.5212600633303343,109.1,,,0.06879212853725886,-1.5645824047576673,0.8640242181340253,-0.632273151341952,0.4550830602384314,-2.0940170940170977,1.246296288155358,1.6153846153846148,0.024925925763106965,-0.9950769230769229,15.0,4.0,19.0,0.0,0.0,0.0,0.0,0.22486592087636767,-0.29056531959812065,1.0536566421654392,-0.15494755242475725,0.12951890954217493,-0.6849230769230774,-0.016073722212782287,-1.497829734714537,0.01472302909391346,-0.9244320146504095,-0.7120193039809354,-0.46572796164371344,-5.231112852681077,-0.5454146008596954,0.14900321942061204,-0.8554124730807756,0.7215074861571507,2.6637020515541927,0.7254414632898074,0.7131672542961877,-0.7250332955148833,-1.046692852869529,11.70814509476797,21.547868389432352,0.2562045351833258,-0.024803213513196278,2.013247850097116,1.0329550423801792,2.31253893047893,1.9825764194095858,-0.29459790884494386,12.093987512559336,49.83028451939863,,0.3083535256583117,
92340,2,Obi Toppin,1630167,0022300064,2023-10-25,2023-24,IND,81,3.0,10.0,1,1,1.0,1.0,9.0,,1.0,1.0,0.0,,0.839572192513369,0.18582352941176472,110.43957219251341,,,0.7616580310880829,0.3348623853211009,0.18582352941176472,110.43957219251341,0.7616580310880829,0.3348623853211009,0.7616580310880829,0.3348623853211009,0.18582352941176472,110.43957219251341,0.839572192513369,99.15743902439027,0.36709393220616243,,0.5212600633303343,,114.57499999999973,110.5,0.36709393220616243,0.5212600633303343,128.8,,,1.3488304410709537,1.8414796586733009,1.158874329250404,-0.4077110729390792,2.272968452080367,4.784795190200593,0.48536131032170476,0.2230386182400646,0.5479941073364663,-0.3605026290354155,30.0,12.0,31.0,0.0,0.0,0.0,0.0,0.360775080053254,-0.4158860702515611,-0.15729598080757282,-0.15782018268251435,0.20450283919981885,-0.4955032086916217,-0.7048813442055591,-0.3460130325425111,0.5114912470465601,-0.9174089011550393,-0.6845545526979164,1.7308096806533484,-1.6568637240499489,0.03522493883524229,2.005024872244801,-3.5080802923497094,0.6361047537220524,0.011164164368183585,0.18509910197874113,-0.47101633363854295,0.20612540580232044,3.252326623554589,9.672425592231246,26.928003530830676,0.2741811235905182,-0.19755331639071178,0.10825431600134024,2.7247560490342653,3.245429597322167,2.2250520227823483,0.02128755332478359,26.355000141265922,87.3929396557537,,0.06923407642853167,
92341,0,Onyeka Okongwu,1630168,0022300063,2023-10-25,2023-24,ATL,82,3.0,10.0,1,1,1.0,1.0,9.0,,0.0,1.0,0.0,,0.023121387283236993,0.1435755813953489,111.61569767441868,,,0.739612188365651,0.26666666666666666,0.1435755813953489,111.61569767441868,0.739612188365651,0.26666666666666666,0.739612188365651,0.26666666666666666,0.1435755813953489,111.61569767441868,0.023121387283236993,99.15743902439027,0.36709393220616243,,0.5212600633303343,,114.57499999999973,104.0,0.36709393220616243,0.5212600633303343,105.8,,,-0.39238340479848777,-0.9786282761284067,0.8083328816223903,-0.38751567972041173,1.6720819322526292,0.8974358974359018,1.7915509142233272,2.625,3.872983346207248,14.999999999994102,15.0,10.0,19.0,0.0,0.0,0.0,0.0,0.31236827869728323,0.005905381604412113,0.20434757715748486,0.3718339587242011,-0.39411349099844595,-0.7897435897435893,0.6155831635430433,-0.3370616580493132,0.06222411249358008,-0.5360183142689976,-1.0989312834875573,2.134701624452205,-0.5036793316624709,-0.5562971157657459,-0.46515708596778566,1.3013568591714182,-0.14791477125789312,0.3402499307493612,2.105119661803525,-0.6838106436283512,-0.4064364831593471,-1.223366165798269,11.31047211095764,28.68863739568081,0.27981793527448146,58.09475019308588,4.702821149836234,0.05679769425523642,0.0031152488979098183,0.024164784892460545,1.269843310776022,0.6424087368405504,0.08937224602942904,,-1.553483342268642,
92342,2,Tyrese Haliburton,1630169,0022300064,2023-10-25,2023-24,IND,77,3.0,10.0,1,1,1.0,1.0,9.0,,1.0,1.0,0.0,,2.4,0.2039357142857143,113.5,,,0.8625730994152047,0.4130162703379224,0.2039357142857143,113.5,0.8625730994152047,0.4130162703379224,0.8625730994152047,0.4130162703379224,0.2039357142857143,113.5,2.4,99.15743902439027,0.36709393220616243,,0.5212600633303343,,114.57499999999973,110.5,0.36709393220616243,0.5212600633303343,128.8,,,0.3309749376997975,-0.32658288641639516,1.404158857254819,2.1509396094493374,0.65025408476491,-0.32130421019309824,0.6783977720678439,-0.9772079772079773,0.4585221736409499,-0.4585729097935751,30.0,12.0,31.0,0.0,0.0,0.0,0.0,0.360775080053254,-0.4158860702515611,-0.15729598080757282,-0.15782018268251435,0.20450283919981885,-0.4955032086916217,-0.7048813442055591,-0.3460130325425111,0.5114912470465601,-0.9174089011550393,-0.6845545526979164,1.7308096806533484,-1.6568637240499489,0.03522493883524229,2.005024872244801,-3.5080802923497094,0.6361047537220524,0.011164164368183585,0.18509910197874113,-0.47101633363854295,0.20612540580232044,3.252326623554589,9.672425592231246,26.928003530830676,0.2741811235905182,-0.2102658473714053,-0.6629357145848161,0.8279439604070954,4.6932453060862125,2.4717436839065643,-0.6415716903718726,8.008226351574883,126.37972617334403,,-2.0866006895153624,
92343,1,Devin Vassell,1630170,0022300073,2023-10-25,2023-24,SAS,77,3.0,10.0,1,1,1.0,1.0,9.0,,1.0,1.0,0.0,,1.7804878048780488,0.18066463414634135,107.97682926829266,,,0.8137651821862348,0.3736979166666667,0.18066463414634135,107.97682926829266,0.8137651821862348,0.3736979166666667,0.8137651821862348,0.3736979166666667,0.18066463414634135,107.97682926829266,1.7804878048780488,99.15743902439027,0.36709393220616243,,0.5212600633303343,,114.57499999999973,107.0,0.36709393220616243,0.5212600633303343,111.2,,,-0.3391988860339213,-0.17948717948717877,0.7047216960974614,0.08949499254208312,0.4696869133589746,-0.24976119570714106,0.25598422138411814,-0.5048076923076916,0.39335009328355325,1.846019530492141,17.0,6.0,29.0,0.0,0.0,0.0,0.0,-0.16405525050713696,-0.5828133278787383,0.2488070073807006,0.16499243670501057,0.42313413088104834,-0.13059888758292587,0.4919013353268924,-0.5618267334243668,-0.11994649729455716,-0.9131718335259856,-0.24673211007017629,-0.7035565224533874,1.888074398314933,0.7889917800813748,0.25940819356014216,2.3952113864870266,-0.10885027312638507,0.8460088962383896,-2.1631398212849007,0.08020227898140492,-0.934773482163892,0.3504768077337389,7.073270043429441,23.5799878704372,0.25877458475338283,0.7261319545223448,-0.12922280406409792,1.364024325305043,4.909121740305921,1.7327965243158385,-0.51461064452263,9.648112398689216,115.75703109091319,,-0.18035909591809324,
92344,2,Isaac Okoro,1630171,0022300067,2023-10-25,2023-24,CLE,77,3.0,10.0,1,1,1.0,1.0,9.0,,0.0,1.0,0.0,,0.8634146341463415,0.12699512195121962,109.61609756097562,,,0.7475,0.33528265107212474,0.12699512195121962,109.61609756097562,0.7475,0.33528265107212474,0.7475,0.33528265107212474,0.12699512195121962,109.61609756097562,0.8634146341463415,99.15743902439027,0.36709393220616243,,0.5212600633303343,,114.57499999999973,99.5,0.36709393220616243,0.5212600633303343,115.2,,,1.6308945710161746,3.844038375776148,1.791550914223327,2.6250000000000115,3.8729833462074166,14.999999999999995,-0.20614270658746908,-1.2605344707321826,3.872983346207248,14.999999999994102,16.0,7.0,36.0,0.0,0.0,0.0,0.0,0.5345189684195424,-0.48513508029068714,-0.5203985141002213,2.888341346153846,-0.19740326070579006,-0.9146666666666662,0.9098648030809621,1.0203199219662535,-0.5836454779209235,-0.012122091096731772,-0.733707870071953,0.25544725942050844,1.0171176547640406,-0.8549328764100428,0.6462720715821086,-1.6835521800932642,0.15859492336947315,-0.3425859241289679,-1.9312269278490726,-0.31713016916612025,-1.1320143088860777,1.0807906174490942,7.822809661392176,21.865902724499175,0.2609485720129529,58.09475019308588,0.25984998754353494,2.8035657803045835,0.1700868267186675,1.1512961944721047,1.269843310776022,21.93176147251519,3.719102007749131,,1.3724347359172189,
92345,0,Patrick Williams,1630172,0022300070,2023-10-25,2023-24,CHI,79,3.0,10.0,1,1,1.0,1.0,9.0,,1.0,1.0,0.0,,1.0892857142857142,0.1519880952380952,108.3125,,,0.7785977859778598,0.4168618266978923,0.1519880952380952,108.3125,0.7785977859778598,0.4168618266978923,0.7785977859778598,0.4168618266978923,0.1519880952380952,108.3125,1.0892857142857142,99.15743902439027,0.36709393220616243,,0.5212600633303343,,114.57499999999973,99.5,0.36709393220616243,0.5212600633303343,105.1,,,1.1076836438928885,1.9491602983572063,0.9716798608993441,-0.5346779699590346,2.809728607702419,8.822162243214873,0.8094931846385934,-0.4038461538461546,-0.4149625013793662,-0.8424908424908418,20.0,16.0,26.0,0.0,0.0,0.0,0.0,0.5936660591062312,0.5312434805083484,0.49493607138633816,-0.4400980397565075,-0.054575738070172825,-0.43708052903711986,0.65360516275961,-0.5766184007197699,2.845046097885443,9.700607193204773,0.6064904196044574,1.5783824397471296,-1.2240278837100176,0.05644853485677678,0.8893269515609293,-3.5406434910260454,-0.25224838695821383,-0.3536909799309485,2.4165514920661613,0.5007200327959608,-0.39650324604073134,-4.429697282064193,10.239091845676827,24.064842409807756,0.2428298879706713,0.3496021073892093,-0.32691070918097104,1.4923356653634243,2.97631912002793,1.1672656615121713,-0.13732763635137965,15.28016194223534,71.62465058476982,,0.6083198574980063,
92346,0,Precious Achiuwa,1630173,0022300069,2023-10-25,2023-24,TOR,80,3.0,10.0,1,1,1.0,1.0,9.0,,1.0,1.0,0.0,,0.46703296703296704,0.19052197802197793,105.38571428571431,,,0.6054794520547945,0.3228346456692913,0.19052197802197793,105.38571428571431,0.6054794520547945,0.3228346456692913,0.6054794520547945,0.3228346456692913,0.19052197802197793,105.38571428571431,0.46703296703296704,99.15743902439027,0.36709393220616243,,0.5212600633303343,,114.57499999999973,101.0,0.36709393220616243,0.5212600633303343,96.0,,,0.295754379581175,-1.3881572972482064,0.2096236390774482,-1.1183900461871996,1.4073873102947176,1.2637362637362621,-0.4550830602384319,-2.0940170940170932,0.9507802389889648,-0.38954556099244175,17.0,10.0,25.0,0.0,0.0,0.0,0.0,-1.3616415780772955,3.688423784546648,0.2336739922894341,-0.8559092242698555,0.47490028865694794,-0.6824722990358021,1.065909940078881,1.0630524522303948,-1.1343772024716987,2.860368324856961,2.4926658575367764,7.522782795261717,1.569081946432805,0.4335140265523626,-0.0843706809921565,-4.0185706645438835,0.0272940730349959,0.2898429573120259,-0.5800611964506597,0.8174117859240939,-0.33421863289583686,6.417498851095272,5.269292446731065,22.48024386511156,0.4170328307519485,-0.3703722215774841,0.952951707336887,0.9439267386764852,2.1638748223278363,0.98502240690433,-0.29459790884494386,4.973826034375492,48.64443369950471,,-1.8905817415474968,
92347,1,Aaron Nesmith,1630174,0022300064,2023-10-25,2023-24,IND,78,3.0,10.0,1,1,1.0,1.0,9.0,,1.0,1.0,0.0,,1.2285714285714286,0.16379285714285724,108.55785714285719,,,0.828125,0.3557483731019523,0.16379285714285724,108.55785714285719,0.828125,0.3557483731019523,0.828125,0.3557483731019523,0.16379285714285724,108.55785714285719,1.2285714285714286,99.15743902439027,0.36709393220616243,,0.5212600633303343,,114.57499999999973,110.5,0.36709393220616243,0.5212600633303343,128.8,,,0.36554460167467795,-1.0215511641670396,0.40923745230824105,-0.7459715329839696,0.8407206199057432,-0.46984871084594004,1.7922406940254303,3.4210896556575605,0.07702232516232924,-1.0210805865722778,30.0,12.0,31.0,0.0,0.0,0.0,0.0,0.360775080053254,-0.4158860702515611,-0.15729598080757282,-0.15782018268251435,0.20450283919981885,-0.4955032086916217,-0.7048813442055591,-0.3460130325425111,0.5114912470465601,-0.9174089011550393,-0.6845545526979164,1.7308096806533484,-1.6568637240499489,0.03522493883524229,2.005024872244801,-3.5080802923497094,0.6361047537220524,0.011164164368183585,0.18509910197874113,-0.47101633363854295,0.20612540580232044,3.252326623554589,9.672425592231246,26.928003530830676,0.2741811235905182,-0.07864600095591186,6.131416098778927,1.1622447224766757,3.3881891101975037,1.7449975834142004,-0.29459790884494386,11.2417255981191,91.23716832252042,,-0.9581286221799188,
92348,1,Cole Anthony,1630175,0022300066,2023-10-25,2023-24,ORL,74,3.0,10.0,1,1,1.0,1.0,9.0,,1.0,1.0,0.0,,1.543859649122807,0.22978362573099428,106.95497076023393,,,0.8610108303249098,0.34620505992010653,0.22978362573099428,106.95497076023393,0.8610108303249098,0.34620505992010653,0.8610108303249098,0.34620505992010653,0.22978362573099428,106.95497076023393,1.543859649122807,99.15743902439027,0.36709393220616243,,0.5212600633303343,,114.57499999999973,95.5,0.36709393220616243,0.5212600633303343,120.8,,,-0.0238819098667396,-1.5507961426328802,0.5116117587897621,0.1374428348440459,0.8657972657045189,0.7268398092864342,1.6720819322526292,0.8974358974359018,0.5111868035941766,-0.15801436525728207,13.0,9.0,25.0,0.0,0.0,0.0,0.0,-0.2506695230281926,0.14771833393219516,-0.4276507118662091,-0.03452661477739018,0.7165072856651408,-0.45333569810524377,1.2472923513258363,3.631468612583832,-0.10832981612603386,-0.5237360869213982,-0.14232226672729256,-0.078867630390537,-2.9100789996338268,-0.1028365698776627,-0.7478074141069766,-0.5532230130583263,-0.5344414071918182,2.156507013120374,1.3383892011480598,-1.2885182895343081,3.3642474267576277,-3.103878039040166,10.626698383756244,25.84664826012989,0.24860366073628673,-0.08077485829783274,1.5005863494574951,0.02655560085864852,4.72205937606914,2.494241123575688,0.824414167986588,0.2821983607242761,122.04940775670747,,-2.558881031087141,
92349,0,Theo Maledon,1630177,0022300063,2023-10-25,2023-24,CHA,76,3.0,10.0,1,1,1.0,1.0,9.0,,1.0,1.0,0.0,,1.1689189189189189,0.18198648648648635,101.58310810810809,,,0.7878787878787878,0.32879377431906615,0.18198648648648635,101.58310810810809,0.7878787878787878,0.32879377431906615,0.7878787878787878,0.32879377431906615,0.18198648648648635,101.58310810810809,1.1689189189189189,99.15743902439027,0.36709393220616243,,0.5212600633303343,,114.57499999999973,104.0,0.36709393220616243,0.5212600633303343,111.5,,,1.713011599738937,2.83645195022039,0.9525639555961959,0.6569177410580949,0.8407206199057432,-0.46984871084594004,1.6720819322526292,0.8974358974359018,0.6449492453282099,-0.5173805786050689,21.0,13.0,23.0,0.0,0.0,0.0,0.0,-0.6822750486409201,0.7204970892984411,0.4152598317892234,0.1644374712224492,0.3338199358599683,0.38972987014739513,-0.4113751419887806,-0.7114633413461531,0.9280693109945473,1.4152543447662582,0.20402025625970888,-0.8160365014347399,-5.852206653260408,0.12166806939684217,-1.168880319577239,0.28900229061663507,-0.0581390953308635,-1.05307042263626,-0.3103705709054689,-0.38035921342382506,0.2939990476479936,1.5237991093741285,6.772722275300276,22.36287383073628,0.3191683223983078,-0.33368421371881174,1.5005863494574951,0.2357735223804647,2.8582558480596125,0.47013332109270317,-0.7351978563373132,1.5968285869521814,63.91881490612124,,-1.1202938387005663,
92350,1,Saddiq Bey,1630180,0022300063,2023-10-25,2023-24,ATL,79,3.0,10.0,1,1,1.0,1.0,9.0,,0.0,1.0,0.0,,2.351111111111111,0.19425777777777806,107.78888888888892,,,0.8436018957345972,0.36243016759776536,0.19425777777777806,107.78888888888892,0.8436018957345972,0.36243016759776536,0.8436018957345972,0.36243016759776536,0.19425777777777806,107.78888888888892,2.351111111111111,99.15743902439027,0.36709393220616243,,0.5212600633303343,,114.57499999999973,104.0,0.36709393220616243,0.5212600633303343,105.8,,,0.05009000453925671,-1.444472319874816,4.547193224342259e-16,-1.615384615384612,1.3347837313925504,0.4705936156590138,1.4108869345958022,2.5281085744578355,-0.005484392734177919,-0.5184907891558524,15.0,10.0,19.0,0.0,0.0,0.0,0.0,0.31236827869728323,0.005905381604412113,0.20434757715748486,0.3718339587242011,-0.39411349099844595,-0.7897435897435893,0.6155831635430433,-0.3370616580493132,0.06222411249358008,-0.5360183142689976,-1.0989312834875573,2.134701624452205,-0.5036793316624709,-0.5562971157657459,-0.46515708596778566,1.3013568591714182,-0.14791477125789312,0.3402499307493612,2.105119661803525,-0.6838106436283512,-0.4064364831593471,-1.223366165798269,11.31047211095764,28.68863739568081,0.27981793527448146,0.0028436071167845327,3.566875356942179,2.869445115687388,2.5375891552243455,1.2368477837495138,0.3751551779993052,32.45477895490582,72.79997513344324,,-0.45895215168837716,
92351,2,Josh Green,1630182,0022300073,2023-10-25,2023-24,DAL,77,3.0,10.0,1,1,1.0,1.0,9.0,,0.0,1.0,0.0,,0.6805555555555556,0.13155555555555565,107.76736111111107,,,0.7088607594936709,0.38,0.13155555555555565,107.76736111111107,0.7088607594936709,0.38,0.7088607594936709,0.38,0.13155555555555565,107.76736111111107,0.6805555555555556,99.15743902439027,0.36709393220616243,,0.5212600633303343,,114.57499999999973,107.0,0.36709393220616243,0.5212600633303343,117.8,,,0.7028262154032026,-0.2920814983635216,1.4582870415769058,2.03273833346674,1.6458178569951274,1.8291406136396693,0.6759579224656819,-0.5916466296901979,2.3839140642642764,6.885222754635956,27.0,11.0,36.0,0.0,0.0,0.0,0.0,-0.5542797196787428,-0.4039149229674024,0.020323353503602565,-0.534307677260878,0.5870655388104239,0.30947802197802293,1.9230287160211863,4.090048736443678,-0.19017059489319438,-0.7277740322816201,0.44074214573497544,0.8972822825345081,-4.471792735357913,-0.005327825274195536,-0.16448520407957126,-1.2489582461324222,-0.8271385464592075,0.5197240350314922,-0.11595758196486297,-1.304606128604023,2.1125061311551976,-1.3817730864752216,7.147181721537495,30.047406798497413,0.5360050250790771,16.41377936036908,-0.3999282266392088,1.0107392506596127,0.42701950199508937,0.3995846362326111,1.269843310776022,7.223937097554889,12.830828687338228,,-1.754635310870898,
92352,2,Jalen Smith,1630188,0022300064,2023-10-25,2023-24,IND,81,3.0,10.0,1,1,1.0,1.0,9.0,,1.0,1.0,0.0,,0.8411214953271028,0.20338317757009342,108.54018691588792,,,0.7538461538461538,0.31985294117647056,0.20338317757009342,108.54018691588792,0.7538461538461538,0.31985294117647056,0.7538461538461538,0.31985294117647056,0.20338317757009342,108.54018691588792,0.8411214953271028,99.15743902439027,0.36709393220616243,,0.5212600633303343,,114.57499999999973,110.5,0.36709393220616243,0.5212600633303343,128.8,,,0.12338707650484604,-0.923965679834198,0.7145529463707682,-1.0000441959649073,0.8022883956640813,-0.12667970212588933,-0.1489608979310549,-2.307692307692309,-0.009340361800366717,-1.4654143083555147,30.0,12.0,31.0,0.0,0.0,0.0,0.0,0.360775080053254,-0.4158860702515611,-0.15729598080757282,-0.15782018268251435,0.20450283919981885,-0.4955032086916217,-0.7048813442055591,-0.3460130325425111,0.5114912470465601,-0.9174089011550393,-0.6845545526979164,1.7308096806533484,-1.6568637240499489,0.03522493883524229,2.005024872244801,-3.5080802923497094,0.6361047537220524,0.011164164368183585,0.18509910197874113,-0.47101633363854295,0.20612540580232044,3.252326623554589,9.672425592231246,26.928003530830676,0.2741811235905182,0.013687499827474664,0.34375591830243457,0.9050440283402568,0.9798255948563986,0.2800098344448043,0.02128755332478359,8.75397102181436,26.38474707789137,,0.06923407642853167,
92353,2,Isaiah Stewart,1630191,0022300068,2023-10-25,2023-24,DET,80,3.0,10.0,1,1,1.0,1.0,9.0,,0.0,1.0,0.0,,0.5454545454545454,0.1513475935828877,104.72994652406418,,,0.7209302325581395,0.3258785942492013,0.1513475935828877,104.72994652406418,0.7209302325581395,0.3258785942492013,0.7209302325581395,0.3258785942492013,0.1513475935828877,104.72994652406418,0.5454545454545454,99.15743902439027,0.36709393220616243,,0.5212600633303343,,114.57499999999973,95.5,0.36709393220616243,0.5212600633303343,106.3,,,1.0861997094047735,1.0085640581707445,1.0441029313106915,0.49587769150723826,1.6720819322526292,0.8974358974359018,0.7913902786733391,-0.7217508568859913,0.6679139182429586,0.11934683422716774,21.0,6.0,25.0,0.0,0.0,0.0,0.0,0.25825148930089686,-1.28973346661588,0.5047558785701627,0.042299582714735044,0.3165419081034907,1.0519688644688638,1.114497676199658,1.3164531544027256,0.2248741774962994,-1.100150248865052,0.47241682913420796,0.14494856875689466,1.1713941733132942,0.08477523616022661,-1.2120920104365267,-2.8630047661842872,-1.005976359501535,0.5757504298022695,-0.13949694863320744,0.5326509482455439,-1.0699951756266775,0.8951018421771282,11.372671954638186,23.44756927113108,0.25851020111534445,0.07971341167856046,-0.571186611763726,2.987103418079862,3.1373383616318806,0.8540672381295762,0.02128755332478359,33.97134726840071,73.56295856134041,,0.01905452819645764,
92354,5,Immanuel Quickley,1630193,0022300065,2023-10-25,2023-24,NYK,74,3.0,10.0,1,1,1.0,1.0,9.0,,1.0,1.0,0.0,,1.9753694581280787,0.21903448275862059,111.01330049261084,,,0.8597662771285476,0.3676748582230624,0.21903448275862059,111.01330049261084,0.8597662771285476,0.3676748582230624,0.8597662771285476,0.3676748582230624,0.21903448275862059,111.01330049261084,1.9753694581280787,99.15743902439027,0.36709393220616243,,0.5212600633303343,,114.57499999999973,96.5,0.36709393220616243,0.5212600633303343,107.2,,,0.21602048271781688,-1.1159222989978486,-0.159912075350733,-1.0058115590536807,0.1574366901463329,-0.934699671723892,-0.40392214861558656,-0.9522683228297196,1.3801074371986288,2.5010535483508485,25.0,8.0,33.0,0.0,0.0,0.0,0.0,0.5767144007765348,-0.21973238091935016,0.6186296536624613,1.5163723276507688,0.269982221100168,-0.900131868131868,-0.2407585743890022,0.6002428594547775,0.01478147287256035,-0.7692595214307355,-0.6522425635696566,0.3801860089324713,1.084706063393507,-0.506061321923468,-0.8321022640675287,-2.6417281334027543,-0.30589329006942895,-1.367542373107586,-1.7727942549098044,0.5958048371580584,1.0987848031042313,0.8464264540964194,6.741452531139275,29.852031489450326,0.22714764197748427,3.4517226029110266,0.3846422670159414,1.3029866688658767,5.209797934041818,3.4017294967302734,-0.51461064452263,8.784022776866596,155.52305198068962,,-0.4355800630835626,
92355,0,Aleksej Pokusevski,1630197,0022300070,2023-10-25,2023-24,OKC,84,3.0,10.0,1,1,1.0,1.0,9.0,,0.0,1.0,0.0,,1.125925925925926,0.18959999999999996,100.39777777777778,,,0.6929133858267716,0.30620985010706636,0.18959999999999996,100.39777777777778,0.6929133858267716,0.30620985010706636,0.6929133858267716,0.30620985010706636,0.18959999999999996,100.39777777777778,1.125925925925926,99.15743902439027,0.36709393220616243,,0.5212600633303343,,114.57499999999973,99.5,0.36709393220616243,0.5212600633303343,124.0,,,0.853438666360484,-0.6159915035654677,1.6465499253450484,4.02815934065934,1.6871201270131992,2.213719101315275,0.45086262942961725,-1.857440166493236,0.5388982656124729,-0.3851197238238495,30.0,9.0,30.0,0.0,0.0,0.0,0.0,0.8778415253735163,-0.14077891755823438,0.9250094884193231,1.0865504078468706,0.8616988475350496,0.9319682882380931,-0.19914371893601146,-0.8950087953203081,-0.6319865705206,0.8884867158635052,0.43693688449995705,0.8848368689005125,-4.088999646403135,-1.0224356183507088,1.052983381856842,3.8261242073576254,-0.7762589181540872,0.9562045692539712,-1.0933405192807655,0.1948134394484352,-1.0128600961125405,-0.768527030326136,9.281194342521133,20.317572721383343,0.3721574974775486,-0.20754035122182707,-0.8374503574733264,1.6719866724715535,2.0604644040917144,0.6251160081027475,0.02128755332478359,15.518033245313717,41.8636353699552,,-0.016360060139605195,
92356,3,Isaiah Joe,1630198,0022300070,2023-10-25,2023-24,OKC,75,3.0,10.0,1,1,1.0,1.0,9.0,,0.0,1.0,0.0,,1.8,0.1595360000000001,110.07119999999999,,,0.8455882352941176,0.4036885245901639,0.1595360000000001,110.07119999999999,0.8455882352941176,0.4036885245901639,0.8455882352941176,0.4036885245901639,0.1595360000000001,110.07119999999999,1.8,99.15743902439027,0.36709393220616243,,0.5212600633303343,,114.57499999999973,99.5,0.36709393220616243,0.5212600633303343,124.0,,,1.0441029313106924,0.49587769150725136,2.2069086936287605,5.438780154756486,0.07989407072791894,-1.1023702195724876,0.9405460868921031,-0.7852564102564096,0.5397723410876238,-0.17688388978581096,30.0,9.0,30.0,0.0,0.0,0.0,0.0,0.8778415253735163,-0.14077891755823438,0.9250094884193231,1.0865504078468706,0.8616988475350496,0.9319682882380931,-0.19914371893601146,-0.8950087953203081,-0.6319865705206,0.8884867158635052,0.43693688449995705,0.8848368689005125,-4.088999646403135,-1.0224356183507088,1.052983381856842,3.8261242073576254,-0.7762589181540872,0.9562045692539712,-1.0933405192807655,0.1948134394484352,-1.0128600961125405,-0.768527030326136,9.281194342521133,20.317572721383343,0.3721574974775486,-0.09547703129037241,-0.7385698438736059,1.0491414634505027,7.141660251507961,3.4339974085309692,-0.7614889595473099,9.737285815081147,145.10120151142584,,0.5852248487070332,
92357,2,Tre Jones,1630200,0022300073,2023-10-25,2023-24,SAS,73,3.0,10.0,1,1,1.0,1.0,9.0,,1.0,1.0,0.0,,0.6617647058823529,0.1873235294117648,110.55588235294123,,,0.8604651162790697,0.2875816993464052,0.1873235294117648,110.55588235294123,0.8604651162790697,0.2875816993464052,0.8604651162790697,0.2875816993464052,0.1873235294117648,110.55588235294123,0.6617647058823529,99.15743902439027,0.36709393220616243,,0.5212600633303343,,114.57499999999973,107.0,0.36709393220616243,0.5212600633303343,111.2,,,-0.7167191936861013,0.12381333933590301,0.033249616073771235,-0.6479437863159319,1.1588743292504056,-0.4077110729390698,-0.4550830602384319,-2.0940170940170932,3.637754579473804e-15,-1.6153846153846023,17.0,6.0,29.0,0.0,0.0,0.0,0.0,-0.16405525050713696,-0.5828133278787383,0.2488070073807006,0.16499243670501057,0.42313413088104834,-0.13059888758292587,0.4919013353268924,-0.5618267334243668,-0.11994649729455716,-0.9131718335259856,-0.24673211007017629,-0.7035565224533874,1.888074398314933,0.7889917800813748,0.25940819356014216,2.3952113864870266,-0.10885027312638507,0.8460088962383896,-2.1631398212849007,0.08020227898140492,-0.934773482163892,0.3504768077337389,7.073270043429441,23.5799878704372,0.25877458475338283,-5.876372782226867e-15,0.952951707336887,0.29538363569384024,1.368687910140944,0.8851464459491144,-0.6415716903718726,2.0893282216725155,32.273644319537496,,-0.22485599797387265,
92358,0,Payton Pritchard,1630202,0022300065,2023-10-25,2023-24,BOS,73,3.0,10.0,1,1,1.0,1.0,9.0,,0.0,1.0,0.0,,1.5490196078431373,0.17753594771241824,105.8954248366013,,,0.8831168831168831,0.4164989939637827,0.17753594771241824,105.8954248366013,0.8831168831168831,0.4164989939637827,0.8831168831168831,0.4164989939637827,0.17753594771241824,105.8954248366013,1.5490196078431373,99.15743902439027,0.36709393220616243,,0.5212600633303343,,114.57499999999973,96.5,0.36709393220616243,0.5212600633303343,112.5,,,0.40923745230823677,-0.7459715329839867,1.869854198152689,2.3022353161242033,1.6871201270131992,2.213719101315275,1.172432297842763,0.5931718403819581,2.5922538092781817,8.340956361499774,11.0,9.0,30.0,0.0,0.0,0.0,0.0,-0.1341250274017994,-0.9503904674912838,0.9396746450502086,0.7790613952929533,0.2106316201579239,-0.6615626242039883,0.26754530269194526,-1.1202917807305646,1.0841301976891167,2.4629054559644854,-0.2569904110190146,-0.157914499622861,0.660264054548162,-0.15971521405064282,-1.2469167863075052,0.6995610155478222,0.7044772010596769,-0.6694111416158757,-0.7148877042373658,0.4119425354171791,-0.1517367541763056,-0.3799413090421453,8.772985856246011,21.647123008120893,0.21820040692945203,21.621875901120873,0.6954538238346398,0.3691168527340016,2.9872783533366833,1.2722542865038713,-0.7351978563373132,3.238256928337438,64.665981974176,,0.27933203594177786,
92359,0,Nick Richards,1630208,0022300063,2023-10-25,2023-24,CHA,84,3.0,10.0,1,1,1.0,1.0,9.0,,1.0,1.0,0.0,,0.009174311926605505,0.15000000000000005,104.29633027522942,,,0.7381974248927039,1.0,0.15000000000000005,104.29633027522942,0.7381974248927039,1.0,0.7381974248927039,1.0,0.15000000000000005,104.29633027522942,0.009174311926605505,99.15743902439027,0.36709393220616243,,0.5212600633303343,,114.57499999999973,104.0,0.36709393220616243,0.5212600633303343,111.5,,,0.056279716612501945,-1.6960697990874893,1.3202801948447942,0.8076923076923055,2.4047631387103303,4.349112426035515,0.0,-3.0,3.872983346207248,14.999999999994102,21.0,13.0,23.0,0.0,0.0,0.0,0.0,-0.6822750486409201,0.7204970892984411,0.4152598317892234,0.1644374712224492,0.3338199358599683,0.38972987014739513,-0.4113751419887806,-0.7114633413461531,0.9280693109945473,1.4152543447662582,0.20402025625970888,-0.8160365014347399,-5.852206653260408,0.12166806939684217,-1.168880319577239,0.28900229061663507,-0.0581390953308635,-1.05307042263626,-0.3103705709054689,-0.38035921342382506,0.2939990476479936,1.5237991093741285,6.772722275300276,22.36287383073628,0.3191683223983078,58.09475019308588,-0.0,0.0,0.02301874886878753,0.02301874886878753,0.824414167986588,0.0,0.514765376694099,,1.256241574933376,
92360,1,Xavier Tillman,1630214,0022300071,2023-10-25,2023-24,MEM,79,3.0,10.0,1,1,1.0,1.0,9.0,,1.0,1.0,0.0,,0.2088607594936709,0.14567088607594933,106.78417721518981,,,0.5960591133004927,0.28440366972477066,0.14567088607594933,106.78417721518981,0.5960591133004927,0.28440366972477066,0.5960591133004927,0.28440366972477066,0.14567088607594933,106.78417721518981,0.2088607594936709,99.15743902439027,0.36709393220616243,,0.5212600633303343,,114.57499999999973,103.5,0.36709393220616243,0.5212600633303343,100.0,,,0.11252845134595407,-1.1785701849078953,0.990958197774903,1.6749440448851687,2.272968452080367,4.784795190200593,0.0,-3.0,0.0,-3.0,21.0,9.0,34.0,0.0,0.0,0.0,0.0,0.5807066112454882,0.31829158056834433,0.5136395379187086,-0.21192459784236187,0.09329397594116594,-0.935621172107659,0.6334643832331259,-0.0073863036825995414,0.044061465605854604,-1.1264255990581848,-0.39108325586799175,0.08604538829449272,4.855009648806637,-0.8096010038680436,0.8899334545086526,-3.633633699745444,-0.8005999507458954,0.013643858455230301,1.356569877979757,0.0247500308134284,-0.06929788586297092,0.4970886322828334,8.569340103739568,26.99046267841391,0.23414074196858056,-0.0,-0.0,0.0008432061839023417,0.0012648092758535125,0.00042160309195117085,-0.005339380832623263,0.007225720567435538,0.03413778755523595,,-0.002654145515325874,
92361,1,Jared Butler,1630215,0022300064,2023-10-25,2023-24,WAS,75,2.0,10.0,1,1,1.0,1.0,9.0,,0.0,1.0,0.0,,1.1538461538461537,0.23019230769230767,104.31923076923077,,,0.7777777777777778,0.35365853658536583,0.23019230769230767,104.31923076923077,0.7777777777777778,0.35365853658536583,0.7777777777777778,0.35365853658536583,0.23019230769230767,104.31923076923077,1.1538461538461537,99.15743902439027,0.36709393220616243,,0.5212600633303343,,114.57499999999973,110.5,0.36709393220616243,0.5212600633303343,109.1,,,2.5914419402569178,7.1251069723394265,2.0133457355605,5.590659340659343,0.9462118179391504,-1.3393939393939438,1.6720819322526292,0.8974358974359018,0.9612543135781779,-0.08994939714618255,15.0,4.0,19.0,0.0,0.0,0.0,0.0,0.22486592087636767,-0.29056531959812065,1.0536566421654392,-0.15494755242475725,0.12951890954217493,-0.6849230769230774,-0.016073722212782287,-1.497829734714537,0.01472302909391346,-0.9244320146504095,-0.7120193039809354,-0.46572796164371344,-5.231112852681077,-0.5454146008596954,0.14900321942061204,-0.8554124730807756,0.7215074861571507,2.6637020515541927,0.7254414632898074,0.7131672542961877,-0.7250332955148833,-1.046692852869529,11.70814509476797,21.547868389432352,0.2562045351833258,-0.08646424601052463,1.5005863494574951,0.19425161161112808,3.6371576017601734,0.7868134659373217,-0.7351978563373132,2.274326053635602,78.37299331435163,,0.7695263416732644,
92362,5,Desmond Bane,1630217,0022300071,2023-10-25,2023-24,MEM,77,3.0,10.0,1,1,1.0,1.0,9.0,,1.0,1.0,0.0,,2.5323383084577116,0.21033333333333346,113.90049751243781,,,0.882640586797066,0.4284490145672665,0.21033333333333346,113.90049751243781,0.882640586797066,0.4284490145672665,0.882640586797066,0.4284490145672665,0.21033333333333346,113.90049751243781,2.5323383084577116,99.15743902439027,0.36709393220616243,,0.5212600633303343,,114.57499999999973,103.5,0.36709393220616243,0.5212600633303343,100.0,,,0.11433022228428238,-1.3432326864653765,1.274192548650761,1.0429296027076953,1.113853532863381,0.1632004359277069,0.40923745230824105,-0.7459715329839673,0.7336746801136113,0.2106151722417961,21.0,9.0,34.0,0.0,0.0,0.0,0.0,0.5807066112454882,0.31829158056834433,0.5136395379187086,-0.21192459784236187,0.09329397594116594,-0.935621172107659,0.6334643832331259,-0.0073863036825995414,0.044061465605854604,-1.1264255990581848,-0.39108325586799175,0.08604538829449272,4.855009648806637,-0.8096010038680436,0.8899334545086526,-3.633633699745444,-0.8005999507458954,0.013643858455230301,1.356569877979757,0.0247500308134284,-0.06929788586297092,0.4970886322828334,8.569340103739568,26.99046267841391,0.23414074196858056,0.1545230191215729,-0.3052794896528318,0.4836071927496617,6.087288745858221,3.2169796684978884,-0.7351978563373132,4.144194511286587,164.29873970781534,,-0.365458496863986,
92363,0,Jalen Green,1630224,0022300066,2023-10-25,2023-24,HOU,76,2.0,10.0,1,1,1.0,1.0,9.0,,0.0,1.0,0.0,,2.397163120567376,0.25645390070921975,108.19219858156023,,,0.7896995708154506,0.33712512926577043,0.25645390070921975,108.19219858156023,0.7896995708154506,0.33712512926577043,0.7896995708154506,0.33712512926577043,0.25645390070921975,108.19219858156023,2.397163120567376,99.15743902439027,0.36709393220616243,,0.5212600633303343,,114.57499999999973,95.5,0.36709393220616243,0.5212600633303343,90.5,,,0.5756327043747897,-1.1705733108224052,1.136930997938442,1.4847125462551425,0.1411692124774779,3.083995506926821,1.0441029313106924,0.4958776915072448,-0.5873078988622639,-0.7228047706715793,22.0,5.0,29.0,0.0,0.0,0.0,0.0,0.9039961266904983,1.3796669457821475,1.8144230379126718,5.562437286482436,0.2992482666029405,-0.047559056727807594,1.132907371654588,1.9421084219357654,-0.062225180801992463,-0.2848400786045208,0.32749158510274445,0.38468009588355045,2.46079342417169,0.2710770763554326,0.41440642612893697,0.9553949341901842,-0.1335345578772009,-0.32945380999549617,-0.13508518399771435,-0.5464038596221598,0.011553478482821261,1.4241074573946257,8.719063206300108,28.28160026414432,0.20384122874775903,0.4245089511507457,0.5177473512742936,1.1589574985860456,4.635701096683083,1.6372335936034905,-0.51461064452263,10.105023683587198,131.10504536044638,,-0.7328608565193321,
92364,0,KJ Martin,1630231,0022300074,2023-10-25,2023-24,LAC,78,3.0,10.0,1,1,1.0,1.0,9.0,,1.0,1.0,0.0,,0.8059701492537313,0.15735323383084576,108.62189054726367,,,0.6736596736596736,0.3391304347826087,0.15735323383084576,108.62189054726367,0.6736596736596736,0.3391304347826087,0.6736596736596736,0.3391304347826087,0.15735323383084576,108.62189054726367,0.8059701492537313,99.15743902439027,0.36709393220616243,,0.5212600633303343,,114.57499999999973,99.0,0.36709393220616243,0.5212600633303343,124.2,,,-0.20001099513394643,0.48441354563803796,0.8568286981068086,0.15705128205128133,0.0,-3.0,0.8022883956640813,-0.12667970212588933,0.40702028934364143,-0.8819012230251261,19.0,7.0,27.0,0.0,0.0,0.0,0.0,0.14078121781744615,1.572461247076045,0.7968477377525303,-0.3468721576916144,0.587253834352936,-1.2522373510360865,0.2274490725883528,-0.6606923076923084,-1.2216682353586672,2.9917012363932725,-0.12170559112243456,-0.8664745250858866,-6.694296576358237,-0.3609797615125369,-0.9440931544828726,5.646107794222467,-0.04871549737858397,-0.25603125855902803,0.7038930298621846,-0.7748086818116726,0.16510124705177623,-1.8553287444693907,11.57971006666366,28.279522819236853,0.3966358265976225,-0.35895169096819807,-0.10163365498178346,0.8136993833765638,2.1653898269515297,1.2191240176301417,-0.29459790884494386,9.422402940923607,61.236191023819124,,0.5465759683405977,
92365,2,Ayo Dosunmu,1630245,0022300070,2023-10-25,2023-24,CHI,77,2.0,10.0,1,1,1.0,1.0,9.0,,1.0,1.0,0.0,,0.8231292517006803,0.14365986394557828,107.7721088435374,,,0.7467532467532467,0.3353115727002967,0.14365986394557828,107.7721088435374,0.7467532467532467,0.3353115727002967,0.7467532467532467,0.3353115727002967,0.14365986394557828,107.7721088435374,0.8231292517006803,99.15743902439027,0.36709393220616243,,0.5212600633303343,,114.57499999999973,99.5,0.36709393220616243,0.5212600633303343,105.1,,,-0.046479324517557465,-0.7172860811953683,0.5773763165681711,-1.0849311307371987,0.7882269819968927,-1.615384615384615,0.6008235538982033,-1.4943028417150965,0.704936121166442,-0.6365323845932835,20.0,16.0,26.0,0.0,0.0,0.0,0.0,0.5936660591062312,0.5312434805083484,0.49493607138633816,-0.4400980397565075,-0.054575738070172825,-0.43708052903711986,0.65360516275961,-0.5766184007197699,2.845046097885443,9.700607193204773,0.6064904196044574,1.5783824397471296,-1.2240278837100176,0.05644853485677678,0.8893269515609293,-3.5406434910260454,-0.25224838695821383,-0.3536909799309485,2.4165514920661613,0.5007200327959608,-0.39650324604073134,-4.429697282064193,10.239091845676827,24.064842409807756,0.2428298879706713,-0.44871467019201516,-0.8978123439594486,1.2066669079782737,1.08377417205013,0.6670004371416441,0.3751551779993052,12.355173297928411,26.080854658206256,,-1.661823872335831,
92366,1,Jae'Sean Tate,1630256,0022300066,2023-10-25,2023-24,HOU,76,3.0,10.0,1,1,1.0,1.0,9.0,,0.0,1.0,0.0,,0.7344632768361582,0.18032203389830512,106.19774011299431,,,0.7060301507537688,0.30023640661938533,0.18032203389830512,106.19774011299431,0.7060301507537688,0.30023640661938533,0.7060301507537688,0.30023640661938533,0.18032203389830512,106.19774011299431,0.7344632768361582,99.15743902439027,0.36709393220616243,,0.5212600633303343,,114.57499999999973,95.5,0.36709393220616243,0.5212600633303343,90.5,,,0.5011878459163245,-0.24905047361918248,0.26439130944725314,-1.2325960552347568,2.272968452080367,4.784795190200593,1.4073873102947176,1.2637362637362621,0.7186018994273689,-0.11343779229535428,22.0,5.0,29.0,0.0,0.0,0.0,0.0,0.9039961266904983,1.3796669457821475,1.8144230379126718,5.562437286482436,0.2992482666029405,-0.047559056727807594,1.132907371654588,1.9421084219357654,-0.062225180801992463,-0.2848400786045208,0.32749158510274445,0.38468009588355045,2.46079342417169,0.2710770763554326,0.41440642612893697,0.9553949341901842,-0.1335345578772009,-0.32945380999549617,-0.13508518399771435,-0.5464038596221598,0.011553478482821261,1.4241074573946257,8.719063206300108,28.28160026414432,0.20384122874775903,-0.08151661301028894,1.7785663811416739,0.24424164685077998,1.0310127987701607,0.24777849884064101,-0.51461064452263,2.1295583565027805,29.15869184203435,,-0.7328608565193321,
92367,2,Herbert Jones,1630529,0022300071,2023-10-25,2023-24,NOP,79,2.0,10.0,1,1,1.0,1.0,9.0,,0.0,1.0,0.0,,0.7801418439716312,0.13970212765957452,113.7964539007092,,,0.7981072555205048,0.3375,0.13970212765957452,113.7964539007092,0.7981072555205048,0.3375,0.7981072555205048,0.3375,0.13970212765957452,113.7964539007092,0.7801418439716312,99.15743902439027,0.36709393220616243,,0.5212600633303343,,114.57499999999973,103.5,0.36709393220616243,0.5212600633303343,107.8,,,1.4714200925898429,2.142084494841426,0.973099435530245,0.799520852089784,3.872983346207416,15.000000000000009,0.864786747543132,-0.46984871084594293,0.8094931846385923,-0.4038461538461553,22.0,4.0,28.0,0.0,0.0,0.0,0.0,0.3730453340448638,-1.1205728861762372,0.23227658437161816,-1.162506953927071,0.9177866520943584,0.017146643140130473,0.46940138886340066,-0.8252371327943644,0.4369958301400395,-0.7701771678177814,-0.30121349827965727,-0.47856194073324915,-1.1799335681708047,-0.3754271640360746,-0.4060649102998512,2.339415501129565,-0.3448789073926619,-0.02836080672187135,1.9662215596589678,-0.28536367721290234,-1.260885064086371,-3.862105005940988,7.450814748624538,30.11276996885222,0.3448830230678503,-0.32691070918097115,-0.4063189384897965,1.485042458224912,1.3826469866134785,1.8661684214719698,0.3751551779993052,11.064776250075813,41.635330656018375,,-1.448888690955799,
92368,3,Franz Wagner,1630532,0022300066,2023-10-25,2023-24,ORL,82,2.0,10.0,1,1,1.0,1.0,9.0,,1.0,1.0,0.0,,1.4516129032258065,0.22052903225806453,108.49354838709678,,,0.8485981308411215,0.35909822866344604,0.22052903225806453,108.49354838709678,0.8485981308411215,0.35909822866344604,0.8485981308411215,0.35909822866344604,0.22052903225806453,108.49354838709678,1.4516129032258065,99.15743902439027,0.36709393220616243,,0.5212600633303343,,114.57499999999973,95.5,0.36709393220616243,0.5212600633303343,120.8,,,0.05471939725048331,-0.8567169008875718,1.0078242587450832,1.1716480690782713,0.12791724574823116,-1.3476532378292234,0.4325150191747367,-1.5452890304961306,1.1090331161193205,-0.03799696806689795,13.0,9.0,25.0,0.0,0.0,0.0,0.0,-0.2506695230281926,0.14771833393219516,-0.4276507118662091,-0.03452661477739018,0.7165072856651408,-0.45333569810524377,1.2472923513258363,3.631468612583832,-0.10832981612603386,-0.5237360869213982,-0.14232226672729256,-0.078867630390537,-2.9100789996338268,-0.1028365698776627,-0.7478074141069766,-0.5532230130583263,-0.5344414071918182,2.156507013120374,1.3383892011480598,-1.2885182895343081,3.3642474267576277,-3.103878039040166,10.626698383756244,25.84664826012989,0.24860366073628673,-0.04213989589831815,-0.6683607146555443,0.9523463353536855,2.751076028276451,1.1550907402180082,-0.29459790884494386,10.120297262679191,71.10609443973658,,0.914395979610978,
92369,1,Ziaire Williams,1630533,0022300071,2023-10-25,2023-24,MEM,81,2.0,10.0,1,1,1.0,1.0,9.0,,1.0,1.0,0.0,,1.0561797752808988,0.15933707865168545,106.48426966292133,,,0.8059701492537313,0.3108108108108108,0.15933707865168545,106.48426966292133,0.8059701492537313,0.3108108108108108,0.8059701492537313,0.3108108108108108,0.15933707865168545,106.48426966292133,1.0561797752808988,99.15743902439027,0.36709393220616243,,0.5212600633303343,,114.57499999999973,103.5,0.36709393220616243,0.5212600633303343,100.0,,,1.9202815940713776,4.367988782051286,1.3031526141153826,0.9510198942331866,3.0057958707920065,9.858904382029927,0.9405460868921031,-0.7852564102564096,3.1269814924019586,10.988998089662585,21.0,9.0,34.0,0.0,0.0,0.0,0.0,0.5807066112454882,0.31829158056834433,0.5136395379187086,-0.21192459784236187,0.09329397594116594,-0.935621172107659,0.6334643832331259,-0.0073863036825995414,0.044061465605854604,-1.1264255990581848,-0.39108325586799175,0.08604538829449272,4.855009648806637,-0.8096010038680436,0.8899334545086526,-3.633633699745444,-0.8005999507458954,0.013643858455230301,1.356569877979757,0.0247500308134284,-0.06929788586297092,0.4970886322828334,8.569340103739568,26.99046267841391,0.23414074196858056,34.362393646415384,-0.7385698438736059,0.47327734547230843,0.1797922737240134,0.03156134804529175,1.269843310776022,4.055674536747259,4.852676653815162,,0.6312246745671578,
92370,1,Ochai Agbaji,1630534,0022300072,2023-10-25,2023-24,UTA,77,1.0,10.0,1,1,1.0,1.0,9.0,,1.0,1.0,0.0,,1.3559322033898304,0.1355084745762712,110.69661016949154,,,0.8115942028985508,0.3561643835616438,0.1355084745762712,110.69661016949154,0.8115942028985508,0.3561643835616438,0.8115942028985508,0.3561643835616438,0.1355084745762712,110.69661016949154,1.3559322033898304,99.15743902439027,0.36709393220616243,,0.5212600633303343,,114.57499999999973,105.0,0.36709393220616243,0.5212600633303343,108.6,,,0.6792864572719035,-0.7734753676369905,0.5473172873368346,-1.1986161986161972,1.3526146230885958,0.5864019420346537,-0.11815141882120385,-0.4427802820997562,0.4415199196758155,0.7579338314669465,15.0,7.0,21.0,0.0,0.0,0.0,0.0,0.9150548204236953,0.6528118689495331,-0.14676064296891872,-1.0252594761190392,1.007114406739275,0.5319925262505318,-0.24653149808582894,-0.9395356451209383,-0.19341883275111693,-1.0373926738810144,-0.10534233578697025,-1.32080573670565,2.4514754773442373,0.30442436621422486,-0.8741354164475578,1.120204977404342,0.6284435345852106,2.349635867091488,-1.1522527928189936,-0.5124868868119062,-0.09383225533235581,-0.3441247776349148,5.384726704646099,28.775527975718592,0.3165347246118249,0.3346428843888693,0.05231511855613908,1.5810343376415115,4.738978571202689,2.230455062847571,-0.29459790884494386,8.513437818860705,136.3666104519739,,0.1013784398729772,
92371,3,Chris Duarte,1630537,0022300072,2023-10-25,2023-24,SAC,77,2.0,10.0,1,1,1.0,1.0,9.0,,0.0,1.0,0.0,,1.48,0.19899000000000006,106.84899999999996,,,0.8206521739130435,0.35768261964735515,0.19899000000000006,106.84899999999996,0.8206521739130435,0.35768261964735515,0.8206521739130435,0.35768261964735515,0.19899000000000006,106.84899999999996,1.48,99.15743902439027,0.36709393220616243,,0.5212600633303343,,114.57499999999973,105.0,0.36709393220616243,0.5212600633303343,123.8,,,2.7731731790977365,9.338463564010674,1.8208659807065242,2.8953432930705563,0.40923745230824105,-0.7459715329839673,0.2819616996552101,-0.9168956043956044,0.12316046593701434,-1.5548076923076923,34.0,14.0,37.0,0.0,0.0,0.0,0.0,1.1694539832129174,2.9653035356946256,-0.006902535250463186,-1.3100959426220031,1.0720567564159929,0.16284979141353553,0.7803769553276454,1.1077873756331051,0.07256131484469062,-0.3871190749031308,-1.3779690064252073,3.844158705427875,-5.698671535309076,-0.06256549772683846,-0.13941569775210438,1.95274910474277,-0.5086427296228615,-0.5099147517457272,0.7714000751133221,0.1463434918775967,-1.4284417948337857,1.6914036129762287,9.54470256186185,29.239585117975565,0.2732889265216949,-0.1914908398270694,-0.2585294430217758,1.4161444971519919,2.2477923639623656,1.95970086594398,-0.13732763635137965,13.516678009933178,65.7245161536131,,-0.2322764602862092,
92372,3,Bones Hyland,1630538,0022300074,2023-10-25,2023-24,LAC,74,2.0,10.0,1,1,1.0,1.0,9.0,,1.0,1.0,0.0,,1.9583333333333333,0.25283333333333335,110.43666666666667,,,0.8475336322869955,0.365814696485623,0.25283333333333335,110.43666666666667,0.8475336322869955,0.365814696485623,0.8475336322869955,0.365814696485623,0.25283333333333335,110.43666666666667,1.9583333333333333,99.15743902439027,0.36709393220616243,,0.5212600633303343,,114.57499999999973,99.0,0.36709393220616243,0.5212600633303343,124.2,,,1.1750194089630357,1.5932257043368174,0.680964104827678,1.0805860805860805,0.48259024184266824,-1.3635115132833835,0.4047465923192967,-1.4134615384615385,-0.7839638730241263,-0.005589566143200022,19.0,7.0,27.0,0.0,0.0,0.0,0.0,0.14078121781744615,1.572461247076045,0.7968477377525303,-0.3468721576916144,0.587253834352936,-1.2522373510360865,0.2274490725883528,-0.6606923076923084,-1.2216682353586672,2.9917012363932725,-0.12170559112243456,-0.8664745250858866,-6.694296576358237,-0.3609797615125369,-0.9440931544828726,5.646107794222467,-0.04871549737858397,-0.25603125855902803,0.7038930298621846,-0.7748086818116726,0.16510124705177623,-1.8553287444693907,11.57971006666366,28.279522819236853,0.3966358265976225,0.004382017922147617,-0.5720937410666983,1.7349564754658835,5.112818275422659,2.560939806132158,-0.29459790884494386,20.090292964175593,144.5880610904263,,0.5465759683405977,
92373,0,Isaiah Jackson,1630543,0022300064,2023-10-25,2023-24,IND,81,2.0,10.0,1,1,1.0,1.0,9.0,,1.0,1.0,0.0,,0.07368421052631578,0.18152631578947362,105.21684210526314,,,0.6637931034482759,0.28,0.18152631578947362,105.21684210526314,0.6637931034482759,0.28,0.6637931034482759,0.28,0.18152631578947362,105.21684210526314,0.07368421052631578,99.15743902439027,0.36709393220616243,,0.5212600633303343,,114.57499999999973,110.5,0.36709393220616243,0.5212600633303343,128.8,,,-0.22259410813178246,-1.3537403567291744,1.2918440667604683,1.8886576482830368,2.1652838385218067,4.250865051903115,0.0,-3.0,3.8729833462074303,15.000000000000338,30.0,12.0,31.0,0.0,0.0,0.0,0.0,0.360775080053254,-0.4158860702515611,-0.15729598080757282,-0.15782018268251435,0.20450283919981885,-0.4955032086916217,-0.7048813442055591,-0.3460130325425111,0.5114912470465601,-0.9174089011550393,-0.6845545526979164,1.7308096806533484,-1.6568637240499489,0.03522493883524229,2.005024872244801,-3.5080802923497094,0.6361047537220524,0.011164164368183585,0.18509910197874113,-0.47101633363854295,0.20612540580232044,3.252326623554589,9.672425592231246,26.928003530830676,0.2741811235905182,58.09475019311276,-0.0,0.0,0.340173653437335,0.0,0.824414167986588,0.0,9.160197340856127,,2.681264147378385,
92374,0,Tre Mann,1630544,0022300070,2023-10-25,2023-24,OKC,75,2.0,10.0,1,1,1.0,1.0,9.0,,0.0,1.0,0.0,,1.3666666666666667,0.20080000000000003,103.48000000000002,,,0.7936507936507936,0.33264033264033266,0.20080000000000003,103.48000000000002,0.7936507936507936,0.33264033264033266,0.7936507936507936,0.33264033264033266,0.20080000000000003,103.48000000000002,1.3666666666666667,99.15743902439027,0.36709393220616243,,0.5212600633303343,,114.57499999999973,99.5,0.36709393220616243,0.5212600633303343,124.0,,,2.3571319438645757,6.806990905413149,0.5662040178473654,-1.4459132152595704,1.7197900262459362,2.494744318181817,0.1489608979310544,-2.3076923076923084,0.16816127153011826,-0.5463659530312984,30.0,9.0,30.0,0.0,0.0,0.0,0.0,0.8778415253735163,-0.14077891755823438,0.9250094884193231,1.0865504078468706,0.8616988475350496,0.9319682882380931,-0.19914371893601146,-0.8950087953203081,-0.6319865705206,0.8884867158635052,0.43693688449995705,0.8848368689005125,-4.088999646403135,-1.0224356183507088,1.052983381856842,3.8261242073576254,-0.7762589181540872,0.9562045692539712,-1.0933405192807655,0.1948134394484352,-1.0128600961125405,-0.768527030326136,9.281194342521133,20.317572721383343,0.3721574974775486,-0.091877593382508,-0.34375591830243335,0.4311711700152658,2.8906428703086453,0.9084296649342851,-0.7614889595473099,4.001783423803902,58.73084672904418,,0.5852248487070332,
92375,0,Day'Ron Sharpe,1630549,0022300067,2023-10-25,2023-24,BKN,81,2.0,10.0,1,1,1.0,1.0,9.0,,1.0,1.0,0.0,,0.10666666666666667,0.19417333333333334,107.57333333333335,,,0.6145833333333334,0.46153846153846156,0.19417333333333334,107.57333333333335,0.6145833333333334,0.46153846153846156,0.6145833333333334,0.46153846153846156,0.19417333333333334,107.57333333333335,0.10666666666666667,99.15743902439027,0.36709393220616243,,0.5212600633303343,,114.57499999999973,99.5,0.36709393220616243,0.5212600633303343,113.0,,,1.0767717863402726,0.8306082643909025,0.7046144844178179,-0.3339274181021465,0.0,-3.0,0.0,-3.0,1.791550914223356,2.6250000000003157,11.0,11.0,15.0,0.0,0.0,0.0,0.0,-0.46391016036526117,-0.6097426792898819,-0.09604475257345893,0.2509523864000373,1.1320289732189004,2.007880307704457,-0.5318418202692894,0.564258184996821,0.6124382458863012,-0.45376833261411337,0.018109694954261187,-0.6428151936016221,2.8561339596019564,-1.0054477746503396,1.3586401530475065,1.2465583521411816,-0.46378035120385064,0.07479560377376952,-1.710230684212407,0.1320703127349317,-0.7078172580855372,1.9006845955249054,9.200871962013068,18.9090266043383,0.4446838132322702,4.7028211498368755,-0.0,0.0,0.03347611554667822,0.008889727562266496,0.824414167986588,0.0,0.6330007594820414,,1.5669513094245893,
92376,1,Jalen Johnson,1630552,0022300063,2023-10-25,2023-24,ATL,80,2.0,10.0,1,1,1.0,1.0,9.0,,0.0,1.0,0.0,,0.4024390243902439,0.16195121951219513,106.53048780487805,,,0.6265060240963856,0.2916666666666667,0.16195121951219513,106.53048780487805,0.6265060240963856,0.2916666666666667,0.6265060240963856,0.2916666666666667,0.16195121951219513,106.53048780487805,0.4024390243902439,99.15743902439027,0.36709393220616243,,0.5212600633303343,,114.57499999999973,104.0,0.36709393220616243,0.5212600633303343,105.8,,,0.6350598775711557,-0.920752014379475,0.4789950566900173,-0.7293439109009355,2.3079099239152288,4.664319034116895,0.9291279146534654,-0.34900284900284834,2.5086738208566506,7.692162280063966,15.0,10.0,19.0,0.0,0.0,0.0,0.0,0.31236827869728323,0.005905381604412113,0.20434757715748486,0.3718339587242011,-0.39411349099844595,-0.7897435897435893,0.6155831635430433,-0.3370616580493132,0.06222411249358008,-0.5360183142689976,-1.0989312834875573,2.134701624452205,-0.5036793316624709,-0.5562971157657459,-0.46515708596778566,1.3013568591714182,-0.14791477125789312,0.3402499307493612,2.105119661803525,-0.6838106436283512,-0.4064364831593471,-1.223366165798269,11.31047211095764,28.68863739568081,0.27981793527448146,19.297126137777475,-0.32426828930213475,0.6435896987559362,0.7330624634535414,0.13745661740745696,0.02128755332478359,7.279303338678646,21.030563202403165,,-0.026042472490166696,
92377,0,Kessler Edwards,1630556,0022300072,2023-10-25,2023-24,SAC,79,2.0,10.0,1,1,1.0,1.0,9.0,,0.0,1.0,0.0,,0.8441558441558441,0.13629870129870134,109.87142857142855,,,0.7941176470588235,0.3592814371257485,0.13629870129870134,109.87142857142855,0.7941176470588235,0.3592814371257485,0.7941176470588235,0.3592814371257485,0.13629870129870134,109.87142857142855,0.8441558441558441,99.15743902439027,0.36709393220616243,,0.5212600633303343,,114.57499999999973,105.0,0.36709393220616243,0.5212600633303343,123.8,,,0.6231481440776769,-0.17948717948719042,2.4047631387103467,4.349112426035783,2.918888460051857,8.388429752066125,1.2084624374564918,1.0128512000798913,0.7916553620407795,-0.07554945054945013,34.0,14.0,37.0,0.0,0.0,0.0,0.0,1.1694539832129174,2.9653035356946256,-0.006902535250463186,-1.3100959426220031,1.0720567564159929,0.16284979141353553,0.7803769553276454,1.1077873756331051,0.07256131484469062,-0.3871190749031308,-1.3779690064252073,3.844158705427875,-5.698671535309076,-0.06256549772683846,-0.13941569775210438,1.95274910474277,-0.5086427296228615,-0.5099147517457272,0.7714000751133221,0.1463434918775967,-1.4284417948337857,1.6914036129762287,9.54470256186185,29.239585117975565,0.2732889265216949,-0.059809127626706905,1.2239926300292783,1.7177161489453283,0.49655181830912215,0.8882758066006274,1.269843310776022,16.395089727389948,14.518969156935114,,2.1478175637602597,
92378,1,Corey Kispert,1630557,0022300064,2023-10-25,2023-24,WAS,78,2.0,10.0,1,1,1.0,1.0,9.0,,0.0,1.0,0.0,,1.8493150684931507,0.13984246575342463,112.33219178082194,,,0.8571428571428571,0.39263803680981596,0.13984246575342463,112.33219178082194,0.8571428571428571,0.39263803680981596,0.8571428571428571,0.39263803680981596,0.13984246575342463,112.33219178082194,1.8493150684931507,99.15743902439027,0.36709393220616243,,0.5212600633303343,,114.57499999999973,110.5,0.36709393220616243,0.5212600633303343,109.1,,,0.381331953834083,-0.7212033620385421,0.8373553186043811,-0.025240384615383887,1.7915509142233272,2.625,0.5783500178824822,-0.005589566143199293,0.7824038978434475,1.039406016001443,15.0,4.0,19.0,0.0,0.0,0.0,0.0,0.22486592087636767,-0.29056531959812065,1.0536566421654392,-0.15494755242475725,0.12951890954217493,-0.6849230769230774,-0.016073722212782287,-1.497829734714537,0.01472302909391346,-0.9244320146504095,-0.7120193039809354,-0.46572796164371344,-5.231112852681077,-0.5454146008596954,0.14900321942061204,-0.8554124730807756,0.7215074861571507,2.6637020515541927,0.7254414632898074,0.7131672542961877,-0.7250332955148833,-1.046692852869529,11.70814509476797,21.547868389432352,0.2562045351833258,0.8132353183614577,-0.0032327256788746285,1.1778517953307532,7.533003677258705,4.470363509797825,-0.7614889595473099,13.790459719865405,162.32017181468052,,0.7970450514972232,
92379,0,Davion Mitchell,1630558,0022300072,2023-10-25,2023-24,SAC,72,2.0,10.0,1,1,1.0,1.0,9.0,,0.0,1.0,0.0,,1.0620689655172413,0.16895172413793103,108.9,,,0.7090909090909091,0.32062780269058294,0.16895172413793103,108.9,0.7090909090909091,0.32062780269058294,0.7090909090909091,0.32062780269058294,0.16895172413793103,108.9,1.0620689655172413,99.15743902439027,0.36709393220616243,,0.5212600633303343,,114.57499999999973,105.0,0.36709393220616243,0.5212600633303343,123.8,,,1.2048632677010491,1.800182066454255,2.046206500605184,3.646296884933249,0.8587743023032622,0.6678716880977458,2.272968452080367,4.784795190200593,0.8243535676158696,-0.4047475003474578,34.0,14.0,37.0,0.0,0.0,0.0,0.0,1.1694539832129174,2.9653035356946256,-0.006902535250463186,-1.3100959426220031,1.0720567564159929,0.16284979141353553,0.7803769553276454,1.1077873756331051,0.07256131484469062,-0.3871190749031308,-1.3779690064252073,3.844158705427875,-5.698671535309076,-0.06256549772683846,-0.13941569775210438,1.95274910474277,-0.5086427296228615,-0.5099147517457272,0.7714000751133221,0.1463434918775967,-1.4284417948337857,1.6914036129762287,9.54470256186185,29.239585117975565,0.2732889265216949,-0.3336550458950323,10.875688516991827,0.006652100887770808,1.6400339431586684,0.09959952716230554,0.824414167986588,0.06349232438526951,47.95391207735698,,1.3944171023213063,
92380,2,Cam Thomas,1630560,0022300067,2023-10-25,2023-24,BKN,75,2.0,10.0,1,1,1.0,1.0,9.0,,1.0,1.0,0.0,,0.8738738738738738,0.22967567567567565,107.55585585585591,,,0.8571428571428571,0.31448763250883394,0.22967567567567565,107.55585585585591,0.8571428571428571,0.31448763250883394,0.8571428571428571,0.31448763250883394,0.22967567567567565,107.55585585585591,0.8738738738738738,99.15743902439027,0.36709393220616243,,0.5212600633303343,,114.57499999999973,99.5,0.36709393220616243,0.5212600633303343,113.0,,,2.3215906498364505,5.978079072187495,1.2325726562132004,0.6550778686220564,0.8351217231624615,-0.4856840003451103,0.4550830602384314,-2.0940170940170977,1.2015597465788905,1.13933775439679,11.0,11.0,15.0,0.0,0.0,0.0,0.0,-0.46391016036526117,-0.6097426792898819,-0.09604475257345893,0.2509523864000373,1.1320289732189004,2.007880307704457,-0.5318418202692894,0.564258184996821,0.6124382458863012,-0.45376833261411337,0.018109694954261187,-0.6428151936016221,2.8561339596019564,-1.0054477746503396,1.3586401530475065,1.2465583521411816,-0.46378035120385064,0.07479560377376952,-1.710230684212407,0.1320703127349317,-0.7078172580855372,1.9006845955249054,9.200871962013068,18.9090266043383,0.4446838132322702,1.3689823834407693,-0.9529517073368879,0.5327135140049475,1.660393013127222,0.2480085316746436,-0.51461064452263,4.901428834793577,31.396415658880073,,-0.9781125247373058,
92381,1,Scottie Barnes,1630567,0022300069,2023-10-25,2023-24,TOR,79,2.0,10.0,1,1,1.0,1.0,9.0,,1.0,1.0,0.0,,0.7814569536423841,0.19342384105960264,112.14304635761586,,,0.754880694143167,0.29207920792079206,0.19342384105960264,112.14304635761586,0.754880694143167,0.29207920792079206,0.754880694143167,0.29207920792079206,0.19342384105960264,112.14304635761586,0.7814569536423841,99.15743902439027,0.36709393220616243,,0.5212600633303343,,114.57499999999973,101.0,0.36709393220616243,0.5212600633303343,96.0,,,0.5362603114295759,-0.9742709381105178,0.14660885753242447,-1.0724319194895686,0.4256025655172982,0.28351648351648334,1.458447871181912,2.006654245408571,0.9709853148002824,1.4253393665158371,17.0,10.0,25.0,0.0,0.0,0.0,0.0,-1.3616415780772955,3.688423784546648,0.2336739922894341,-0.8559092242698555,0.47490028865694794,-0.6824722990358021,1.065909940078881,1.0630524522303948,-1.1343772024716987,2.860368324856961,2.4926658575367764,7.522782795261717,1.569081946432805,0.4335140265523626,-0.0843706809921565,-4.0185706645438835,0.0272940730349959,0.2898429573120259,-0.5800611964506597,0.8174117859240939,-0.33421863289583686,6.417498851095272,5.269292446731065,22.48024386511156,0.4170328307519485,1.383983593493615,2.9266006124142763,0.05088841295211038,2.14249340605925,0.01934709424015718,0.824414167986588,0.2681459299946865,48.16377424760543,,5.290676975880593,
92382,0,Sam Hauser,1630573,0022300065,2023-10-25,2023-24,BOS,79,2.0,10.0,1,1,1.0,1.0,9.0,,0.0,1.0,0.0,,1.6041666666666667,0.1380625,111.74479166666661,,,0.7058823529411765,0.41139240506329117,0.1380625,111.74479166666661,0.7058823529411765,0.41139240506329117,0.7058823529411765,0.41139240506329117,0.1380625,111.74479166666661,1.6041666666666667,99.15743902439027,0.36709393220616243,,0.5212600633303343,,114.57499999999973,96.5,0.36709393220616243,0.5212600633303343,112.5,,,2.6401944949477034,8.17250796540736,2.4047631387103467,4.349112426035783,3.741657386773938,14.0,0.65025408476491,-0.32130421019309824,1.0540680952925356,0.7378728626700513,11.0,9.0,30.0,0.0,0.0,0.0,0.0,-0.1341250274017994,-0.9503904674912838,0.9396746450502086,0.7790613952929533,0.2106316201579239,-0.6615626242039883,0.26754530269194526,-1.1202917807305646,1.0841301976891167,2.4629054559644854,-0.2569904110190146,-0.157914499622861,0.660264054548162,-0.15971521405064282,-1.2469167863075052,0.6995610155478222,0.7044772010596769,-0.6694111416158757,-0.7148877042373658,0.4119425354171791,-0.1517367541763056,-0.3799413090421453,8.772985856246011,21.647123008120893,0.21820040692945203,0.7777682429226717,-0.20892937513022536,0.8298127866820746,2.604468863108915,1.2432537555216283,-0.51461064452263,7.279935840893929,56.37925785053945,,0.19552184192695013,
92383,0,Alperen Sengun,1630578,0022300066,2023-10-25,2023-24,HOU,83,2.0,10.0,1,1,1.0,1.0,9.0,,0.0,1.0,0.0,,0.3287671232876712,0.21432876712328763,108.75273972602733,,,0.7137330754352031,0.3,0.21432876712328763,108.75273972602733,0.7137330754352031,0.3,0.7137330754352031,0.3,0.21432876712328763,108.75273972602733,0.3287671232876712,99.15743902439027,0.36709393220616243,,0.5212600633303343,,114.57499999999973,95.5,0.36709393220616243,0.5212600633303343,90.5,,,0.050361645477493375,-1.773461995068644,1.4957298468339226,3.3427618058471205,0.7882269819968927,-1.615384615384615,0.0,-3.0,1.6840317574463965,3.3291224011445637,22.0,5.0,29.0,0.0,0.0,0.0,0.0,0.9039961266904983,1.3796669457821475,1.8144230379126718,5.562437286482436,0.2992482666029405,-0.047559056727807594,1.132907371654588,1.9421084219357654,-0.062225180801992463,-0.2848400786045208,0.32749158510274445,0.38468009588355045,2.46079342417169,0.2710770763554326,0.41440642612893697,0.9553949341901842,-0.1335345578772009,-0.32945380999549617,-0.13508518399771435,-0.5464038596221598,0.011553478482821261,1.4241074573946257,8.719063206300108,28.28160026414432,0.20384122874775903,5.606347847953647,-0.0,0.0,0.651432471409529,0.48551067706606654,0.824414167986588,0.0,18.423552755487922,,1.1740543646114856,
92384,2,Josh Giddey,1630581,0022300070,2023-10-25,2023-24,OKC,80,2.0,10.0,1,1,1.0,1.0,9.0,,0.0,1.0,0.0,,1.0232558139534884,0.23120155038759688,106.92248062015508,,,0.7207207207207207,0.296127562642369,0.23120155038759688,106.92248062015508,0.7207207207207207,0.296127562642369,0.7207207207207207,0.296127562642369,0.23120155038759688,106.92248062015508,1.0232558139534884,99.15743902439027,0.36709393220616243,,0.5212600633303343,,114.57499999999973,99.5,0.36709393220616243,0.5212600633303343,124.0,,,0.49556444325308463,-0.28402815095854406,0.8077846312118068,-0.1794871794871846,0.6783977720678439,-0.9772079772079773,2.272968452080367,4.784795190200593,-0.22534144097005876,-0.8812926718252163,30.0,9.0,30.0,0.0,0.0,0.0,0.0,0.8778415253735163,-0.14077891755823438,0.9250094884193231,1.0865504078468706,0.8616988475350496,0.9319682882380931,-0.19914371893601146,-0.8950087953203081,-0.6319865705206,0.8884867158635052,0.43693688449995705,0.8848368689005125,-4.088999646403135,-1.0224356183507088,1.052983381856842,3.8261242073576254,-0.7762589181540872,0.9562045692539712,-1.0933405192807655,0.1948134394484352,-1.0128600961125405,-0.768527030326136,9.281194342521133,20.317572721383343,0.3721574974775486,0.19859176058544734,10.875688516991827,0.039954997809418184,4.448402183138854,2.0817917020950523,0.824414167986588,0.3708300996242163,90.38073484988409,,-0.6335845722815246,
92385,2,Jalen Suggs,1630591,0022300066,2023-10-25,2023-24,ORL,77,2.0,10.0,1,1,1.0,1.0,9.0,,1.0,1.0,0.0,,1.0606060606060606,0.21661616161616168,104.32626262626262,,,0.7535714285714286,0.2734375,0.21661616161616168,104.32626262626262,0.7535714285714286,0.2734375,0.7535714285714286,0.2734375,0.21661616161616168,104.32626262626262,1.0606060606060606,99.15743902439027,0.36709393220616243,,0.5212600633303343,,114.57499999999973,95.5,0.36709393220616243,0.5212600633303343,120.8,,,1.0651601678416094,0.5404988687273268,1.6134459753416384,3.364137951903691,1.1027465756645771,-0.29009742620328527,0.1489608979310544,-2.3076923076923084,0.5500408124691145,0.24862425774018776,13.0,9.0,25.0,0.0,0.0,0.0,0.0,-0.2506695230281926,0.14771833393219516,-0.4276507118662091,-0.03452661477739018,0.7165072856651408,-0.45333569810524377,1.2472923513258363,3.631468612583832,-0.10832981612603386,-0.5237360869213982,-0.14232226672729256,-0.078867630390537,-2.9100789996338268,-0.1028365698776627,-0.7478074141069766,-0.5532230130583263,-0.5344414071918182,2.156507013120374,1.3383892011480598,-1.2885182895343081,3.3642474267576277,-3.103878039040166,10.626698383756244,25.84664826012989,0.24860366073628673,0.1367534887269434,-0.34375591830243335,0.3279814028613986,3.5410924726869175,0.7236434736059896,-0.7351978563373132,3.48535944368933,91.52537159813237,,2.281964480634793,
92386,4,Cade Cunningham,1630595,0022300068,2023-10-25,2023-24,DET,78,2.0,10.0,1,1,1.0,1.0,9.0,,0.0,1.0,0.0,,1.7567567567567568,0.27294594594594596,106.94594594594595,,,0.8454106280193237,0.3121951219512195,0.27294594594594596,106.94594594594595,0.8454106280193237,0.3121951219512195,0.8454106280193237,0.3121951219512195,0.27294594594594596,106.94594594594595,1.7567567567567568,99.15743902439027,0.36709393220616243,,0.5212600633303343,,114.57499999999973,95.5,0.36709393220616243,0.5212600633303343,106.3,,,-0.7410076499707946,-0.7766537775711373,0.42739404650731,-0.3903362368731335,0.36553290091625584,-1.0380160380160384,1.0742510779389236,-0.1056434647397792,0.5970485100883667,-0.6717446000130517,21.0,6.0,25.0,0.0,0.0,0.0,0.0,0.25825148930089686,-1.28973346661588,0.5047558785701627,0.042299582714735044,0.3165419081034907,1.0519688644688638,1.114497676199658,1.3164531544027256,0.2248741774962994,-1.100150248865052,0.47241682913420796,0.14494856875689466,1.1713941733132942,0.08477523616022661,-1.2120920104365267,-2.8630047661842872,-1.005976359501535,0.5757504298022695,-0.13949694863320744,0.5326509482455439,-1.0699951756266775,0.8951018421771282,11.372671954638186,23.44756927113108,0.25851020111534445,-0.4010641125976983,-0.11348760587391048,0.07843613438703388,2.944303019423547,0.6684044981368036,0.824414167986588,0.892028425773652,69.03674900313402,,0.7379346404817193,
92387,0,Evan Mobley,1630596,0022300067,2023-10-25,2023-24,CLE,83,2.0,10.0,1,1,1.0,1.0,9.0,,0.0,1.0,0.0,,0.30405405405405406,0.20085135135135126,112.05810810810813,,,0.6690647482014388,0.23316062176165803,0.20085135135135126,112.05810810810813,0.6690647482014388,0.23316062176165803,0.6690647482014388,0.23316062176165803,0.20085135135135126,112.05810810810813,0.30405405405405406,99.15743902439027,0.36709393220616243,,0.5212600633303343,,114.57499999999973,99.5,0.36709393220616243,0.5212600633303343,115.2,,,0.7659380359883463,0.13089277586319215,0.8690391729497765,-0.41409730002492806,0.623148144077679,-0.1794871794871795,0.5547871557170474,-1.1317408365748753,2.542957938634213,7.0673076923078275,16.0,7.0,36.0,0.0,0.0,0.0,0.0,0.5345189684195424,-0.48513508029068714,-0.5203985141002213,2.888341346153846,-0.19740326070579006,-0.9146666666666662,0.9098648030809621,1.0203199219662535,-0.5836454779209235,-0.012122091096731772,-0.733707870071953,0.25544725942050844,1.0171176547640406,-0.8549328764100428,0.6462720715821086,-1.6835521800932642,0.15859492336947315,-0.3425859241289679,-1.9312269278490726,-0.31713016916612025,-1.1320143088860777,1.0807906174490942,7.822809661392176,21.865902724499175,0.2609485720129529,17.97186620092483,-0.6278752797322068,0.8203514842643347,0.19425161161112808,0.17434811164025035,1.269843310776022,6.417453516840449,4.247486843566121,,1.3724347359172189,
92388,0,Aaron Wiggins,1630598,0022300070,2023-10-25,2023-24,OKC,77,2.0,10.0,1,1,1.0,1.0,9.0,,0.0,1.0,0.0,,0.7606837606837606,0.14620512820512815,106.2145299145299,,,0.7756410256410257,0.344,0.14620512820512815,106.2145299145299,0.7756410256410257,0.344,0.7756410256410257,0.344,0.14620512820512815,106.2145299145299,0.7606837606837606,99.15743902439027,0.36709393220616243,,0.5212600633303343,,114.57499999999973,99.5,0.36709393220616243,0.5212600633303343,124.0,,,0.06966222258316826,-0.8659208045807597,0.9916068834116566,0.392461428443212,3.8729833462074166,14.999999999999995,0.4550830602384314,-2.0940170940170977,0.4944438487471207,-1.3464269107500035,30.0,9.0,30.0,0.0,0.0,0.0,0.0,0.8778415253735163,-0.14077891755823438,0.9250094884193231,1.0865504078468706,0.8616988475350496,0.9319682882380931,-0.19914371893601146,-0.8950087953203081,-0.6319865705206,0.8884867158635052,0.43693688449995705,0.8848368689005125,-4.088999646403135,-1.0224356183507088,1.052983381856842,3.8261242073576254,-0.7762589181540872,0.9562045692539712,-1.0933405192807655,0.1948134394484352,-1.0128600961125405,-0.768527030326136,9.281194342521133,20.317572721383343,0.3721574974775486,-0.6657325038079277,-0.9529517073368879,0.24538768287445306,1.2545168745740658,0.7160429936583649,-0.6415716903718726,2.2774907740187436,25.488737829361128,,0.49306518594281445,
92389,0,Eugene Omoruyi,1630647,0022300064,2023-10-25,2023-24,WAS,78,2.0,10.0,1,1,1.0,1.0,9.0,,0.0,1.0,0.0,,0.5909090909090909,0.19822727272727272,106.8522727272727,,,0.6708860759493671,0.29213483146067415,0.19822727272727272,106.8522727272727,0.6708860759493671,0.29213483146067415,0.6708860759493671,0.29213483146067415,0.19822727272727272,106.8522727272727,0.5909090909090909,99.15743902439027,0.36709393220616243,,0.5212600633303343,,114.57499999999973,110.5,0.36709393220616243,0.5212600633303343,109.1,,,0.46154812505466314,-0.2791612141261813,0.3513784378080765,-0.4839478703115076,2.272968452080367,4.784795190200593,-0.029812524592597173,-0.20989425175102822,2.0400358625872057,6.071712112245043,15.0,4.0,19.0,0.0,0.0,0.0,0.0,0.22486592087636767,-0.29056531959812065,1.0536566421654392,-0.15494755242475725,0.12951890954217493,-0.6849230769230774,-0.016073722212782287,-1.497829734714537,0.01472302909391346,-0.9244320146504095,-0.7120193039809354,-0.46572796164371344,-5.231112852681077,-0.5454146008596954,0.14900321942061204,-0.8554124730807756,0.7215074861571507,2.6637020515541927,0.7254414632898074,0.7131672542961877,-0.7250332955148833,-1.046692852869529,11.70814509476797,21.547868389432352,0.2562045351833258,12.386510456285002,0.0062574775421723105,1.4662598353722867,1.4232097921795142,0.5019046938815277,0.3751551779993052,17.16718289916933,30.66713729243554,,-0.3926722435288687,
92390,0,Dru Smith,1630696,0022300068,2023-10-25,2023-24,MIA,74,1.0,10.0,1,1,1.0,1.0,9.0,,1.0,1.0,0.0,,0.3333333333333333,0.133,98.97999999999999,,,1.0,0.3125,0.133,98.97999999999999,1.0,0.3125,1.0,0.3125,0.133,98.97999999999999,0.3333333333333333,99.15743902439027,0.36709393220616243,,0.5212600633303343,,114.57499999999973,95.5,0.36709393220616243,0.5212600633303343,108.4,,,1.0731121551869431,0.3665219808091045,1.2362425098145982,1.6565128094260082,1.1763539004879071,-0.734265734265738,2.2532965420430466,5.776159475727876,0.950674045467922,0.33957060191445715,10.0,4.0,18.0,0.0,0.0,0.0,0.0,0.16289444677909604,-1.2449958994215802,1.3302190543462888,1.3637404230640089,1.2770589130220669,2.8102743314923706,0.8777393915073529,1.7236535390114183,-0.26015284758040463,1.2003402006455854,0.3490313714548254,0.4557158233338131,4.1827600335403865,-0.3200778176531089,-0.26732218964800564,-0.3357267562641531,-0.957589252605804,2.3025073266321545,-0.9112785996759298,-0.3263575216868493,-0.7740943176483305,-0.2774630700584163,9.034743860710782,24.277919846135312,0.1753570234333204,0.3228209578439943,13.0154001729468,1.151580964766553,1.1318994542869565,0.8662350665545117,0.3751551779993052,10.404239051536013,27.48016422506303,,-0.10409170743599885,
92391,0,Dyson Daniels,1630700,0022300071,2023-10-25,2023-24,NOP,79,1.0,10.0,1,1,1.0,1.0,9.0,,0.0,1.0,0.0,,0.4576271186440678,0.12652542372881354,104.8050847457627,,,0.65,0.31645569620253167,0.12652542372881354,104.8050847457627,0.65,0.31645569620253167,0.65,0.31645569620253167,0.12652542372881354,104.8050847457627,0.4576271186440678,99.15743902439027,0.36709393220616243,,0.5212600633303343,,114.57499999999973,103.5,0.36709393220616243,0.5212600633303343,107.8,,,1.9422197544094908,4.871468575463539,-0.14896089793105236,-2.307692307692306,0.0,-3.0,1.980756676085179,2.5499046408137316,0.9890109890109896,0.4065934065934016,22.0,4.0,28.0,0.0,0.0,0.0,0.0,0.3730453340448638,-1.1205728861762372,0.23227658437161816,-1.162506953927071,0.9177866520943584,0.017146643140130473,0.46940138886340066,-0.8252371327943644,0.4369958301400395,-0.7701771678177814,-0.30121349827965727,-0.47856194073324915,-1.1799335681708047,-0.3754271640360746,-0.4060649102998512,2.339415501129565,-0.3448789073926619,-0.02836080672187135,1.9662215596589678,-0.28536367721290234,-1.260885064086371,-3.862105005940988,7.450814748624538,30.11276996885222,0.3448830230678503,0.40212534718028753,5.050740640672379,0.04915274663548488,1.7887464108904092,1.018746180762223,0.824414167986588,0.36622800956707585,53.86410920375291,,-3.183974085149676,
92392,0,Scoot Henderson,1630703,0022300074,2023-10-25,2023-24,POR,75,0.0,9.0,1,1,1.0,1.0,9.0,,0.0,1.0,0.0,,0.7351103458031428,0.19332240012061752,106.20638049045162,,,0.7554475225042787,0.2977790371131613,0.19332240012061752,106.20638049045162,0.7554475225042787,0.2977790371131613,0.7554475225042787,0.2977790371131613,0.19332240012061752,106.20638049045162,0.7351103458031428,99.15743902439027,0.36709393220616243,,0.5212600633303343,,114.57499999999973,99.0,0.36709393220616243,0.5212600633303343,112.1,,,0.5758398777582231,0.21446180650643085,0.8492956228830812,0.553368122358998,1.208928674833215,1.3278151355150825,0.9678101486046058,0.47354126132967433,1.069211369275697,1.6181629210396946,21.0,10.0,22.0,0.0,0.0,0.0,0.0,0.006524820408913201,-1.2186735766190826,0.03363787099477455,-0.10166060297622692,0.4860934169571669,0.24539540193293072,-0.10214849012165296,-1.1546656837437963,-0.22096028100999854,-0.0033479992085348478,0.19782667871175277,-0.4520533406356078,1.5208973394625733,0.18155975730621918,-0.9369213963762326,-2.1566535945666785,0.3929544607977359,-0.349987112985455,-1.6611836142588128,-0.20822977888159613,-0.4063885467965655,0.8611197420770604,4.830340402812659,23.580443564055056,0.2682573888908502,3.9953577158993934,2.990001810767544,0.4643450276634413,1.9308726989112133,0.8040697108223096,0.0,4.597868024468753,45.67933817786856,,0.0,
92393,0,Jaden Ivey,1631093,0022300068,2023-10-25,2023-24,DET,76,1.0,10.0,1,1,1.0,1.0,9.0,,0.0,1.0,0.0,,1.6216216216216217,0.25175675675675674,106.9243243243243,,,0.7471910112359551,0.345821325648415,0.25175675675675674,106.9243243243243,0.7471910112359551,0.345821325648415,0.7471910112359551,0.345821325648415,0.25175675675675674,106.9243243243243,1.6216216216216217,99.15743902439027,0.36709393220616243,,0.5212600633303343,,114.57499999999973,95.5,0.36709393220616243,0.5212600633303343,106.3,,,0.10655173767314015,-1.065964405017861,0.36331405692296437,0.15840319544422934,0.31529079279875705,-0.1794871794871795,0.623148144077679,-0.1794871794871795,-0.2294617458513423,0.20000883919296852,21.0,6.0,25.0,0.0,0.0,0.0,0.0,0.25825148930089686,-1.28973346661588,0.5047558785701627,0.042299582714735044,0.3165419081034907,1.0519688644688638,1.114497676199658,1.3164531544027256,0.2248741774962994,-1.100150248865052,0.47241682913420796,0.14494856875689466,1.1713941733132942,0.08477523616022661,-1.2120920104365267,-2.8630047661842872,-1.005976359501535,0.5757504298022695,-0.13949694863320744,0.5326509482455439,-1.0699951756266775,0.8951018421771282,11.372671954638186,23.44756927113108,0.25851020111534445,-0.04589437742691893,-0.11184710278317317,1.757260263707012,5.733107380259453,3.60584976125105,-0.51461064452263,19.98474451806084,134.42743243746636,,-0.4606289359161653,
92394,0,Paolo Banchero,1631094,0022300066,2023-10-25,2023-24,ORL,82,1.0,10.0,1,1,1.0,1.0,9.0,,1.0,1.0,0.0,,1.1805555555555556,0.2717361111111112,110.90972222222224,,,0.7378277153558053,0.2992957746478873,0.2717361111111112,110.90972222222224,0.7378277153558053,0.2992957746478873,0.7378277153558053,0.2992957746478873,0.2717361111111112,110.90972222222224,1.1805555555555556,99.15743902439027,0.36709393220616243,,0.5212600633303343,,114.57499999999973,95.5,0.36709393220616243,0.5212600633303343,120.8,,,-0.22398226211478073,-0.8106741730823819,0.20154043020028414,-0.18177006787516348,0.45508306023843204,-0.12433611199042706,0.5473172873368348,-0.38461538461538314,0.8130175793188922,3.4912314324368263,13.0,9.0,25.0,0.0,0.0,0.0,0.0,-0.2506695230281926,0.14771833393219516,-0.4276507118662091,-0.03452661477739018,0.7165072856651408,-0.45333569810524377,1.2472923513258363,3.631468612583832,-0.10832981612603386,-0.5237360869213982,-0.14232226672729256,-0.078867630390537,-2.9100789996338268,-0.1028365698776627,-0.7478074141069766,-0.5532230130583263,-0.5344414071918182,2.156507013120374,1.3383892011480598,-1.2885182895343081,3.3642474267576277,-3.103878039040166,10.626698383756244,25.84664826012989,0.24860366073628673,2.838432528041817,-0.2105066489757049,0.539108153061997,1.4178600056182227,0.706230428801983,-0.29459790884494386,5.728939738813737,36.64692884731999,,0.914395979610978,
92395,0,Jabari Smith Jr.,1631095,0022300066,2023-10-25,2023-24,HOU,83,1.0,10.0,1,1,1.0,1.0,9.0,,0.0,1.0,0.0,,1.518987341772152,0.18350632911392406,108.67848101265824,,,0.7864077669902912,0.3076923076923077,0.18350632911392406,108.67848101265824,0.7864077669902912,0.3076923076923077,0.7864077669902912,0.3076923076923077,0.18350632911392406,108.67848101265824,1.518987341772152,99.15743902439027,0.36709393220616243,,0.5212600633303343,,114.57499999999973,95.5,0.36709393220616243,0.5212600633303343,90.5,,,0.2206957387269516,-0.579896244603099,0.5289614223900693,0.08748167129444995,0.09257093197120193,-1.203429709716059,-0.788226981996892,-1.6153846153846154,0.6330042046630975,0.5117919289239854,22.0,5.0,29.0,0.0,0.0,0.0,0.0,0.9039961266904983,1.3796669457821475,1.8144230379126718,5.562437286482436,0.2992482666029405,-0.047559056727807594,1.132907371654588,1.9421084219357654,-0.062225180801992463,-0.2848400786045208,0.32749158510274445,0.38468009588355045,2.46079342417169,0.2710770763554326,0.41440642612893697,0.9553949341901842,-0.1335345578772009,-0.32945380999549617,-0.13508518399771435,-0.5464038596221598,0.011553478482821261,1.4241074573946257,8.719063206300108,28.28160026414432,0.20384122874775903,0.3239664429215199,1.2732897401488257,0.5160369327162186,2.4745926069070534,0.5106323118225282,-0.6415716903718726,4.4993586331379465,69.9854389251521,,-0.9136670287118596,
92396,2,Chet Holmgren,1631096,0022300070,2023-10-25,2023-24,OKC,85,1.0,9.0,1,1,1.0,1.0,9.0,,0.0,1.0,0.0,,0.8459714845717047,0.1889760466242947,106.92781538185979,,,0.7546272929217355,0.3063825696766841,0.1889760466242947,106.92781538185979,0.7546272929217355,0.3063825696766841,0.7546272929217355,0.3063825696766841,0.1889760466242947,106.92781538185979,0.8459714845717047,99.15743902439027,0.36709393220616243,,0.5212600633303343,,114.57499999999973,99.5,0.36709393220616243,0.5212600633303343,124.0,,,0.5519681884384907,0.2209083113406917,0.5491402519457964,-0.13658105516199937,1.1010498284827197,1.795473659406749,0.6995436698635913,0.3388655943389232,1.0292103403222628,2.0927236378580685,30.0,9.0,30.0,0.0,0.0,0.0,0.0,0.8778415253735163,-0.14077891755823438,0.9250094884193231,1.0865504078468706,0.8616988475350496,0.9319682882380931,-0.19914371893601146,-0.8950087953203081,-0.6319865705206,0.8884867158635052,0.43693688449995705,0.8848368689005125,-4.088999646403135,-1.0224356183507088,1.052983381856842,3.8261242073576254,-0.7762589181540872,0.9562045692539712,-1.0933405192807655,0.1948134394484352,-1.0128600961125405,-0.768527030326136,9.281194342521133,20.317572721383343,0.3721574974775486,4.191761881495329,2.180313411560295,0.8181422579247936,1.9272730170408505,1.0124986935465545,0.0,8.355704642643014,47.850929450514634,,-0.0,
92397,2,Bennedict Mathurin,1631097,0022300064,2023-10-25,2023-24,IND,77,1.0,10.0,1,1,1.0,1.0,9.0,,1.0,1.0,0.0,,1.2820512820512822,0.23574358974358986,110.33205128205128,,,0.8281938325991189,0.32894736842105265,0.23574358974358986,110.33205128205128,0.8281938325991189,0.32894736842105265,0.8281938325991189,0.32894736842105265,0.23574358974358986,110.33205128205128,1.2820512820512822,99.15743902439027,0.36709393220616243,,0.5212600633303343,,114.57499999999973,110.5,0.36709393220616243,0.5212600633303343,128.8,,,0.05567770837106676,-1.2731170550353228,0.8387437034110745,-0.1944940872276507,0.48662283382324756,-0.5152214349979458,1.172432297842763,0.5931718403819581,1.305487425223496,1.3343989775039438,30.0,12.0,31.0,0.0,0.0,0.0,0.0,0.360775080053254,-0.4158860702515611,-0.15729598080757282,-0.15782018268251435,0.20450283919981885,-0.4955032086916217,-0.7048813442055591,-0.3460130325425111,0.5114912470465601,-0.9174089011550393,-0.6845545526979164,1.7308096806533484,-1.6568637240499489,0.03522493883524229,2.005024872244801,-3.5080802923497094,0.6361047537220524,0.011164164368183585,0.18509910197874113,-0.47101633363854295,0.20612540580232044,3.252326623554589,9.672425592231246,26.928003530830676,0.2741811235905182,1.7420410853624892,0.6954538238346398,1.1470243525212458,3.9876767885421347,1.2694926567888165,-0.51461064452263,11.094507702238973,107.38017464167413,,-1.6736818999455358,
92398,4,Keegan Murray,1631099,0022300072,2023-10-25,2023-24,SAC,80,1.0,10.0,1,1,1.0,1.0,9.0,,0.0,1.0,0.0,,2.55,0.15478750000000002,117.86874999999998,,,0.7654320987654321,0.4088176352705411,0.15478750000000002,117.86874999999998,0.7654320987654321,0.4088176352705411,0.7654320987654321,0.4088176352705411,0.15478750000000002,117.86874999999998,2.55,99.15743902439027,0.36709393220616243,,0.5212600633303343,,114.57499999999973,105.0,0.36709393220616243,0.5212600633303343,123.8,,,0.3911547246483404,-0.5639170933895121,0.25598422138411847,-0.5048076923077017,1.1763539004879071,-0.734265734265738,1.0388008397549169,1.0332794760559203,0.32559255624893657,0.027476814562108168,34.0,14.0,37.0,0.0,0.0,0.0,0.0,1.1694539832129174,2.9653035356946256,-0.006902535250463186,-1.3100959426220031,1.0720567564159929,0.16284979141353553,0.7803769553276454,1.1077873756331051,0.07256131484469062,-0.3871190749031308,-1.3779690064252073,3.844158705427875,-5.698671535309076,-0.06256549772683846,-0.13941569775210438,1.95274910474277,-0.5086427296228615,-0.5099147517457272,0.7714000751133221,0.1463434918775967,-1.4284417948337857,1.6914036129762287,9.54470256186185,29.239585117975565,0.2732889265216949,0.008946246290854803,1.0733715874284104,2.4427213750841323,4.541384807871482,3.0433458258274757,-0.13732763635137965,23.31504896668022,132.7882076432393,,-0.2322764602862092,
92399,0,AJ Griffin,1631100,0022300063,2023-10-25,2023-24,ATL,78,1.0,10.0,1,1,1.0,1.0,9.0,,0.0,1.0,0.0,,1.4027777777777777,0.1804861111111111,113.0583333333334,,,0.8936170212765957,0.37815126050420167,0.1804861111111111,113.0583333333334,0.8936170212765957,0.37815126050420167,0.8936170212765957,0.37815126050420167,0.1804861111111111,113.0583333333334,1.4027777777777777,99.15743902439027,0.36709393220616243,,0.5212600633303343,,114.57499999999973,104.0,0.36709393220616243,0.5212600633303343,105.8,,,0.8587743023032591,0.6678716880977348,0.631933141311252,0.38994096561319397,0.6252923857053543,-1.1922713082962821,1.109971962486681,0.10416918721416871,0.6938480665252754,0.21503661484787492,15.0,10.0,19.0,0.0,0.0,0.0,0.0,0.31236827869728323,0.005905381604412113,0.20434757715748486,0.3718339587242011,-0.39411349099844595,-0.7897435897435893,0.6155831635430433,-0.3370616580493132,0.06222411249358008,-0.5360183142689976,-1.0989312834875573,2.134701624452205,-0.5036793316624709,-0.5562971157657459,-0.46515708596778566,1.3013568591714182,-0.14791477125789312,0.3402499307493612,2.105119661803525,-0.6838106436283512,-0.4064364831593471,-1.223366165798269,11.31047211095764,28.68863739568081,0.27981793527448146,0.14920273944433834,0.11562487716275333,1.411719070969179,2.322944659109723,1.7254817297061416,-0.13732763635137965,15.967209180703929,66.6421170154322,,0.16800198394132632,
92400,1,Shaedon Sharpe,1631101,0022300074,2023-10-25,2023-24,POR,77,1.0,10.0,1,1,1.0,1.0,9.0,,0.0,1.0,0.0,,1.275,0.17611249999999998,110.07499999999997,,,0.7142857142857143,0.3680297397769517,0.17611249999999998,110.07499999999997,0.7142857142857143,0.3680297397769517,0.7142857142857143,0.3680297397769517,0.17611249999999998,110.07499999999997,1.275,99.15743902439027,0.36709393220616243,,0.5212600633303343,,114.57499999999973,99.0,0.36709393220616243,0.5212600633303343,112.1,,,0.1122063325224076,-0.30630741677965817,0.6647315342255302,0.8507055075102407,0.3966720181729306,-0.40176529772249236,1.2496264575684135,1.7281580717007585,0.04118503981569636,-1.2636990199966835,21.0,10.0,22.0,0.0,0.0,0.0,0.0,0.006524820408913201,-1.2186735766190826,0.03363787099477455,-0.10166060297622692,0.4860934169571669,0.24539540193293072,-0.10214849012165296,-1.1546656837437963,-0.22096028100999854,-0.0033479992085348478,0.19782667871175277,-0.4520533406356078,1.5208973394625733,0.18155975730621918,-0.9369213963762326,-2.1566535945666785,0.3929544607977359,-0.349987112985455,-1.6611836142588128,-0.20822977888159613,-0.4063885467965655,0.8611197420770604,4.830340402812659,23.580443564055056,0.2682573888908502,-0.05204549445361988,2.1595520492576794,1.5870459175878069,4.940385566887184,2.6808766360669845,-0.51461064452263,7.6659720168432735,116.49648304465539,,-0.44314138548143694,
92401,0,Malaki Branham,1631103,0022300073,2023-10-25,2023-24,SAS,76,1.0,10.0,1,1,1.0,1.0,9.0,,1.0,1.0,0.0,,1.1666666666666667,0.18412121212121219,107.10151515151512,,,0.8285714285714286,0.296137339055794,0.18412121212121219,107.10151515151512,0.8285714285714286,0.296137339055794,0.8285714285714286,0.296137339055794,0.18412121212121219,107.10151515151512,1.1666666666666667,99.15743902439027,0.36709393220616243,,0.5212600633303343,,114.57499999999973,107.0,0.36709393220616243,0.5212600633303343,111.2,,,0.21582128124289376,-0.8036803766654744,0.5764385429686808,-0.6900284900284908,0.5875045575292464,-0.43659043659043306,0.0,-1.0769230769230769,0.5141941155134409,-1.2982345456430058,17.0,6.0,29.0,0.0,0.0,0.0,0.0,-0.16405525050713696,-0.5828133278787383,0.2488070073807006,0.16499243670501057,0.42313413088104834,-0.13059888758292587,0.4919013353268924,-0.5618267334243668,-0.11994649729455716,-0.9131718335259856,-0.24673211007017629,-0.7035565224533874,1.888074398314933,0.7889917800813748,0.25940819356014216,2.3952113864870266,-0.10885027312638507,0.8460088962383896,-2.1631398212849007,0.08020227898140492,-0.934773482163892,0.3504768077337389,7.073270043429441,23.5799878704372,0.25877458475338283,-0.6675445639258991,-0.0,1.065533506370105,3.5412438182894808,1.8185371033622055,-0.51461064452263,7.536806230877998,83.50248628152667,,-0.18035909591809324,
92402,0,Jalen Duren,1631105,0022300068,2023-10-25,2023-24,DET,82,1.0,10.0,1,1,1.0,1.0,9.0,,0.0,1.0,0.0,,0.0,0.13655223880597014,106.99104477611941,,,0.6114649681528662,0.0,0.13655223880597014,106.99104477611941,0.6114649681528662,0.0,0.6114649681528662,0.0,0.13655223880597014,106.99104477611941,0.0,99.15743902439027,0.36709393220616243,,0.5212600633303343,,114.57499999999973,95.5,0.36709393220616243,0.5212600633303343,106.3,,,-0.1999719257487453,-0.5187142403051468,1.4559102591221709,2.176983173076923,1.7915509142233272,2.625,3.8729833462074166,14.999999999999995,0.0,-3.0,21.0,6.0,25.0,0.0,0.0,0.0,0.0,0.25825148930089686,-1.28973346661588,0.5047558785701627,0.042299582714735044,0.3165419081034907,1.0519688644688638,1.114497676199658,1.3164531544027256,0.2248741774962994,-1.100150248865052,0.47241682913420796,0.14494856875689466,1.1713941733132942,0.08477523616022661,-1.2120920104365267,-2.8630047661842872,-1.005976359501535,0.5757504298022695,-0.13949694863320744,0.5326509482455439,-1.0699951756266775,0.8951018421771282,11.372671954638186,23.44756927113108,0.25851020111534445,-0.0,58.09475019311123,0.008468124470315325,0.0,0.0,1.269843310776022,0.09630520167194044,0.0,,1.136639086751921,
92403,0,Mark Williams,1631109,0022300063,2023-10-25,2023-24,CHA,84,1.0,10.0,1,1,1.0,1.0,9.0,,1.0,1.0,0.0,,0.0,0.18132558139534882,105.13255813953488,,,0.6907216494845361,0.2983839281710919,0.18132558139534882,105.13255813953488,0.6907216494845361,0.2983839281710919,0.6907216494845361,0.2983839281710919,0.18132558139534882,105.13255813953488,0.0,99.15743902439027,0.36709393220616243,,0.5212600633303343,,114.57499999999973,104.0,0.36709393220616243,0.5212600633303343,111.5,,,0.6203330760483082,0.7237378695244632,1.5423323269701492,3.8758335495094083,1.7915509142233272,2.625,0.0,-3.0,0.0,-3.0,21.0,13.0,23.0,0.0,0.0,0.0,0.0,-0.6822750486409201,0.7204970892984411,0.4152598317892234,0.1644374712224492,0.3338199358599683,0.38972987014739513,-0.4113751419887806,-0.7114633413461531,0.9280693109945473,1.4152543447662582,0.20402025625970888,-0.8160365014347399,-5.852206653260408,0.12166806939684217,-1.168880319577239,0.28900229061663507,-0.0581390953308635,-1.05307042263626,-0.3103705709054689,-0.38035921342382506,0.2939990476479936,1.5237991093741285,6.772722275300276,22.36287383073628,0.3191683223983078,-0.0,-0.0,0.0,0.0,0.0,0.0,0.0,0.0,,0.0,
92404,2,Jeremy Sochan,1631110,0022300073,2023-10-25,2023-24,SAS,80,1.0,10.0,1,1,1.0,1.0,9.0,,1.0,1.0,0.0,,0.5892857142857143,0.19064285714285717,109.7517857142857,,,0.6982758620689655,0.25984251968503935,0.19064285714285717,109.7517857142857,0.6982758620689655,0.25984251968503935,0.6982758620689655,0.25984251968503935,0.19064285714285717,109.7517857142857,0.5892857142857143,99.15743902439027,0.36709393220616243,,0.5212600633303343,,114.57499999999973,107.0,0.36709393220616243,0.5212600633303343,111.2,,,1.2965920937797208,1.8726111150353586,0.7579554979511897,0.7645036634670824,-0.27464196346750835,-1.4162368244000907,1.2048632677010522,1.8001820664542578,0.18859699567495217,-1.2791753700844612,17.0,6.0,29.0,0.0,0.0,0.0,0.0,-0.16405525050713696,-0.5828133278787383,0.2488070073807006,0.16499243670501057,0.42313413088104834,-0.13059888758292587,0.4919013353268924,-0.5618267334243668,-0.11994649729455716,-0.9131718335259856,-0.24673211007017629,-0.7035565224533874,1.888074398314933,0.7889917800813748,0.25940819356014216,2.3952113864870266,-0.10885027312638507,0.8460088962383896,-2.1631398212849007,0.08020227898140492,-0.934773482163892,0.3504768077337389,7.073270043429441,23.5799878704372,0.25877458475338283,-0.24124863173932448,2.1689732470449097,0.28930113576568334,1.305405186754823,0.21879674945158284,-0.6415716903718726,2.0463050571415216,30.781438469684538,,-0.22485599797387265,
92405,2,Jalen Williams,1631114,0022300070,2023-10-25,2023-24,OKC,77,1.0,10.0,1,1,1.0,1.0,9.0,,0.0,1.0,0.0,,0.9733333333333334,0.1798933333333333,110.908,,,0.8115183246073299,0.35960591133004927,0.1798933333333333,110.908,0.8115183246073299,0.35960591133004927,0.8115183246073299,0.35960591133004927,0.1798933333333333,110.908,0.9733333333333334,99.15743902439027,0.36709393220616243,,0.5212600633303343,,114.57499999999973,99.5,0.36709393220616243,0.5212600633303343,124.0,,,-0.2054846920950923,0.40410062527264795,0.6548359714698874,-0.6192460798778336,1.0441029313106924,0.4958776915072448,1.4073873102947176,1.2637362637362621,-0.1489608979310549,0.010302197802198739,30.0,9.0,30.0,0.0,0.0,0.0,0.0,0.8778415253735163,-0.14077891755823438,0.9250094884193231,1.0865504078468706,0.8616988475350496,0.9319682882380931,-0.19914371893601146,-0.8950087953203081,-0.6319865705206,0.8884867158635052,0.43693688449995705,0.8848368689005125,-4.088999646403135,-1.0224356183507088,1.052983381856842,3.8261242073576254,-0.7762589181540872,0.9562045692539712,-1.0933405192807655,0.1948134394484352,-1.0128600961125405,-0.768527030326136,9.281194342521133,20.317572721383343,0.3721574974775486,-0.0015346246352788645,1.7785663811416739,0.1371678993212896,2.002396733545923,1.3498972778943814,-0.7351978563373132,1.2730819311562611,40.68384125087976,,0.5650194252330565,
92406,0,Walker Kessler,1631117,0022300072,2023-10-25,2023-24,UTA,84,1.0,10.0,1,1,1.0,1.0,9.0,,1.0,1.0,0.0,,0.013513513513513514,0.12572972972972968,112.99864864864864,,,0.5157232704402516,0.3333333333333333,0.12572972972972968,112.99864864864864,0.5157232704402516,0.3333333333333333,0.5157232704402516,0.3333333333333333,0.12572972972972968,112.99864864864864,0.013513513513513514,99.15743902439027,0.36709393220616243,,0.5212600633303343,,114.57499999999973,105.0,0.36709393220616243,0.5212600633303343,108.6,,,0.9826880374493501,1.3476486760456037,2.203161391805692,6.1025641025640995,1.6720819322526292,0.8974358974359018,3.8729833462074166,14.999999999999995,3.872983346207248,14.999999999994102,15.0,7.0,21.0,0.0,0.0,0.0,0.0,0.9150548204236953,0.6528118689495331,-0.14676064296891872,-1.0252594761190392,1.007114406739275,0.5319925262505318,-0.24653149808582894,-0.9395356451209383,-0.19341883275111693,-1.0373926738810144,-0.10534233578697025,-1.32080573670565,2.4514754773442373,0.30442436621422486,-0.8741354164475578,1.120204977404342,0.6284435345852106,2.349635867091488,-1.1522527928189936,-0.5124868868119062,-0.09383225533235581,-0.3441247776349148,5.384726704646099,28.775527975718592,0.3165347246118249,58.09475019308588,58.09475019311123,0.0011460360236730156,0.0011460360236730156,0.0,0.3751551779993052,0.006171090781158516,0.032977791660384156,,-0.12910019220759777,
92407,0,Jabari Walker,1631133,0022300074,2023-10-25,2023-24,POR,79,1.0,10.0,1,1,1.0,1.0,9.0,,0.0,1.0,0.0,,0.2857142857142857,0.15060714285714286,103.88392857142857,,,0.7555555555555555,0.2727272727272727,0.15060714285714286,103.88392857142857,0.7555555555555555,0.2727272727272727,0.7555555555555555,0.2727272727272727,0.15060714285714286,103.88392857142857,0.2857142857142857,99.15743902439027,0.36709393220616243,,0.5212600633303343,,114.57499999999973,99.0,0.36709393220616243,0.5212600633303343,112.1,,,-0.1405064421181963,-0.9098862490601596,1.2928264716669633,1.749129909794731,1.0846268206190368,0.3975121687398604,1.1763539004879071,-0.734265734265738,1.1500104191627396,0.7574893473774339,21.0,10.0,22.0,0.0,0.0,0.0,0.0,0.006524820408913201,-1.2186735766190826,0.03363787099477455,-0.10166060297622692,0.4860934169571669,0.24539540193293072,-0.10214849012165296,-1.1546656837437963,-0.22096028100999854,-0.0033479992085348478,0.19782667871175277,-0.4520533406356078,1.5208973394625733,0.18155975730621918,-0.9369213963762326,-2.1566535945666785,0.3929544607977359,-0.349987112985455,-1.6611836142588128,-0.20822977888159613,-0.4063885467965655,0.8611197420770604,4.830340402812659,23.580443564055056,0.2682573888908502,0.8711206418888329,-0.8637563604981181,0.09520435612666321,2.960853009916392,1.2758865696901605,0.824414167986588,0.45986944792238627,69.81822730179603,,0.709919315701285,
92408,0,Ryan Rollins,1631157,0022300064,2023-10-25,2023-24,WAS,75,1.0,10.0,1,1,1.0,1.0,9.0,,0.0,1.0,0.0,,0.25,0.2713333333333333,59.491666666666674,,,1.0,0.2857142857142857,0.2713333333333333,59.491666666666674,1.0,0.2857142857142857,1.0,0.2857142857142857,0.2713333333333333,59.491666666666674,0.25,99.15743902439027,0.36709393220616243,,0.5212600633303343,,114.57499999999973,110.5,0.36709393220616243,0.5212600633303343,109.1,,,-0.018286819655783472,1.1259509721047154,1.32664991614216,-0.32592592592592573,0.0,-3.0,1.4551938161965483,1.3878770468256265,1.6577247290292663,2.045454545454498,15.0,4.0,19.0,0.0,0.0,0.0,0.0,0.22486592087636767,-0.29056531959812065,1.0536566421654392,-0.15494755242475725,0.12951890954217493,-0.6849230769230774,-0.016073722212782287,-1.497829734714537,0.01472302909391346,-0.9244320146504095,-0.7120193039809354,-0.46572796164371344,-5.231112852681077,-0.5454146008596954,0.14900321942061204,-0.8554124730807756,0.7215074861571507,2.6637020515541927,0.7254414632898074,0.7131672542961877,-0.7250332955148833,-1.046692852869529,11.70814509476797,21.547868389432352,0.2562045351833258,3.3908005821052387,2.019630096181779,1.1676447041234383,0.9328183701505421,0.6960934270966168,0.3751551779993052,13.670953615014632,20.100247471248675,,-0.3926722435288687,
92409,0,Keon Ellis,1631165,0022300072,2023-10-25,2023-24,SAC,75,1.0,10.0,1,1,1.0,1.0,9.0,,0.0,1.0,0.0,,0.375,0.11831250000000001,96.43749999999997,,,0.5714285714285714,0.5555555555555556,0.11831250000000001,96.43749999999997,0.5714285714285714,0.5555555555555556,0.5714285714285714,0.5555555555555556,0.11831250000000001,96.43749999999997,0.375,99.15743902439027,0.36709393220616243,,0.5212600633303343,,114.57499999999973,105.0,0.36709393220616243,0.5212600633303343,123.8,,,0.0,-3.0,2.5551518819500894,6.2422145328719445,3.6055512754639927,12.999999999999982,2.4047631387103303,4.349112426035515,1.2178209193043161,0.5208754208754504,34.0,14.0,37.0,0.0,0.0,0.0,0.0,1.1694539832129174,2.9653035356946256,-0.006902535250463186,-1.3100959426220031,1.0720567564159929,0.16284979141353553,0.7803769553276454,1.1077873756331051,0.07256131484469062,-0.3871190749031308,-1.3779690064252073,3.844158705427875,-5.698671535309076,-0.06256549772683846,-0.13941569775210438,1.95274910474277,-0.5086427296228615,-0.5099147517457272,0.7714000751133221,0.1463434918775967,-1.4284417948337857,1.6914036129762287,9.54470256186185,29.239585117975565,0.2732889265216949,0.6343329838935635,10.458585248237265,0.23265827348255486,0.13830388008539127,0.12669122946576608,0.3751551779993052,2.2206540189472963,4.043948073903084,,0.634538823494765,
92410,0,Jaime Jaquez Jr.,1631170,0022300068,2023-10-25,2023-24,MIA,78,0.0,9.0,1,1,1.0,1.0,9.0,,1.0,1.0,0.0,,0.40594594594594613,0.17094643652432526,101.41073862979988,,,0.7203621811455007,0.29536452717516615,0.17094643652432526,101.41073862979988,0.7203621811455007,0.29536452717516615,0.7203621811455007,0.29536452717516615,0.17094643652432526,101.41073862979988,0.40594594594594613,99.15743902439027,0.36709393220616243,,0.5212600633303343,,114.57499999999973,95.5,0.36709393220616243,0.5212600633303343,108.4,,,0.2834649565447177,0.026863154661332076,1.373918028894109,2.1417809372724386,1.2558141535727492,1.6875553885213836,1.7105031250894878,3.7766354435403096,0.9391521807734348,1.084079066197362,10.0,4.0,18.0,0.0,0.0,0.0,0.0,0.16289444677909604,-1.2449958994215802,1.3302190543462888,1.3637404230640089,1.2770589130220669,2.8102743314923706,0.8777393915073529,1.7236535390114183,-0.26015284758040463,1.2003402006455854,0.3490313714548254,0.4557158233338131,4.1827600335403865,-0.3200778176531089,-0.26732218964800564,-0.3357267562641531,-0.957589252605804,2.3025073266321545,-0.9112785996759298,-0.3263575216868493,-0.7740943176483305,-0.2774630700584163,9.034743860710782,24.277919846135312,0.1753570234333204,6.897852953408115,14.639055444258904,0.33301378174263685,1.2091296705295806,0.6095447063289678,0.0,3.034460732612574,27.662574071188786,,-0.0,
92411,3,Ousmane Dieng,1631172,0022300070,2023-10-25,2023-24,OKC,81,1.0,10.0,1,1,1.0,1.0,9.0,,0.0,1.0,0.0,,0.6666666666666666,0.16164102564102564,106.52307692307689,,,0.6521739130434783,0.2987012987012987,0.16164102564102564,106.52307692307689,0.6521739130434783,0.2987012987012987,0.6521739130434783,0.2987012987012987,0.16164102564102564,106.52307692307689,0.6666666666666666,99.15743902439027,0.36709393220616243,,0.5212600633303343,,114.57499999999973,99.5,0.36709393220616243,0.5212600633303343,124.0,,,1.6236067723458572,1.8722690031861642,0.14896089793105188,-2.307692307692299,0.9783532370001183,0.1758076634109681,0.9405460868921031,-0.7852564102564096,2.764538633515276,8.992151755573449,30.0,9.0,30.0,0.0,0.0,0.0,0.0,0.8778415253735163,-0.14077891755823438,0.9250094884193231,1.0865504078468706,0.8616988475350496,0.9319682882380931,-0.19914371893601146,-0.8950087953203081,-0.6319865705206,0.8884867158635052,0.43693688449995705,0.8848368689005125,-4.088999646403135,-1.0224356183507088,1.052983381856842,3.8261242073576254,-0.7762589181540872,0.9562045692539712,-1.0933405192807655,0.1948134394484352,-1.0128600961125405,-0.768527030326136,9.281194342521133,20.317572721383343,0.3721574974775486,24.859150926715014,-0.7385698438736059,0.8133965535367932,0.5473647342038991,0.03618979068597541,0.3751551779993052,7.549291490911872,11.121122792308384,,-0.28831689485927897,
92412,0,Kris Murray,1631200,0022300074,2023-10-25,2023-24,POR,80,0.0,9.0,1,1,1.0,1.0,9.0,,0.0,1.0,0.0,,0.39418918918918944,0.17243568792909633,100.64089558295515,,,0.7119246433285862,0.3379257395781191,0.17243568792909633,100.64089558295515,0.7119246433285862,0.3379257395781191,0.7119246433285862,0.3379257395781191,0.17243568792909633,100.64089558295515,0.39418918918918944,99.15743902439027,0.36709393220616243,,0.5212600633303343,,114.57499999999973,99.0,0.36709393220616243,0.5212600633303343,112.1,,,0.5198677532192709,0.42955400151359674,1.3102342944858976,1.9351726805889022,1.2377031434252856,1.6469245745867316,1.5577613583112595,2.410173207316183,1.3378392681203435,2.880887237124089,21.0,10.0,22.0,0.0,0.0,0.0,0.0,0.006524820408913201,-1.2186735766190826,0.03363787099477455,-0.10166060297622692,0.4860934169571669,0.24539540193293072,-0.10214849012165296,-1.1546656837437963,-0.22096028100999854,-0.0033479992085348478,0.19782667871175277,-0.4520533406356078,1.5208973394625733,0.18155975730621918,-0.9369213963762326,-2.1566535945666785,0.3929544607977359,-0.349987112985455,-1.6611836142588128,-0.20822977888159613,-0.4063885467965655,0.8611197420770604,4.830340402812659,23.580443564055056,0.2682573888908502,10.950921508914242,9.114772370168161,0.34206486979751305,0.9860359938350804,0.46294438053556014,0.0,3.4032908314843877,22.072725393935094,,0.0,
92413,2,Marcus Sasser,1631204,0022300068,2023-10-25,2023-24,DET,74,0.0,9.0,1,1,1.0,1.0,9.0,,0.0,1.0,0.0,,0.45050193050193077,0.17116570314820315,99.99922950344377,,,0.7149536424491647,0.3379257395781191,0.17116570314820315,99.99922950344377,0.7149536424491647,0.3379257395781191,0.7149536424491647,0.3379257395781191,0.17116570314820315,99.99922950344377,0.45050193050193077,99.15743902439027,0.36709393220616243,,0.5212600633303343,,114.57499999999973,95.5,0.36709393220616243,0.5212600633303343,106.3,,,0.5055155642436943,0.3875277346549016,1.277077432702433,1.6579354136002584,1.1585820333112797,1.5071995138134076,1.780298695212868,3.1830550940756375,1.5289591635661068,3.721013985284673,21.0,6.0,25.0,0.0,0.0,0.0,0.0,0.25825148930089686,-1.28973346661588,0.5047558785701627,0.042299582714735044,0.3165419081034907,1.0519688644688638,1.114497676199658,1.3164531544027256,0.2248741774962994,-1.100150248865052,0.47241682913420796,0.14494856875689466,1.1713941733132942,0.08477523616022661,-1.2120920104365267,-2.8630047661842872,-1.005976359501535,0.5757504298022695,-0.13949694863320744,0.5326509482455439,-1.0699951756266775,0.8951018421771282,11.372671954638186,23.44756927113108,0.25851020111534445,12.515338867330561,10.416882708763612,0.3909312797685863,1.1268982786686634,0.5290792920406402,0.0,3.8894752359821574,25.225971878782964,,0.0,
92414,1,Caleb Houstan,1631216,0022300066,2023-10-25,2023-24,ORL,80,1.0,10.0,1,1,1.0,1.0,9.0,,1.0,1.0,0.0,,0.9019607843137255,0.10466666666666669,104.37254901960785,,,0.8333333333333334,0.3548387096774194,0.10466666666666669,104.37254901960785,0.8333333333333334,0.3548387096774194,0.8333333333333334,0.3548387096774194,0.10466666666666669,104.37254901960785,0.9019607843137255,99.15743902439027,0.36709393220616243,,0.5212600633303343,,114.57499999999973,95.5,0.36709393220616243,0.5212600633303343,120.8,,,1.565623981413945,0.5013774104683485,3.7416573867739125,13.999999999998629,2.2948210613692086,3.7916666666666736,1.7483409424942111,3.5934065934065926,0.7183283951839473,-0.23720809635731052,13.0,9.0,25.0,0.0,0.0,0.0,0.0,-0.2506695230281926,0.14771833393219516,-0.4276507118662091,-0.03452661477739018,0.7165072856651408,-0.45333569810524377,1.2472923513258363,3.631468612583832,-0.10832981612603386,-0.5237360869213982,-0.14232226672729256,-0.078867630390537,-2.9100789996338268,-0.1028365698776627,-0.7478074141069766,-0.5532230130583263,-0.5344414071918182,2.156507013120374,1.3383892011480598,-1.2885182895343081,3.3642474267576277,-3.103878039040166,10.626698383756244,25.84664826012989,0.24860366073628673,-0.170393311180986,6.282499870281395,1.4810551218349697,2.540356487728839,0.36679853757814285,-0.13732763635137965,15.738726069457579,65.65970059366627,,0.4262482346243413,
92415,0,Moussa Diabate,1631217,0022300074,2023-10-25,2023-24,LAC,81,1.0,10.0,1,1,1.0,1.0,9.0,,1.0,1.0,0.0,,0.045454545454545456,0.10840909090909091,101.77727272727272,,,0.625,0.5,0.10840909090909091,101.77727272727272,0.625,0.5,0.625,0.5,0.10840909090909091,101.77727272727272,0.045454545454545456,99.15743902439027,0.36709393220616243,,0.5212600633303343,,114.57499999999973,99.0,0.36709393220616243,0.5212600633303343,124.2,,,1.3039882556649431,0.7536830275341386,2.165283838521805,4.25086505190308,3.6055512754639927,12.999999999999982,3.872983346207416,15.000000000000009,0.0,-3.0,19.0,7.0,27.0,0.0,0.0,0.0,0.0,0.14078121781744615,1.572461247076045,0.7968477377525303,-0.3468721576916144,0.587253834352936,-1.2522373510360865,0.2274490725883528,-0.6606923076923084,-1.2216682353586672,2.9917012363932725,-0.12170559112243456,-0.8664745250858866,-6.694296576358237,-0.3609797615125369,-0.9440931544828726,5.646107794222467,-0.04871549737858397,-0.25603125855902803,0.7038930298621846,-0.7748086818116726,0.16510124705177623,-1.8553287444693907,11.57971006666366,28.279522819236853,0.3966358265976225,-0.0,58.094750193111274,0.12514289352777472,0.0,0.06257144676388736,1.269843310776022,1.4491184239549915,0.0,,-2.3559767954549313,
92416,0,Jake LaRavia,1631222,0022300071,2023-10-25,2023-24,MEM,79,1.0,10.0,1,1,1.0,1.0,9.0,,1.0,1.0,0.0,,0.6857142857142857,0.10417142857142858,93.3685714285714,,,0.7777777777777778,0.38596491228070173,0.10417142857142858,93.3685714285714,0.7777777777777778,0.38596491228070173,0.7777777777777778,0.38596491228070173,0.10417142857142858,93.3685714285714,0.6857142857142857,99.15743902439027,0.36709393220616243,,0.5212600633303343,,114.57499999999973,103.5,0.36709393220616243,0.5212600633303343,100.0,,,3.741657386773885,14.000000000006201,3.7416573867739125,13.999999999998629,0.0,-3.0,2.4047631387103303,4.349112426035515,0.8664437380221679,0.9313654209684475,21.0,9.0,34.0,0.0,0.0,0.0,0.0,0.5807066112454882,0.31829158056834433,0.5136395379187086,-0.21192459784236187,0.09329397594116594,-0.935621172107659,0.6334643832331259,-0.0073863036825995414,0.044061465605854604,-1.1264255990581848,-0.39108325586799175,0.08604538829449272,4.855009648806637,-0.8096010038680436,0.8899334545086526,-3.633633699745444,-0.8005999507458954,0.013643858455230301,1.356569877979757,0.0247500308134284,-0.06929788586297092,0.4970886322828334,8.569340103739568,26.99046267841391,0.23414074196858056,0.8069757368084917,10.458585248237265,0.012004976460176316,1.4805593752522734,0.09493594232640434,0.824414167986588,0.10287472622463839,39.9609825609223,,0.40980691119904306,
92417,1,David Roddy,1631223,0022300071,2023-10-25,2023-24,MEM,76,1.0,10.0,1,1,1.0,1.0,9.0,,1.0,1.0,0.0,,0.9285714285714286,0.1681857142857143,108.39285714285715,,,0.6307692307692307,0.31382978723404253,0.1681857142857143,108.39285714285715,0.6307692307692307,0.31382978723404253,0.6307692307692307,0.31382978723404253,0.1681857142857143,108.39285714285715,0.9285714285714286,99.15743902439027,0.36709393220616243,,0.5212600633303343,,114.57499999999973,103.5,0.36709393220616243,0.5212600633303343,100.0,,,0.5633259222462217,1.1759999999999986,1.474014787780162,2.085604315334045,1.6720819322526292,0.8974358974359018,1.208838935372128,1.78911359520235,0.881264556722277,0.7179487179487157,21.0,9.0,34.0,0.0,0.0,0.0,0.0,0.5807066112454882,0.31829158056834433,0.5136395379187086,-0.21192459784236187,0.09329397594116594,-0.935621172107659,0.6334643832331259,-0.0073863036825995414,0.044061465605854604,-1.1264255990581848,-0.39108325586799175,0.08604538829449272,4.855009648806637,-0.8096010038680436,0.8899334545086526,-3.633633699745444,-0.8005999507458954,0.013643858455230301,1.356569877979757,0.0247500308134284,-0.06929788586297092,0.4970886322828334,8.569340103739568,26.99046267841391,0.23414074196858056,0.632702758672402,2.162750173684209,0.8652404546057724,2.518728767641258,1.1649937818131044,-0.29459790884494386,7.414539727031101,67.98165480006884,,-0.14644127158111597,
92418,0,Simone Fontecchio,1631323,0022300072,2023-10-25,2023-24,UTA,79,1.0,10.0,1,1,1.0,1.0,9.0,,1.0,1.0,0.0,,1.2115384615384615,0.18150000000000002,98.63653846153844,,,0.7954545454545454,0.34104046242774566,0.18150000000000002,98.63653846153844,0.7954545454545454,0.34104046242774566,0.7954545454545454,0.34104046242774566,0.18150000000000002,98.63653846153844,1.2115384615384615,99.15743902439027,0.36709393220616243,,0.5212600633303343,,114.57499999999973,105.0,0.36709393220616243,0.5212600633303343,108.6,,,0.6915088442618794,-0.5083512561204387,0.8028785332543273,0.6579584424503884,-0.09105882858873597,-1.4985671742428497,1.023686562707317,1.1374601729631315,0.7283854393970152,-0.3384577767181652,15.0,7.0,21.0,0.0,0.0,0.0,0.0,0.9150548204236953,0.6528118689495331,-0.14676064296891872,-1.0252594761190392,1.007114406739275,0.5319925262505318,-0.24653149808582894,-0.9395356451209383,-0.19341883275111693,-1.0373926738810144,-0.10534233578697025,-1.32080573670565,2.4514754773442373,0.30442436621422486,-0.8741354164475578,1.120204977404342,0.6284435345852106,2.349635867091488,-1.1522527928189936,-0.5124868868119062,-0.09383225533235581,-0.3441247776349148,5.384726704646099,28.775527975718592,0.3165347246118249,-0.2465277164121976,1.1644026946770984,1.0274280316580329,3.4943573497266156,0.8982553079640486,-0.51461064452263,5.5324191591709875,100.5519776742161,,0.1770902736149102,
92419,0,Nate Williams,1631466,0022300066,2023-10-25,2023-24,HOU,77,1.0,10.0,1,1,1.0,1.0,9.0,,0.0,1.0,0.0,,0.6,0.14240000000000003,107.25999999999999,,,0.6666666666666666,0.375,0.14240000000000003,107.25999999999999,0.6666666666666666,0.375,0.6666666666666666,0.375,0.14240000000000003,107.25999999999999,0.6,99.15743902439027,0.36709393220616243,,0.5212600633303343,,114.57499999999973,95.5,0.36709393220616243,0.5212600633303343,90.5,,,0.5345701870407655,-3.246563931695116,0.608580619450171,-3.3333333333337674,2.236067977499792,5.00000000000001,0.0,2.0,1.2577882373436418,0.3125000000001433,22.0,5.0,29.0,0.0,0.0,0.0,0.0,0.9039961266904983,1.3796669457821475,1.8144230379126718,5.562437286482436,0.2992482666029405,-0.047559056727807594,1.132907371654588,1.9421084219357654,-0.062225180801992463,-0.2848400786045208,0.32749158510274445,0.38468009588355045,2.46079342417169,0.2710770763554326,0.41440642612893697,0.9553949341901842,-0.1335345578772009,-0.32945380999549617,-0.13508518399771435,-0.5464038596221598,0.011553478482821261,1.4241074573946257,8.719063206300108,28.28160026414432,0.20384122874775903,0.39305882417006827,0.0,0.37791513885746264,1.0999353418209479,0.6768474172060065,-0.29459790884494386,3.2950659823158985,31.10793165378499,,-0.4195390789189467,
92420,3,Victor Wembanyama,1641705,0022300073,2023-10-25,2023-24,SAS,88,0.0,9.0,1,1,1.0,1.0,9.0,,1.0,1.0,0.0,,0.7199865960370164,0.13871056086770372,102.90440938613206,,,0.7115964952921476,0.36705359576017244,0.13871056086770372,102.90440938613206,0.7115964952921476,0.36705359576017244,0.7115964952921476,0.36705359576017244,0.13871056086770372,102.90440938613206,0.7199865960370164,99.15743902439027,0.36709393220616243,,0.5212600633303343,,114.57499999999973,107.0,0.36709393220616243,0.5212600633303343,111.2,,,1.4320401928210715,2.0783448933398967,1.8118619214979057,4.193343166951245,1.5279738078567147,2.6237632933243815,1.5998798589119296,3.869119482478735,1.0309641428834755,1.0540428602021887,17.0,6.0,29.0,0.0,0.0,0.0,0.0,-0.16405525050713696,-0.5828133278787383,0.2488070073807006,0.16499243670501057,0.42313413088104834,-0.13059888758292587,0.4919013353268924,-0.5618267334243668,-0.11994649729455716,-0.9131718335259856,-0.24673211007017629,-0.7035565224533874,1.888074398314933,0.7889917800813748,0.25940819356014216,2.3952113864870266,-0.10885027312638507,0.8460088962383896,-2.1631398212849007,0.08020227898140492,-0.934773482163892,0.3504768077337389,7.073270043429441,23.5799878704372,0.25877458475338283,3.7535667455389734,11.060631190873968,0.6717404529258558,1.6687574366248334,0.47151317490536687,0.0,5.8688622255810055,45.197624296423825,,0.0,
92421,3,Brandon Miller,1641706,0022300063,2023-10-25,2023-24,CHA,79,0.0,9.0,1,1,1.0,1.0,9.0,,1.0,1.0,0.0,,0.7288732509320747,0.13488881673881672,102.30129812997457,,,0.7215002590002593,0.3784456452699847,0.13488881673881672,102.30129812997457,0.7215002590002593,0.3784456452699847,0.7215002590002593,0.3784456452699847,0.13488881673881672,102.30129812997457,0.7288732509320747,99.15743902439027,0.36709393220616243,,0.5212600633303343,,114.57499999999973,104.0,0.36709393220616243,0.5212600633303343,111.5,,,1.4001124295669405,2.1126908750321856,2.0890120920923816,5.276849079391836,1.619577236332814,3.031755898309951,1.709768820915234,4.644848797934593,0.7420350611115087,-0.26897528902635476,21.0,13.0,23.0,0.0,0.0,0.0,0.0,-0.6822750486409201,0.7204970892984411,0.4152598317892234,0.1644374712224492,0.3338199358599683,0.38972987014739513,-0.4113751419887806,-0.7114633413461531,0.9280693109945473,1.4152543447662582,0.20402025625970888,-0.8160365014347399,-5.852206653260408,0.12166806939684217,-1.168880319577239,0.28900229061663507,-0.0581390953308635,-1.05307042263626,-0.3103705709054689,-0.38035921342382506,0.2939990476479936,1.5237991093741285,6.772722275300276,22.36287383073628,0.3191683223983078,0.23596938200963358,13.027164696665233,0.648131102824033,1.8556562203616558,0.5440670722752654,0.0,5.588790681359193,50.8770412137764,,0.0,
92422,0,Taylor Hendricks,1641707,0022300072,2023-10-25,2023-24,UTA,81,0.0,9.0,1,1,1.0,1.0,9.0,,1.0,1.0,0.0,,0.7288732509320747,0.13488881673881672,102.30129812997457,,,0.7215002590002593,0.3784456452699847,0.13488881673881672,102.30129812997457,0.7215002590002593,0.3784456452699847,0.7215002590002593,0.3784456452699847,0.13488881673881672,102.30129812997457,0.7288732509320747,99.15743902439027,0.36709393220616243,,0.5212600633303343,,114.57499999999973,105.0,0.36709393220616243,0.5212600633303343,108.6,,,1.4001124295669405,2.1126908750321856,2.0890120920923816,5.276849079391836,1.619577236332814,3.031755898309951,1.709768820915234,4.644848797934593,0.7420350611115087,-0.26897528902635476,15.0,7.0,21.0,0.0,0.0,0.0,0.0,0.9150548204236953,0.6528118689495331,-0.14676064296891872,-1.0252594761190392,1.007114406739275,0.5319925262505318,-0.24653149808582894,-0.9395356451209383,-0.19341883275111693,-1.0373926738810144,-0.10534233578697025,-1.32080573670565,2.4514754773442373,0.30442436621422486,-0.8741354164475578,1.120204977404342,0.6284435345852106,2.349635867091488,-1.1522527928189936,-0.5124868868119062,-0.09383225533235581,-0.3441247776349148,5.384726704646099,28.775527975718592,0.3165347246118249,0.23596938200963358,13.027164696665233,0.648131102824033,1.8556562203616558,0.5440670722752654,0.0,5.588790681359193,50.8770412137764,,-0.0,
92423,1,Amen Thompson,1641708,0022300066,2023-10-25,2023-24,HOU,79,0.0,9.0,1,1,1.0,1.0,9.0,,0.0,1.0,0.0,,0.7288732509320747,0.13488881673881672,102.30129812997457,,,0.7215002590002593,0.3784456452699847,0.13488881673881672,102.30129812997457,0.7215002590002593,0.3784456452699847,0.7215002590002593,0.3784456452699847,0.13488881673881672,102.30129812997457,0.7288732509320747,99.15743902439027,0.36709393220616243,,0.5212600633303343,,114.57499999999973,95.5,0.36709393220616243,0.5212600633303343,90.5,,,1.4001124295669405,2.1126908750321856,2.0890120920923816,5.276849079391836,1.619577236332814,3.031755898309951,1.709768820915234,4.644848797934593,0.7420350611115087,-0.26897528902635476,22.0,5.0,29.0,0.0,0.0,0.0,0.0,0.9039961266904983,1.3796669457821475,1.8144230379126718,5.562437286482436,0.2992482666029405,-0.047559056727807594,1.132907371654588,1.9421084219357654,-0.062225180801992463,-0.2848400786045208,0.32749158510274445,0.38468009588355045,2.46079342417169,0.2710770763554326,0.41440642612893697,0.9553949341901842,-0.1335345578772009,-0.32945380999549617,-0.13508518399771435,-0.5464038596221598,0.011553478482821261,1.4241074573946257,8.719063206300108,28.28160026414432,0.20384122874775903,0.23596938200963358,13.027164696665233,0.648131102824033,1.8556562203616558,0.5440670722752654,0.0,5.588790681359193,50.8770412137764,,0.0,
92424,1,Ausar Thompson,1641709,0022300068,2023-10-25,2023-24,DET,78,0.0,9.0,1,1,1.0,1.0,9.0,,0.0,1.0,0.0,,0.6942557442557445,0.14093324675324675,101.88704795204794,,,0.6991336441336443,0.38316703238849775,0.14093324675324675,101.88704795204794,0.6991336441336443,0.38316703238849775,0.6991336441336443,0.38316703238849775,0.14093324675324675,101.88704795204794,0.6942557442557445,99.15743902439027,0.36709393220616243,,0.5212600633303343,,114.57499999999973,95.5,0.36709393220616243,0.5212600633303343,106.3,,,1.3670101191975397,2.4349535679449525,1.7584830331560752,3.532218895270477,1.484528471325535,2.879773744638606,1.7020543965994386,4.855137238840193,0.746776394297021,-0.2753287275601636,21.0,6.0,25.0,0.0,0.0,0.0,0.0,0.25825148930089686,-1.28973346661588,0.5047558785701627,0.042299582714735044,0.3165419081034907,1.0519688644688638,1.114497676199658,1.3164531544027256,0.2248741774962994,-1.100150248865052,0.47241682913420796,0.14494856875689466,1.1713941733132942,0.08477523616022661,-1.2120920104365267,-2.8630047661842872,-1.005976359501535,0.5757504298022695,-0.13949694863320744,0.5326509482455439,-1.0699951756266775,0.8951018421771282,11.372671954638186,23.44756927113108,0.25851020111534445,0.3172419206477575,14.376097661942001,0.4815462990218456,1.718716166888219,0.5795207792146899,0.0,3.558803603739517,47.92050933779842,,0.0,
92425,0,Anthony Black,1641710,0022300066,2023-10-25,2023-24,ORL,79,0.0,9.0,1,1,1.0,1.0,9.0,,1.0,1.0,0.0,,0.8564560439560444,0.1490642857142857,101.91449175824174,,,0.7176670551670554,0.3539587904856222,0.1490642857142857,101.91449175824174,0.7176670551670554,0.3539587904856222,0.7176670551670554,0.3539587904856222,0.1490642857142857,101.91449175824174,0.8564560439560444,99.15743902439027,0.36709393220616243,,0.5212600633303343,,114.57499999999973,95.5,0.36709393220616243,0.5212600633303343,120.8,,,1.3827655850806888,2.8552712030476566,1.6567828318146427,3.3525573561123263,0.9542727702909206,0.34971718079826175,1.1593221591974443,2.318921548550239,0.9334704928712763,0.4058390905497955,13.0,9.0,25.0,0.0,0.0,0.0,0.0,-0.2506695230281926,0.14771833393219516,-0.4276507118662091,-0.03452661477739018,0.7165072856651408,-0.45333569810524377,1.2472923513258363,3.631468612583832,-0.10832981612603386,-0.5237360869213982,-0.14232226672729256,-0.078867630390537,-2.9100789996338268,-0.1028365698776627,-0.7478074141069766,-0.5532230130583263,-0.5344414071918182,2.156507013120374,1.3383892011480598,-1.2885182895343081,3.3642474267576277,-3.103878039040166,10.626698383756244,25.84664826012989,0.24860366073628673,0.3965524008096969,3.4464345291496805,0.5706471503953633,2.1483952086102738,0.7087581123273906,0.0,4.086224898685648,59.90063667224803,,-0.0,
92426,0,Gradey Dick,1641711,0022300069,2023-10-25,2023-24,TOR,78,0.0,9.0,1,1,1.0,1.0,9.0,,1.0,1.0,0.0,,0.9133699633699638,0.16402857142857144,104.76313186813184,,,0.697630147630148,0.3432900832205957,0.16402857142857144,104.76313186813184,0.697630147630148,0.3432900832205957,0.697630147630148,0.3432900832205957,0.16402857142857144,104.76313186813184,0.9133699633699638,99.15743902439027,0.36709393220616243,,0.5212600633303343,,114.57499999999973,101.0,0.36709393220616243,0.5212600633303343,96.0,,,0.5964683178496234,-0.859638395938525,0.9618246468282193,-0.19659019184977447,1.2723636937212275,1.4662895743976823,0.7441751660264823,1.642191256055147,0.9558127444876457,0.23066364707691148,17.0,10.0,25.0,0.0,0.0,0.0,0.0,-1.3616415780772955,3.688423784546648,0.2336739922894341,-0.8559092242698555,0.47490028865694794,-0.6824722990358021,1.065909940078881,1.0630524522303948,-1.1343772024716987,2.860368324856961,2.4926658575367764,7.522782795261717,1.569081946432805,0.4335140265523626,-0.0843706809921565,-4.0185706645438835,0.0272940730349959,0.2898429573120259,-0.5800611964506597,0.8174117859240939,-0.33421863289583686,6.417498851095272,5.269292446731065,22.48024386511156,0.4170328307519485,0.2597446221434319,1.1090509561204858,0.7568612083737589,2.371007153062941,0.9133655023277193,0.0,5.414008289505985,66.54718804268994,,0.0,
92427,0,Rayan Rupert,1641712,0022300074,2023-10-25,2023-24,POR,78,0.0,9.0,1,1,1.0,1.0,9.0,,0.0,1.0,0.0,,0.9057692307692315,0.16194999999999998,102.9482692307692,,,0.7310606060606066,0.3580202312138723,0.16194999999999998,102.9482692307692,0.7310606060606066,0.3580202312138723,0.7310606060606066,0.3580202312138723,0.16194999999999998,102.9482692307692,0.9057692307692315,99.15743902439027,0.36709393220616243,,0.5212600633303343,,114.57499999999973,99.0,0.36709393220616243,0.5212600633303343,112.1,,,0.6130395156513243,-1.8774575939077867,0.705729576352248,-1.3376874454416843,1.0725045744555266,1.7507164128785726,0.5118432813536594,1.5687300864815454,0.9930868383703302,-0.012978888358990637,21.0,10.0,22.0,0.0,0.0,0.0,0.0,0.006524820408913201,-1.2186735766190826,0.03363787099477455,-0.10166060297622692,0.4860934169571669,0.24539540193293072,-0.10214849012165296,-1.1546656837437963,-0.22096028100999854,-0.0033479992085348478,0.19782667871175277,-0.4520533406356078,1.5208973394625733,0.18155975730621918,-0.9369213963762326,-2.1566535945666785,0.3929544607977359,-0.349987112985455,-1.6611836142588128,-0.20822977888159613,-0.4063885467965655,0.8611197420770604,4.830340402812659,23.580443564055056,0.2682573888908502,0.0732655538789469,0.582201347338624,0.7026715852577523,2.297146345773782,0.7875513625850268,0.0,4.413742570743427,65.8299546640005,,0.0,
92428,0,Cam Whitmore,1641715,0022300066,2023-10-25,2023-24,HOU,79,0.0,9.0,1,1,1.0,1.0,9.0,,0.0,1.0,0.0,,0.6,0.14240000000000003,107.25999999999999,,,0.6666666666666666,0.375,0.14240000000000003,107.25999999999999,0.6666666666666666,0.375,0.6666666666666666,0.375,0.14240000000000003,107.25999999999999,0.6,99.15743902439027,0.36709393220616243,,0.5212600633303343,,114.57499999999973,95.5,0.36709393220616243,0.5212600633303343,90.5,,,0.5345701870407655,-3.246563931695116,0.608580619450171,-3.3333333333337674,2.236067977499792,5.00000000000001,0.0,2.0,1.2577882373436418,0.3125000000001433,22.0,5.0,29.0,0.0,0.0,0.0,0.0,0.9039961266904983,1.3796669457821475,1.8144230379126718,5.562437286482436,0.2992482666029405,-0.047559056727807594,1.132907371654588,1.9421084219357654,-0.062225180801992463,-0.2848400786045208,0.32749158510274445,0.38468009588355045,2.46079342417169,0.2710770763554326,0.41440642612893697,0.9553949341901842,-0.1335345578772009,-0.32945380999549617,-0.13508518399771435,-0.5464038596221598,0.011553478482821261,1.4241074573946257,8.719063206300108,28.28160026414432,0.20384122874775903,0.39305882417006827,0.0,0.37791513885746264,1.0999353418209479,0.6768474172060065,0.0,3.2950659823158985,31.10793165378499,,0.0,
92429,0,Jarace Walker,1641716,0022300064,2023-10-25,2023-24,IND,79,0.0,9.0,1,1,1.0,1.0,9.0,,1.0,1.0,0.0,,,,,,,,,,,,,,,,,,99.15743902439027,0.36709393220616243,,0.5212600633303343,,114.57499999999973,110.5,0.36709393220616243,0.5212600633303343,128.8,,,,,,,,,,,,,30.0,12.0,31.0,0.0,0.0,0.0,0.0,0.360775080053254,-0.4158860702515611,-0.15729598080757282,-0.15782018268251435,0.20450283919981885,-0.4955032086916217,-0.7048813442055591,-0.3460130325425111,0.5114912470465601,-0.9174089011550393,-0.6845545526979164,1.7308096806533484,-1.6568637240499489,0.03522493883524229,2.005024872244801,-3.5080802923497094,0.6361047537220524,0.011164164368183585,0.18509910197874113,-0.47101633363854295,0.20612540580232044,3.252326623554589,9.672425592231246,26.928003530830676,0.2741811235905182,,,,,,0.0,,,,0.0,
92430,3,Cason Wallace,1641717,0022300070,2023-10-25,2023-24,OKC,75,0.0,9.0,1,1,1.0,1.0,9.0,,0.0,1.0,0.0,,,,,,,,,,,,,,,,,,99.15743902439027,0.36709393220616243,,0.5212600633303343,,114.57499999999973,99.5,0.36709393220616243,0.5212600633303343,124.0,,,,,,,,,,,,,30.0,9.0,30.0,0.0,0.0,0.0,0.0,0.8778415253735163,-0.14077891755823438,0.9250094884193231,1.0865504078468706,0.8616988475350496,0.9319682882380931,-0.19914371893601146,-0.8950087953203081,-0.6319865705206,0.8884867158635052,0.43693688449995705,0.8848368689005125,-4.088999646403135,-1.0224356183507088,1.052983381856842,3.8261242073576254,-0.7762589181540872,0.9562045692539712,-1.0933405192807655,0.1948134394484352,-1.0128600961125405,-0.768527030326136,9.281194342521133,20.317572721383343,0.3721574974775486,,,,,,0.0,,,,-0.0,
92431,1,Keyonte George,1641718,0022300072,2023-10-25,2023-24,UTA,76,0.0,9.0,1,1,1.0,1.0,9.0,,1.0,1.0,0.0,,,,,,,,,,,,,,,,,,99.15743902439027,0.36709393220616243,,0.5212600633303343,,114.57499999999973,105.0,0.36709393220616243,0.5212600633303343,108.6,,,,,,,,,,,,,15.0,7.0,21.0,0.0,0.0,0.0,0.0,0.9150548204236953,0.6528118689495331,-0.14676064296891872,-1.0252594761190392,1.007114406739275,0.5319925262505318,-0.24653149808582894,-0.9395356451209383,-0.19341883275111693,-1.0373926738810144,-0.10534233578697025,-1.32080573670565,2.4514754773442373,0.30442436621422486,-0.8741354164475578,1.120204977404342,0.6284435345852106,2.349635867091488,-1.1522527928189936,-0.5124868868119062,-0.09383225533235581,-0.3441247776349148,5.384726704646099,28.775527975718592,0.3165347246118249,,,,,,0.0,,,,-0.0,
92432,1,Jordan Hawkins,1641722,0022300071,2023-10-25,2023-24,NOP,77,0.0,9.0,1,1,1.0,1.0,9.0,,0.0,1.0,0.0,,,,,,,,,,,,,,,,,,99.15743902439027,0.36709393220616243,,0.5212600633303343,,114.57499999999973,103.5,0.36709393220616243,0.5212600633303343,107.8,,,,,,,,,,,,,22.0,4.0,28.0,0.0,0.0,0.0,0.0,0.3730453340448638,-1.1205728861762372,0.23227658437161816,-1.162506953927071,0.9177866520943584,0.017146643140130473,0.46940138886340066,-0.8252371327943644,0.4369958301400395,-0.7701771678177814,-0.30121349827965727,-0.47856194073324915,-1.1799335681708047,-0.3754271640360746,-0.4060649102998512,2.339415501129565,-0.3448789073926619,-0.02836080672187135,1.9662215596589678,-0.28536367721290234,-1.260885064086371,-3.862105005940988,7.450814748624538,30.11276996885222,0.3448830230678503,,,,,,0.0,,,,-0.0,
92433,0,Dereck Lively II,1641726,0022300073,2023-10-25,2023-24,DAL,85,0.0,9.0,1,1,1.0,1.0,9.0,,0.0,1.0,0.0,,,,,,,,,,,,,,,,,,99.15743902439027,0.36709393220616243,,0.5212600633303343,,114.57499999999973,107.0,0.36709393220616243,0.5212600633303343,117.8,,,,,,,,,,,,,27.0,11.0,36.0,0.0,0.0,0.0,0.0,-0.5542797196787428,-0.4039149229674024,0.020323353503602565,-0.534307677260878,0.5870655388104239,0.30947802197802293,1.9230287160211863,4.090048736443678,-0.19017059489319438,-0.7277740322816201,0.44074214573497544,0.8972822825345081,-4.471792735357913,-0.005327825274195536,-0.16448520407957126,-1.2489582461324222,-0.8271385464592075,0.5197240350314922,-0.11595758196486297,-1.304606128604023,2.1125061311551976,-1.3817730864752216,7.147181721537495,30.047406798497413,0.5360050250790771,,,,,,0.0,,,,-0.0,
92434,0,Brice Sensabaugh,1641729,0022300072,2023-10-25,2023-24,UTA,77,0.0,9.0,1,1,1.0,1.0,9.0,,1.0,1.0,0.0,,,,,,,,,,,,,,,,,,99.15743902439027,0.36709393220616243,,0.5212600633303343,,114.57499999999973,105.0,0.36709393220616243,0.5212600633303343,108.6,,,,,,,,,,,,,15.0,7.0,21.0,0.0,0.0,0.0,0.0,0.9150548204236953,0.6528118689495331,-0.14676064296891872,-1.0252594761190392,1.007114406739275,0.5319925262505318,-0.24653149808582894,-0.9395356451209383,-0.19341883275111693,-1.0373926738810144,-0.10534233578697025,-1.32080573670565,2.4514754773442373,0.30442436621422486,-0.8741354164475578,1.120204977404342,0.6284435345852106,2.349635867091488,-1.1522527928189936,-0.5124868868119062,-0.09383225533235581,-0.3441247776349148,5.384726704646099,28.775527975718592,0.3165347246118249,,,,,,0.0,,,,-0.0,
92435,1,Bilal Coulibaly,1641731,0022300064,2023-10-25,2023-24,WAS,80,0.0,9.0,1,1,1.0,1.0,9.0,,0.0,1.0,0.0,,,,,,,,,,,,,,,,,,99.15743902439027,0.36709393220616243,,0.5212600633303343,,114.57499999999973,110.5,0.36709393220616243,0.5212600633303343,109.1,,,,,,,,,,,,,15.0,4.0,19.0,0.0,0.0,0.0,0.0,0.22486592087636767,-0.29056531959812065,1.0536566421654392,-0.15494755242475725,0.12951890954217493,-0.6849230769230774,-0.016073722212782287,-1.497829734714537,0.01472302909391346,-0.9244320146504095,-0.7120193039809354,-0.46572796164371344,-5.231112852681077,-0.5454146008596954,0.14900321942061204,-0.8554124730807756,0.7215074861571507,2.6637020515541927,0.7254414632898074,0.7131672542961877,-0.7250332955148833,-1.046692852869529,11.70814509476797,21.547868389432352,0.2562045351833258,,,,,,0.0,,,,-0.0,
92436,0,Nick Smith Jr.,1641733,0022300063,2023-10-25,2023-24,CHA,74,0.0,9.0,1,1,1.0,1.0,9.0,,1.0,1.0,0.0,,,,,,,,,,,,,,,,,,99.15743902439027,0.36709393220616243,,0.5212600633303343,,114.57499999999973,104.0,0.36709393220616243,0.5212600633303343,111.5,,,,,,,,,,,,,21.0,13.0,23.0,0.0,0.0,0.0,0.0,-0.6822750486409201,0.7204970892984411,0.4152598317892234,0.1644374712224492,0.3338199358599683,0.38972987014739513,-0.4113751419887806,-0.7114633413461531,0.9280693109945473,1.4152543447662582,0.20402025625970888,-0.8160365014347399,-5.852206653260408,0.12166806939684217,-1.168880319577239,0.28900229061663507,-0.0581390953308635,-1.05307042263626,-0.3103705709054689,-0.38035921342382506,0.2939990476479936,1.5237991093741285,6.772722275300276,22.36287383073628,0.3191683223983078,,,,,,0.0,,,,0.0,
92437,0,Kobe Brown,1641738,0022300074,2023-10-25,2023-24,LAC,79,0.0,9.0,1,1,1.0,1.0,9.0,,1.0,1.0,0.0,,,,,,,,,,,,,,,,,,99.15743902439027,0.36709393220616243,,0.5212600633303343,,114.57499999999973,99.0,0.36709393220616243,0.5212600633303343,124.2,,,,,,,,,,,,,19.0,7.0,27.0,0.0,0.0,0.0,0.0,0.14078121781744615,1.572461247076045,0.7968477377525303,-0.3468721576916144,0.587253834352936,-1.2522373510360865,0.2274490725883528,-0.6606923076923084,-1.2216682353586672,2.9917012363932725,-0.12170559112243456,-0.8664745250858866,-6.694296576358237,-0.3609797615125369,-0.9440931544828726,5.646107794222467,-0.04871549737858397,-0.25603125855902803,0.7038930298621846,-0.7748086818116726,0.16510124705177623,-1.8553287444693907,11.57971006666366,28.279522819236853,0.3966358265976225,,,,,,0.0,,,,-0.0,
92438,2,Toumani Camara,1641739,0022300074,2023-10-25,2023-24,POR,79,0.0,9.0,1,1,1.0,1.0,9.0,,0.0,1.0,0.0,,,,,,,,,,,,,,,,,,99.15743902439027,0.36709393220616243,,0.5212600633303343,,114.57499999999973,99.0,0.36709393220616243,0.5212600633303343,112.1,,,,,,,,,,,,,21.0,10.0,22.0,0.0,0.0,0.0,0.0,0.006524820408913201,-1.2186735766190826,0.03363787099477455,-0.10166060297622692,0.4860934169571669,0.24539540193293072,-0.10214849012165296,-1.1546656837437963,-0.22096028100999854,-0.0033479992085348478,0.19782667871175277,-0.4520533406356078,1.5208973394625733,0.18155975730621918,-0.9369213963762326,-2.1566535945666785,0.3929544607977359,-0.349987112985455,-1.6611836142588128,-0.20822977888159613,-0.4063885467965655,0.8611197420770604,4.830340402812659,23.580443564055056,0.2682573888908502,,,,,,0.0,,,,0.0,
92439,0,Jordan Miller,1641757,0022300074,2023-10-25,2023-24,LAC,77,0.0,9.0,1,1,1.0,1.0,9.0,,1.0,1.0,0.0,,,,,,,,,,,,,,,,,,99.15743902439027,0.36709393220616243,,0.5212600633303343,,114.57499999999973,99.0,0.36709393220616243,0.5212600633303343,124.2,,,,,,,,,,,,,19.0,7.0,27.0,0.0,0.0,0.0,0.0,0.14078121781744615,1.572461247076045,0.7968477377525303,-0.3468721576916144,0.587253834352936,-1.2522373510360865,0.2274490725883528,-0.6606923076923084,-1.2216682353586672,2.9917012363932725,-0.12170559112243456,-0.8664745250858866,-6.694296576358237,-0.3609797615125369,-0.9440931544828726,5.646107794222467,-0.04871549737858397,-0.25603125855902803,0.7038930298621846,-0.7748086818116726,0.16510124705177623,-1.8553287444693907,11.57971006666366,28.279522819236853,0.3966358265976225,,,,,,0.0,,,,-0.0,
92440,0,Ben Sheppard,1641767,0022300064,2023-10-25,2023-24,IND,78,0.0,9.0,1,1,1.0,1.0,9.0,,1.0,1.0,0.0,,,,,,,,,,,,,,,,,,99.15743902439027,0.36709393220616243,,0.5212600633303343,,114.57499999999973,110.5,0.36709393220616243,0.5212600633303343,128.8,,,,,,,,,,,,,30.0,12.0,31.0,0.0,0.0,0.0,0.0,0.360775080053254,-0.4158860702515611,-0.15729598080757282,-0.15782018268251435,0.20450283919981885,-0.4955032086916217,-0.7048813442055591,-0.3460130325425111,0.5114912470465601,-0.9174089011550393,-0.6845545526979164,1.7308096806533484,-1.6568637240499489,0.03522493883524229,2.005024872244801,-3.5080802923497094,0.6361047537220524,0.011164164368183585,0.18509910197874113,-0.47101633363854295,0.20612540580232044,3.252326623554589,9.672425592231246,26.928003530830676,0.2741811235905182,,,,,,0.0,,,,0.0,
92441,0,Kyle Lowry,200768,0022300068,2023-10-25,2023-24,MIA,72,17.0,10.0,1,1,1.0,1.0,9.0,,1.0,1.0,0.0,,2.5020242914979756,0.19144939271255065,112.68380566801625,,,0.8573033707865169,0.3709483793517407,0.19144939271255065,112.68380566801625,0.8573033707865169,0.3709483793517407,0.8573033707865169,0.3709483793517407,0.19144939271255065,112.68380566801625,2.5020242914979756,99.15743902439027,0.36709393220616243,,0.5212600633303343,,114.57499999999973,95.5,0.36709393220616243,0.5212600633303343,108.4,,,0.9405460868921105,-0.7852564102563585,1.3173534105789233,1.8210314373312617,1.7915509142233272,2.625,1.3173534105789226,1.8210314373312588,-0.211391509477456,-0.9777938324651125,10.0,4.0,18.0,0.0,0.0,0.0,0.0,0.16289444677909604,-1.2449958994215802,1.3302190543462888,1.3637404230640089,1.2770589130220669,2.8102743314923706,0.8777393915073529,1.7236535390114183,-0.26015284758040463,1.2003402006455854,0.3490313714548254,0.4557158233338131,4.1827600335403865,-0.3200778176531089,-0.26732218964800564,-0.3357267562641531,-0.957589252605804,2.3025073266321545,-0.9112785996759298,-0.3263575216868493,-0.7740943176483305,-0.2774630700584163,9.034743860710782,24.277919846135312,0.1753570234333204,0.20669731420254686,2.3989419747397713,1.544137606320528,1.7617683360792598,1.6640656282550492,0.02128755332478359,13.950887758797032,42.772070450791446,,-0.005906509899526702,
92442,2,Al Horford,201143,0022300065,2023-10-25,2023-24,BOS,81,16.0,10.0,1,1,1.0,1.0,9.0,,0.0,1.0,0.0,,1.5303643724696356,0.15606910569105692,114.40853658536582,,,0.8181818181818182,0.3808016877637131,0.15606910569105692,114.40853658536582,0.8181818181818182,0.3808016877637131,0.8181818181818182,0.3808016877637131,0.15606910569105692,114.40853658536582,1.5303643724696356,99.15743902439027,0.36709393220616243,,0.5212600633303343,,114.57499999999973,96.5,0.36709393220616243,0.5212600633303343,112.5,,,0.8422416405445262,1.4592079784772631,1.3173534105789233,1.8210314373312617,0.7882269819968927,-1.615384615384615,0.48578611854457393,0.686223182291128,0.00845702396403111,1.1468561197544092,11.0,9.0,30.0,0.0,0.0,0.0,0.0,-0.1341250274017994,-0.9503904674912838,0.9396746450502086,0.7790613952929533,0.2106316201579239,-0.6615626242039883,0.26754530269194526,-1.1202917807305646,1.0841301976891167,2.4629054559644854,-0.2569904110190146,-0.157914499622861,0.660264054548162,-0.15971521405064282,-1.2469167863075052,0.6995610155478222,0.7044772010596769,-0.6694111416158757,-0.7148877042373658,0.4119425354171791,-0.1517367541763056,-0.3799413090421453,8.772985856246011,21.647123008120893,0.21820040692945203,0.00969898968805877,0.3333576961805127,1.6997402633542609,3.4323424869705446,2.600739561767052,-0.13732763635137965,14.911797289698802,74.30034002145096,,0.05217644192300688,
92443,1,Mike Conley,201144,0022300069,2023-10-25,2023-24,MIN,72,16.0,10.0,1,1,1.0,1.0,9.0,,0.0,1.0,0.0,,2.331983805668016,0.20407287449392716,114.28097165991906,,,0.8337874659400545,0.40479548660084624,0.20407287449392716,114.28097165991906,0.8337874659400545,0.40479548660084624,0.8337874659400545,0.40479548660084624,0.20407287449392716,114.28097165991906,2.331983805668016,99.15743902439027,0.36709393220616243,,0.5212600633303343,,114.57499999999973,101.0,0.36709393220616243,0.5212600633303343,93.1,,,0.8682800059870136,-0.3060591652368069,0.045653582490917055,-1.2602667552001383,0.4945054945054946,-0.9120879120879124,1.4258771527803162,1.9531381136221448,0.7327930930127975,0.658014310171308,15.0,8.0,23.0,0.0,0.0,0.0,0.0,0.9294048451754174,0.5281075832576811,-0.15636608597698046,-0.8508145579701971,-0.0363300584636596,0.08454442248806479,0.7318330075238209,1.1367255026025707,0.36318949708297676,-0.7278593497964732,0.24180877322920136,-1.5881867100659064,3.04129541698084,0.5442190964754147,-0.8789572878982338,-0.3667710650150238,-0.3126720758887543,0.016755525704635142,1.607275787741607,-0.0964653161916095,-0.3118231858422,0.5283989469895989,9.706852573492768,22.02297020321017,0.29423764678381653,0.48218834159711504,2.7849350124382615,0.357568621560994,4.320378881197217,1.8743276183728128,-0.7351978563373132,3.470865894399596,95.14757536718481,,-0.3884777731176467,
92444,0,Jeff Green,201145,0022300066,2023-10-25,2023-24,HOU,80,16.0,10.0,1,1,1.0,1.0,9.0,,0.0,1.0,0.0,,1.1012145748987854,0.16561943319838043,112.31740890688253,,,0.8088235294117647,0.35685752330226367,0.16561943319838043,112.31740890688253,0.8088235294117647,0.35685752330226367,0.8088235294117647,0.35685752330226367,0.16561943319838043,112.31740890688253,1.1012145748987854,99.15743902439027,0.36709393220616243,,0.5212600633303343,,114.57499999999973,95.5,0.36709393220616243,0.5212600633303343,90.5,,,-0.5953487001460801,-0.9159087548944331,0.3115740720388408,-0.40384615384615163,0.7882269819968927,-1.615384615384615,0.25598422138411814,-0.5048076923076916,1.4347970093020703,1.8741922795976877,22.0,5.0,29.0,0.0,0.0,0.0,0.0,0.9039961266904983,1.3796669457821475,1.8144230379126718,5.562437286482436,0.2992482666029405,-0.047559056727807594,1.132907371654588,1.9421084219357654,-0.062225180801992463,-0.2848400786045208,0.32749158510274445,0.38468009588355045,2.46079342417169,0.2710770763554326,0.41440642612893697,0.9553949341901842,-0.1335345578772009,-0.32945380999549617,-0.13508518399771435,-0.5464038596221598,0.011553478482821261,1.4241074573946257,8.719063206300108,28.28160026414432,0.20384122874775903,2.689085477623792,-0.12922280406409792,1.012982985282848,1.165170667100092,0.9446370598546037,0.02128755332478359,8.832262675587724,32.952891046431176,,0.03031576343951007,
92445,2,Derrick Rose,201565,0022300071,2023-10-25,2023-24,MEM,75,15.0,10.0,1,1,1.0,1.0,9.0,,1.0,1.0,0.0,,0.7845528455284553,0.25489430894308945,108.66666666666654,,,0.8768996960486323,0.34823091247672255,0.25489430894308945,108.66666666666654,0.8768996960486323,0.34823091247672255,0.8768996960486323,0.34823091247672255,0.25489430894308945,108.66666666666654,0.7845528455284553,99.15743902439027,0.36709393220616243,,0.5212600633303343,,114.57499999999973,103.5,0.36709393220616243,0.5212600633303343,100.0,,,0.3513784378080764,-0.48394787031151126,-0.12180808590579953,-1.5678938903210171,0.43302553022231466,-0.6690942193900771,1.4073873102947176,1.2637362637362621,-0.16823418563071246,-0.032967032967040774,21.0,9.0,34.0,0.0,0.0,0.0,0.0,0.5807066112454882,0.31829158056834433,0.5136395379187086,-0.21192459784236187,0.09329397594116594,-0.935621172107659,0.6334643832331259,-0.0073863036825995414,0.044061465605854604,-1.1264255990581848,-0.39108325586799175,0.08604538829449272,4.855009648806637,-0.8096010038680436,0.8899334545086526,-3.633633699745444,-0.8005999507458954,0.013643858455230301,1.356569877979757,0.0247500308134284,-0.06929788586297092,0.4970886322828334,8.569340103739568,26.99046267841391,0.23414074196858056,0.005546181943870955,1.7785663811416739,0.6608568268623272,1.1154290725902345,0.27039567395081593,-0.13732763635137965,5.663106909261416,30.105946754164563,,-0.06826400692854162,
92446,1,Russell Westbrook,201566,0022300074,2023-10-25,2023-24,LAC,76,15.0,10.0,1,1,1.0,1.0,9.0,,1.0,1.0,0.0,,1.125506072874494,0.2836599190283402,109.94979757085015,,,0.6741405082212257,0.3053691275167785,0.2836599190283402,109.94979757085015,0.6741405082212257,0.3053691275167785,0.6741405082212257,0.3053691275167785,0.2836599190283402,109.94979757085015,1.125506072874494,99.15743902439027,0.36709393220616243,,0.5212600633303343,,114.57499999999973,99.0,0.36709393220616243,0.5212600633303343,124.2,,,0.25908839735048905,-0.27729527988435987,-0.2896130861079493,-0.7538461538461536,0.4550830602384323,-1.1091766030037644,1.0766987880365617,0.5851648351648348,0.7167558198755303,0.8076923076923077,19.0,7.0,27.0,0.0,0.0,0.0,0.0,0.14078121781744615,1.572461247076045,0.7968477377525303,-0.3468721576916144,0.587253834352936,-1.2522373510360865,0.2274490725883528,-0.6606923076923084,-1.2216682353586672,2.9917012363932725,-0.12170559112243456,-0.8664745250858866,-6.694296576358237,-0.3609797615125369,-0.9440931544828726,5.646107794222467,-0.04871549737858397,-0.25603125855902803,0.7038930298621846,-0.7748086818116726,0.16510124705177623,-1.8553287444693907,11.57971006666366,28.279522819236853,0.3966358265976225,0.5789181622071591,0.6300462688235919,1.657705862551842,2.1568640395801943,1.2513607188395512,-0.005339380832623263,19.19575326415893,60.99508582529948,,0.009906306736434849,
92447,3,Kevin Love,201567,0022300068,2023-10-25,2023-24,MIA,80,15.0,10.0,1,1,1.0,1.0,9.0,,1.0,1.0,0.0,,2.2874493927125505,0.22198785425101206,109.14331983805663,,,0.8589562764456982,0.376271186440678,0.22198785425101206,109.14331983805663,0.8589562764456982,0.376271186440678,0.8589562764456982,0.376271186440678,0.22198785425101206,109.14331983805663,2.2874493927125505,99.15743902439027,0.36709393220616243,,0.5212600633303343,,114.57499999999973,95.5,0.36709393220616243,0.5212600633303343,108.4,,,1.0441029313106924,0.49587769150725136,1.0441029313106915,0.49587769150723826,2.272968452080367,4.784795190200593,1.0742510779389236,-0.1056434647397792,-0.41592764560071743,-0.4667885748405791,10.0,4.0,18.0,0.0,0.0,0.0,0.0,0.16289444677909604,-1.2449958994215802,1.3302190543462888,1.3637404230640089,1.2770589130220669,2.8102743314923706,0.8777393915073529,1.7236535390114183,-0.26015284758040463,1.2003402006455854,0.3490313714548254,0.4557158233338131,4.1827600335403865,-0.3200778176531089,-0.26732218964800564,-0.3357267562641531,-0.957589252605804,2.3025073266321545,-0.9112785996759298,-0.3263575216868493,-0.7740943176483305,-0.2774630700584163,9.034743860710782,24.277919846135312,0.1753570234333204,0.19415027292675635,-0.11348760587391048,0.5982615210882039,2.792389391964378,1.3027057241404822,-0.6415716903718726,5.4051396047511435,67.79340583730969,,0.17801245087314746,
92448,0,Nicolas Batum,201587,0022300074,2023-10-25,2023-24,LAC,80,15.0,10.0,1,1,1.0,1.0,9.0,,1.0,1.0,0.0,,1.5991902834008098,0.11589837398373969,110.59837398373972,,,0.7674418604651163,0.39677744209466265,0.11589837398373969,110.59837398373972,0.7674418604651163,0.39677744209466265,0.7674418604651163,0.39677744209466265,0.11589837398373969,110.59837398373972,1.5991902834008098,99.15743902439027,0.36709393220616243,,0.5212600633303343,,114.57499999999973,99.0,0.36709393220616243,0.5212600633303343,124.2,,,1.6720819322526927,0.8974358974366284,2.4047631387103467,4.349112426035783,3.8729833462074166,14.999999999999995,0.870763844010759,0.9564634672691265,2.6340921123166945,7.994567179423959,19.0,7.0,27.0,0.0,0.0,0.0,0.0,0.14078121781744615,1.572461247076045,0.7968477377525303,-0.3468721576916144,0.587253834352936,-1.2522373510360865,0.2274490725883528,-0.6606923076923084,-1.2216682353586672,2.9917012363932725,-0.12170559112243456,-0.8664745250858866,-6.694296576358237,-0.3609797615125369,-0.9440931544828726,5.646107794222467,-0.04871549737858397,-0.25603125855902803,0.7038930298621846,-0.7748086818116726,0.16510124705177623,-1.8553287444693907,11.57971006666366,28.279522819236853,0.3966358265976225,21.058426348706575,0.8328538054151233,2.2465117156689276,5.020844959187038,4.854179428734221,-0.29459790884494386,26.01395432880933,141.98709959518015,,0.5465759683405977,
92449,1,DeMar DeRozan,201942,0022300070,2023-10-25,2023-24,CHI,78,14.0,10.0,1,1,1.0,1.0,9.0,,1.0,1.0,0.0,,0.4817813765182186,0.27563967611336043,112.85546558704438,,,0.8748627881448957,0.3242506811989101,0.27563967611336043,112.85546558704438,0.8748627881448957,0.3242506811989101,0.8748627881448957,0.3242506811989101,0.27563967611336043,112.85546558704438,0.4817813765182186,99.15743902439027,0.36709393220616243,,0.5212600633303343,,114.57499999999973,99.5,0.36709393220616243,0.5212600633303343,105.1,,,0.3707138002146349,-1.281836061665607,-0.4774636406253453,-0.00669824041953677,0.41010582950671143,-0.46339504587370967,0.4945054945054946,-0.9120879120879124,-0.2846164457199521,-0.546365953031297,20.0,16.0,26.0,0.0,0.0,0.0,0.0,0.5936660591062312,0.5312434805083484,0.49493607138633816,-0.4400980397565075,-0.054575738070172825,-0.43708052903711986,0.65360516275961,-0.5766184007197699,2.845046097885443,9.700607193204773,0.6064904196044574,1.5783824397471296,-1.2240278837100176,0.05644853485677678,0.8893269515609293,-3.5406434910260454,-0.25224838695821383,-0.3536909799309485,2.4165514920661613,0.5007200327959608,-0.39650324604073134,-4.429697282064193,10.239091845676827,24.064842409807756,0.2428298879706713,0.15550473561416203,-0.4510324839995172,0.6455985813373016,2.917768072126908,1.3660628214614392,-0.6415716903718726,6.610343169751292,70.21562884410264,,2.841968373089614,
92450,1,Jrue Holiday,201950,0022300065,2023-10-25,2023-24,BOS,76,14.0,10.0,1,1,1.0,1.0,9.0,,0.0,1.0,0.0,,2.076923076923077,0.23388259109311765,116.21376518218624,,,0.7801204819277109,0.3877551020408163,0.23388259109311765,116.21376518218624,0.7801204819277109,0.3877551020408163,0.7801204819277109,0.3877551020408163,0.23388259109311765,116.21376518218624,2.076923076923077,99.15743902439027,0.36709393220616243,,0.5212600633303343,,114.57499999999973,96.5,0.36709393220616243,0.5212600633303343,112.5,,,1.7460677079048297,2.5834891791832275,0.9019488063131239,0.03127758667925097,0.6311452206274271,-0.8035104688211196,0.09105882858873597,-0.17109625217733246,0.9694244297316863,2.581826971893671,11.0,9.0,30.0,0.0,0.0,0.0,0.0,-0.1341250274017994,-0.9503904674912838,0.9396746450502086,0.7790613952929533,0.2106316201579239,-0.6615626242039883,0.26754530269194526,-1.1202917807305646,1.0841301976891167,2.4629054559644854,-0.2569904110190146,-0.157914499622861,0.660264054548162,-0.15971521405064282,-1.2469167863075052,0.6995610155478222,0.7044772010596769,-0.6694111416158757,-0.7148877042373658,0.4119425354171791,-0.1517367541763056,-0.3799413090421453,8.772985856246011,21.647123008120893,0.21820040692945203,2.502886139893908,-0.01557982429919086,0.7827296395200841,3.602637951531379,2.39853842366743,-0.6415716903718726,6.866876056774237,77.98674689052444,,0.24375958788427118,
92451,0,Gordon Hayward,202330,0022300063,2023-10-25,2023-24,CHA,79,13.0,10.0,1,1,1.0,1.0,9.0,,1.0,1.0,0.0,,1.4736842105263157,0.2034552845528453,111.31016260162603,,,0.8369426751592357,0.37801047120418846,0.2034552845528453,111.31016260162603,0.8369426751592357,0.37801047120418846,0.8369426751592357,0.37801047120418846,0.2034552845528453,111.31016260162603,1.4736842105263157,99.15743902439027,0.36709393220616243,,0.5212600633303343,,114.57499999999973,104.0,0.36709393220616243,0.5212600633303343,111.5,,,-0.7402304167751386,-1.021978021978021,-0.35064173885345346,-1.0986488012345195,0.08397341493564266,0.019374010662986416,1.1272801545162074,1.9567100191982898,1.3572417850765925,2.2260498299279456,21.0,13.0,23.0,0.0,0.0,0.0,0.0,-0.6822750486409201,0.7204970892984411,0.4152598317892234,0.1644374712224492,0.3338199358599683,0.38972987014739513,-0.4113751419887806,-0.7114633413461531,0.9280693109945473,1.4152543447662582,0.20402025625970888,-0.8160365014347399,-5.852206653260408,0.12166806939684217,-1.168880319577239,0.28900229061663507,-0.0581390953308635,-1.05307042263626,-0.3103705709054689,-0.38035921342382506,0.2939990476479936,1.5237991093741285,6.772722275300276,22.36287383073628,0.3191683223983078,3.0212878448408502,2.2057603727852593,0.9937553904505767,1.8891995229887968,0.9138753456029284,-0.13732763635137965,6.730429269104344,42.24793057368563,,-0.2092597299646865,
92452,4,Paul George,202331,0022300074,2023-10-25,2023-24,LAC,80,13.0,10.0,1,1,1.0,1.0,9.0,,1.0,1.0,0.0,,3.2672064777327936,0.29729959514170007,114.87854251012133,,,0.8600299401197605,0.39423546653639474,0.29729959514170007,114.87854251012133,0.8600299401197605,0.39423546653639474,0.8600299401197605,0.39423546653639474,0.29729959514170007,114.87854251012133,3.2672064777327936,99.15743902439027,0.36709393220616243,,0.5212600633303343,,114.57499999999973,99.0,0.36709393220616243,0.5212600633303343,124.2,,,0.5775194344292851,-0.2657668336003353,-0.280691662597272,-0.18319014847481313,1.8242725176249401,5.26823805076666,0.1343802801439809,-1.3365557500345768,1.5109031128426968,2.106807542570137,19.0,7.0,27.0,0.0,0.0,0.0,0.0,0.14078121781744615,1.572461247076045,0.7968477377525303,-0.3468721576916144,0.587253834352936,-1.2522373510360865,0.2274490725883528,-0.6606923076923084,-1.2216682353586672,2.9917012363932725,-0.12170559112243456,-0.8664745250858866,-6.694296576358237,-0.3609797615125369,-0.9440931544828726,5.646107794222467,-0.04871549737858397,-0.25603125855902803,0.7038930298621846,-0.7748086818116726,0.16510124705177623,-1.8553287444693907,11.57971006666366,28.279522819236853,0.3966358265976225,3.1831820742296926,-0.17960673611769495,1.8373893675443764,6.194970678937604,2.9271190102446676,-0.51461064452263,21.27643615573439,175.19081467951918,,0.9547719209927549,
92453,1,Kyrie Irving,202681,0022300073,2023-10-25,2023-24,DAL,74,12.0,10.0,1,1,1.0,1.0,9.0,,0.0,1.0,0.0,,2.9392712550607287,0.289008130081301,116.53495934959345,,,0.9037536092396535,0.39922265408106605,0.289008130081301,116.53495934959345,0.9037536092396535,0.39922265408106605,0.9037536092396535,0.39922265408106605,0.289008130081301,116.53495934959345,2.9392712550607287,99.15743902439027,0.36709393220616243,,0.5212600633303343,,114.57499999999973,107.0,0.36709393220616243,0.5212600633303343,117.8,,,0.7953106323595512,1.4387063613369213,-0.04052785963523586,-0.797690773226172,-0.5423449800950749,-0.21508794236066672,0.8094931846385934,-0.4038461538461546,-0.5890060859578191,-0.4750859231585156,27.0,11.0,36.0,0.0,0.0,0.0,0.0,-0.5542797196787428,-0.4039149229674024,0.020323353503602565,-0.534307677260878,0.5870655388104239,0.30947802197802293,1.9230287160211863,4.090048736443678,-0.19017059489319438,-0.7277740322816201,0.44074214573497544,0.8972822825345081,-4.471792735357913,-0.005327825274195536,-0.16448520407957126,-1.2489582461324222,-0.8271385464592075,0.5197240350314922,-0.11595758196486297,-1.304606128604023,2.1125061311551976,-1.3817730864752216,7.147181721537495,30.047406798497413,0.5360050250790771,0.2798285000932545,-0.32691070918097104,1.6540586401508055,5.838050587712022,1.7397586887180512,-0.51461064452263,11.821857679237002,175.41828091919004,,0.7110751386150375,
92454,2,Jonas Valanciunas,202685,0022300071,2023-10-25,2023-24,NOP,83,12.0,10.0,1,1,1.0,1.0,9.0,,0.0,1.0,0.0,,0.4979757085020243,0.22745344129554623,110.81457489878532,,,0.7963636363636364,0.3536231884057971,0.22745344129554623,110.81457489878532,0.7963636363636364,0.3536231884057971,0.7963636363636364,0.3536231884057971,0.22745344129554623,110.81457489878532,0.4979757085020243,99.15743902439027,0.36709393220616243,,0.5212600633303343,,114.57499999999973,103.5,0.36709393220616243,0.5212600633303343,107.8,,,0.1162665630218508,0.6902964427828391,0.16884872092715683,-0.23942388270818762,0.7718693010938319,0.20592980426775617,3.8729833462074166,14.999999999999995,0.8587743023032591,0.6678716880977348,22.0,4.0,28.0,0.0,0.0,0.0,0.0,0.3730453340448638,-1.1205728861762372,0.23227658437161816,-1.162506953927071,0.9177866520943584,0.017146643140130473,0.46940138886340066,-0.8252371327943644,0.4369958301400395,-0.7701771678177814,-0.30121349827965727,-0.47856194073324915,-1.1799335681708047,-0.3754271640360746,-0.4060649102998512,2.339415501129565,-0.3448789073926619,-0.02836080672187135,1.9662215596589678,-0.28536367721290234,-1.260885064086371,-3.862105005940988,7.450814748624538,30.11276996885222,0.3448830230678503,0.5735510429742321,58.09475019311123,0.0015676391156241865,0.8614393791314064,0.13871550910357522,0.824414167986588,0.011680188643213416,25.940325865894916,,-3.183974085149676,
92455,2,Alec Burks,202692,0022300068,2023-10-25,2023-24,DET,77,12.0,10.0,1,1,1.0,1.0,9.0,,0.0,1.0,0.0,,1.680161943319838,0.19486585365853662,107.92764227642284,,,0.8302158273381295,0.39579158316633267,0.19486585365853662,107.92764227642284,0.8302158273381295,0.39579158316633267,0.8302158273381295,0.39579158316633267,0.19486585365853662,107.92764227642284,1.680161943319838,99.15743902439027,0.36709393220616243,,0.5212600633303343,,114.57499999999973,95.5,0.36709393220616243,0.5212600633303343,106.3,,,1.3204912226544268,0.954466031534719,1.0236865627073166,1.1374601729631324,-0.1422444456225428,-1.7825927790234748,0.37864410232473283,-1.1251618525639309,0.266259685665729,-0.47616020343293014,21.0,6.0,25.0,0.0,0.0,0.0,0.0,0.25825148930089686,-1.28973346661588,0.5047558785701627,0.042299582714735044,0.3165419081034907,1.0519688644688638,1.114497676199658,1.3164531544027256,0.2248741774962994,-1.100150248865052,0.47241682913420796,0.14494856875689466,1.1713941733132942,0.08477523616022661,-1.2120920104365267,-2.8630047661842872,-1.005976359501535,0.5757504298022695,-0.13949694863320744,0.5326509482455439,-1.0699951756266775,0.8951018421771282,11.372671954638186,23.44756927113108,0.25851020111534445,-0.12678226609258156,-0.426035899634103,1.5272152787644964,3.403994492239214,2.3385894217943566,-0.29459790884494386,17.368518369499927,79.81539665532763,,-0.26369513090863894,
92456,5,Kawhi Leonard,202695,0022300074,2023-10-25,2023-24,LAC,79,12.0,10.0,1,1,1.0,1.0,9.0,,1.0,1.0,0.0,,1.9554655870445343,0.2944048582995952,117.26842105263154,,,0.867704280155642,0.38893476465730803,0.2944048582995952,117.26842105263154,0.867704280155642,0.38893476465730803,0.867704280155642,0.38893476465730803,0.2944048582995952,117.26842105263154,1.9554655870445343,99.15743902439027,0.36709393220616243,,0.5212600633303343,,114.57499999999973,99.0,0.36709393220616243,0.5212600633303343,124.2,,,0.48561917729532383,-1.1776699862637365,1.1047132739521959,0.518013166397842,0.5085998207720283,-0.21057221937247908,0.10343090815181553,-0.12667970212589005,-0.511223744240362,-0.0015554026338137216,19.0,7.0,27.0,0.0,0.0,0.0,0.0,0.14078121781744615,1.572461247076045,0.7968477377525303,-0.3468721576916144,0.587253834352936,-1.2522373510360865,0.2274490725883528,-0.6606923076923084,-1.2216682353586672,2.9917012363932725,-0.12170559112243456,-0.8664745250858866,-6.694296576358237,-0.3609797615125369,-0.9440931544828726,5.646107794222467,-0.04871549737858397,-0.25603125855902803,0.7038930298621846,-0.7748086818116726,0.16510124705177623,-1.8553287444693907,11.57971006666366,28.279522819236853,0.3966358265976225,0.0007951587582595714,-0.013102596635282284,0.722397793326552,4.662682091379211,1.4914064660192283,-0.7614889595473099,8.365156999519089,131.8584246020054,,1.4128123552442131,
92457,0,Nikola Vucevic,202696,0022300070,2023-10-25,2023-24,CHI,82,12.0,10.0,1,1,1.0,1.0,9.0,,1.0,1.0,0.0,,1.5789473684210527,0.24442105263157932,110.96680161943317,,,0.8043478260869565,0.3431111111111111,0.24442105263157932,110.96680161943317,0.8043478260869565,0.3431111111111111,0.8043478260869565,0.3431111111111111,0.24442105263157932,110.96680161943317,1.5789473684210527,99.15743902439027,0.36709393220616243,,0.5212600633303343,,114.57499999999973,99.5,0.36709393220616243,0.5212600633303343,105.1,,,0.04294316429869906,-1.1894472762603596,0.8242479608233445,0.9595283600186628,0.23581611655377996,-0.6463574232950443,0.7882269819968927,-1.615384615384615,0.7920659605863596,0.6608253821614672,20.0,16.0,26.0,0.0,0.0,0.0,0.0,0.5936660591062312,0.5312434805083484,0.49493607138633816,-0.4400980397565075,-0.054575738070172825,-0.43708052903711986,0.65360516275961,-0.5766184007197699,2.845046097885443,9.700607193204773,0.6064904196044574,1.5783824397471296,-1.2240278837100176,0.05644853485677678,0.8893269515609293,-3.5406434910260454,-0.25224838695821383,-0.3536909799309485,2.4165514920661613,0.5007200327959608,-0.39650324604073134,-4.429697282064193,10.239091845676827,24.064842409807756,0.2428298879706713,0.5234172911015708,-1.2732897401488263,0.5338051046557701,2.678291419584552,1.8283374685088962,-0.6415716903718726,5.465679494261561,64.45266093984254,,2.841968373089614,
92458,0,Jimmy Butler,202710,0022300068,2023-10-25,2023-24,MIA,79,12.0,10.0,1,1,1.0,1.0,9.0,,1.0,1.0,0.0,,0.5182186234817814,0.24969635627530357,113.72793522267212,,,0.851634943875061,0.2740899357601713,0.24969635627530357,113.72793522267212,0.851634943875061,0.2740899357601713,0.851634943875061,0.2740899357601713,0.24969635627530357,113.72793522267212,0.5182186234817814,99.15743902439027,0.36709393220616243,,0.5212600633303343,,114.57499999999973,95.5,0.36709393220616243,0.5212600633303343,108.4,,,-0.7011421698399113,0.05885327966472632,0.5308299005106155,-0.17948717948717877,-0.43959448547447216,0.0701951524806456,1.6840317574463952,3.3291224011445606,1.458447871181914,2.0066542454085905,10.0,4.0,18.0,0.0,0.0,0.0,0.0,0.16289444677909604,-1.2449958994215802,1.3302190543462888,1.3637404230640089,1.2770589130220669,2.8102743314923706,0.8777393915073529,1.7236535390114183,-0.26015284758040463,1.2003402006455854,0.3490313714548254,0.4557158233338131,4.1827600335403865,-0.3200778176531089,-0.26732218964800564,-0.3357267562641531,-0.957589252605804,2.3025073266321545,-0.9112785996759298,-0.3263575216868493,-0.7740943176483305,-0.2774630700584163,9.034743860710782,24.277919846135312,0.1753570234333204,2.9266006124143087,5.6063478479536375,0.2900203772733757,0.48380113184373175,0.45542950740253874,-0.13732763635137965,2.6202598230516556,11.745685100371661,,0.03810334758591957,
92459,0,Andre Drummond,203083,0022300070,2023-10-25,2023-24,CHI,83,11.0,10.0,1,1,1.0,1.0,9.0,,1.0,1.0,0.0,,0.03643724696356275,0.21277235772357683,109.63089430894303,,,0.5783009211873081,0.17307692307692307,0.21277235772357683,109.63089430894303,0.5783009211873081,0.17307692307692307,0.5783009211873081,0.17307692307692307,0.21277235772357683,109.63089430894303,0.03643724696356275,99.15743902439027,0.36709393220616243,,0.5212600633303343,,114.57499999999973,99.5,0.36709393220616243,0.5212600633303343,105.1,,,0.4445182350958452,-1.4880387102609325,0.43251501917473595,-1.5452890304961358,0.0,-3.0,0.0,-3.0,3.872983346207248,14.999999999994102,20.0,16.0,26.0,0.0,0.0,0.0,0.0,0.5936660591062312,0.5312434805083484,0.49493607138633816,-0.4400980397565075,-0.054575738070172825,-0.43708052903711986,0.65360516275961,-0.5766184007197699,2.845046097885443,9.700607193204773,0.6064904196044574,1.5783824397471296,-1.2240278837100176,0.05644853485677678,0.8893269515609293,-3.5406434910260454,-0.25224838695821383,-0.3536909799309485,2.4165514920661613,0.5007200327959608,-0.39650324604073134,-4.429697282064193,10.239091845676827,24.064842409807756,0.2428298879706713,58.09475019308588,-0.0,0.0,0.1700868267186675,0.0,0.824414167986588,0.0,4.093112680969013,,-3.651905199225402,
92460,5,Harrison Barnes,203084,0022300072,2023-10-25,2023-24,SAC,80,11.0,10.0,1,1,1.0,1.0,9.0,,0.0,1.0,0.0,,1.688259109311741,0.17147368421052622,114.17530364372462,,,0.8346456692913385,0.388468809073724,0.17147368421052622,114.17530364372462,0.8346456692913385,0.388468809073724,0.8346456692913385,0.388468809073724,0.17147368421052622,114.17530364372462,1.688259109311741,99.15743902439027,0.36709393220616243,,0.5212600633303343,,114.57499999999973,105.0,0.36709393220616243,0.5212600633303343,123.8,,,1.1670192955909782,1.806812998711231,1.0875494901485812,0.7490018631887148,0.9291279146534654,-0.34900284900284834,0.5751597122225947,-0.5853475891334196,1.4002538242196836,1.8430359282301492,34.0,14.0,37.0,0.0,0.0,0.0,0.0,1.1694539832129174,2.9653035356946256,-0.006902535250463186,-1.3100959426220031,1.0720567564159929,0.16284979141353553,0.7803769553276454,1.1077873756331051,0.07256131484469062,-0.3871190749031308,-1.3779690064252073,3.844158705427875,-5.698671535309076,-0.06256549772683846,-0.13941569775210438,1.95274910474277,-0.5086427296228615,-0.5099147517457272,0.7714000751133221,0.1463434918775967,-1.4284417948337857,1.6914036129762287,9.54470256186185,29.239585117975565,0.2732889265216949,2.5807181066785407,-0.33666835091616715,1.171554079235034,1.591612120251998,0.4636912799684704,-0.005339380832623263,11.182135221434331,46.538078064909854,,-0.009031048031355012,
92461,6,CJ McCollum,203468,0022300071,2023-10-25,2023-24,NOP,75,10.0,10.0,1,1,1.0,1.0,9.0,,0.0,1.0,0.0,,2.9635627530364372,0.2605384615384615,116.39271255060729,,,0.7647867950481431,0.39364035087719296,0.2605384615384615,116.39271255060729,0.7647867950481431,0.39364035087719296,0.7647867950481431,0.39364035087719296,0.2605384615384615,116.39271255060729,2.9635627530364372,99.15743902439027,0.36709393220616243,,0.5212600633303343,,114.57499999999973,103.5,0.36709393220616243,0.5212600633303343,107.8,,,0.41885052911947485,-0.07369969679438217,1.5064122092937207,2.732515247130285,0.4095747542145887,0.0,1.959793666164918,5.055907895609128,-0.5020233812239068,-0.10401491754559035,22.0,4.0,28.0,0.0,0.0,0.0,0.0,0.3730453340448638,-1.1205728861762372,0.23227658437161816,-1.162506953927071,0.9177866520943584,0.017146643140130473,0.46940138886340066,-0.8252371327943644,0.4369958301400395,-0.7701771678177814,-0.30121349827965727,-0.47856194073324915,-1.1799335681708047,-0.3754271640360746,-0.4060649102998512,2.339415501129565,-0.3448789073926619,-0.02836080672187135,1.9662215596589678,-0.28536367721290234,-1.260885064086371,-3.862105005940988,7.450814748624538,30.11276996885222,0.3448830230678503,0.05221792060396313,9.908536270527968,0.6818703041369505,6.243272046980306,3.3277434573089315,-0.7351978563373132,5.08048931871269,188.0022150036831,,2.8394113213174204,
92462,4,Dennis Schroder,203471,0022300069,2023-10-25,2023-24,TOR,73,10.0,10.0,1,1,1.0,1.0,9.0,,1.0,1.0,0.0,,1.465587044534413,0.2237327935222676,111.04858299595136,,,0.843644544431946,0.36344969199178645,0.2237327935222676,111.04858299595136,0.843644544431946,0.36344969199178645,0.843644544431946,0.36344969199178645,0.2237327935222676,111.04858299595136,1.465587044534413,99.15743902439027,0.36709393220616243,,0.5212600633303343,,114.57499999999973,101.0,0.36709393220616243,0.5212600633303343,96.0,,,-0.14116921247747802,-0.8474435245662933,0.6217733587690292,-1.3036313158287258,1.5518729114349803,2.0952082654890876,0.748794513706997,-0.29876373626373576,0.48482489620627117,-0.6577826710151854,17.0,10.0,25.0,0.0,0.0,0.0,0.0,-1.3616415780772955,3.688423784546648,0.2336739922894341,-0.8559092242698555,0.47490028865694794,-0.6824722990358021,1.065909940078881,1.0630524522303948,-1.1343772024716987,2.860368324856961,2.4926658575367764,7.522782795261717,1.569081946432805,0.4335140265523626,-0.0843706809921565,-4.0185706645438835,0.0272940730349959,0.2898429573120259,-0.5800611964506597,0.8174117859240939,-0.33421863289583686,6.417498851095272,5.269292446731065,22.48024386511156,0.4170328307519485,-0.31890941520122107,-0.22371264660888954,0.8104312764024055,2.6952590534941647,1.6528939365409256,-0.51461064452263,4.270399403341811,60.590080802198585,,-3.302513219985375,
92463,0,Kelly Olynyk,203482,0022300072,2023-10-25,2023-24,UTA,83,10.0,10.0,1,1,1.0,1.0,9.0,,1.0,1.0,0.0,,1.4008097165991902,0.1791295546558704,110.36072874493928,,,0.8392036753445635,0.38946162657502864,0.1791295546558704,110.36072874493928,0.8392036753445635,0.38946162657502864,0.8392036753445635,0.38946162657502864,0.1791295546558704,110.36072874493928,1.4008097165991902,99.15743902439027,0.36709393220616243,,0.5212600633303343,,114.57499999999973,105.0,0.36709393220616243,0.5212600633303343,108.6,,,0.23581611655377946,-0.6463574232950428,0.2161799102469805,-0.742043423704323,1.648695019180985,3.9230769230769247,1.4073873102947176,1.2637362637362621,0.704614484417818,-0.3339274181021443,15.0,7.0,21.0,0.0,0.0,0.0,0.0,0.9150548204236953,0.6528118689495331,-0.14676064296891872,-1.0252594761190392,1.007114406739275,0.5319925262505318,-0.24653149808582894,-0.9395356451209383,-0.19341883275111693,-1.0373926738810144,-0.10534233578697025,-1.32080573670565,2.4514754773442373,0.30442436621422486,-0.8741354164475578,1.120204977404342,0.6284435345852106,2.349635867091488,-1.1522527928189936,-0.5124868868119062,-0.09383225533235581,-0.3441247776349148,5.384726704646099,28.775527975718592,0.3165347246118249,-0.2352900955390156,1.7785663811416739,0.11864470808740195,2.7259599839921234,0.5379596256658599,0.824414167986588,0.6388693280031743,78.44093778005475,,-0.28370134223745785,
92464,0,Mason Plumlee,203486,0022300074,2023-10-25,2023-24,LAC,82,10.0,10.0,1,1,1.0,1.0,9.0,,1.0,1.0,0.0,,0.0,0.14522672064777317,109.96639676113361,,,0.5750332005312085,0.0,0.14522672064777317,109.96639676113361,0.5750332005312085,0.0,0.5750332005312085,0.0,0.14522672064777317,109.96639676113361,0.0,99.15743902439027,0.36709393220616243,,0.5212600633303343,,114.57499999999973,99.0,0.36709393220616243,0.5212600633303343,124.2,,,0.8325259204877788,0.8658461538461538,0.4550830602384218,-2.0940170940172496,0.0,-3.0,0.0,-3.0,0.0,-3.0,19.0,7.0,27.0,0.0,0.0,0.0,0.0,0.14078121781744615,1.572461247076045,0.7968477377525303,-0.3468721576916144,0.587253834352936,-1.2522373510360865,0.2274490725883528,-0.6606923076923084,-1.2216682353586672,2.9917012363932725,-0.12170559112243456,-0.8664745250858866,-6.694296576358237,-0.3609797615125369,-0.9440931544828726,5.646107794222467,-0.04871549737858397,-0.25603125855902803,0.7038930298621846,-0.7748086818116726,0.16510124705177623,-1.8553287444693907,11.57971006666366,28.279522819236853,0.3966358265976225,-0.0,-0.0,0.0,0.0,0.0,0.0,0.0,0.0,,-0.0,
92465,0,Mike Muscala,203488,0022300064,2023-10-25,2023-24,WAS,82,10.0,10.0,1,1,1.0,1.0,9.0,,0.0,1.0,0.0,,1.4291497975708503,0.16252226720647756,107.83400809716603,,,0.8600823045267489,0.3911917098445596,0.16252226720647756,107.83400809716603,0.8600823045267489,0.3911917098445596,0.8600823045267489,0.3911917098445596,0.16252226720647756,107.83400809716603,1.4291497975708503,99.15743902439027,0.36709393220616243,,0.5212600633303343,,114.57499999999973,110.5,0.36709393220616243,0.5212600633303343,109.1,,,2.895144261237632,9.147100558130747,1.407387310294717,1.2637362637362526,2.178716804014732,3.2231404958677765,1.046716309569106,0.3193681318681325,1.0790432274819381,0.5964105099053176,15.0,4.0,19.0,0.0,0.0,0.0,0.0,0.22486592087636767,-0.29056531959812065,1.0536566421654392,-0.15494755242475725,0.12951890954217493,-0.6849230769230774,-0.016073722212782287,-1.497829734714537,0.01472302909391346,-0.9244320146504095,-0.7120193039809354,-0.46572796164371344,-5.231112852681077,-0.5454146008596954,0.14900321942061204,-0.8554124730807756,0.7215074861571507,2.6637020515541927,0.7254414632898074,0.7131672542961877,-0.7250332955148833,-1.046692852869529,11.70814509476797,21.547868389432352,0.2562045351833258,0.6435527215123824,0.3342878323829913,0.7753830564717794,0.8464665784236255,0.5618681346158052,0.02128755332478359,9.078297329196259,18.2395504279254,,-0.022281529920129963,
92466,1,Reggie Bullock Jr.,203493,0022300066,2023-10-25,2023-24,HOU,78,10.0,10.0,1,1,1.0,1.0,9.0,,0.0,1.0,0.0,,2.032388663967611,0.12484615384615393,110.65870445344126,,,0.8265895953757225,0.37452615617892343,0.12484615384615393,110.65870445344126,0.8265895953757225,0.37452615617892343,0.8265895953757225,0.37452615617892343,0.12484615384615393,110.65870445344126,2.032388663967611,99.15743902439027,0.36709393220616243,,0.5212600633303343,,114.57499999999973,95.5,0.36709393220616243,0.5212600633303343,90.5,,,0.14896089793110312,-2.307692307691975,3.872983346207332,14.999999999999217,1.4073873102947176,1.2637362637362621,-0.4550830602384329,-1.1091766030037615,0.7915113561943964,-0.06620966080425407,22.0,5.0,29.0,0.0,0.0,0.0,0.0,0.9039961266904983,1.3796669457821475,1.8144230379126718,5.562437286482436,0.2992482666029405,-0.047559056727807594,1.132907371654588,1.9421084219357654,-0.062225180801992463,-0.2848400786045208,0.32749158510274445,0.38468009588355045,2.46079342417169,0.2710770763554326,0.41440642612893697,0.9553949341901842,-0.1335345578772009,-0.32945380999549617,-0.13508518399771435,-0.5464038596221598,0.011553478482821261,1.4241074573946257,8.719063206300108,28.28160026414432,0.20384122874775903,-0.05240569841634611,0.5047674828398212,3.2685553461356123,2.0009380064188687,1.7796541722669323,0.3751551779993052,28.49874065624653,56.589728850872284,,0.5342612866690187,
92467,1,Robert Covington,203496,0022300074,2023-10-25,2023-24,LAC,79,10.0,10.0,1,1,1.0,1.0,9.0,,1.0,1.0,0.0,,1.9311740890688258,0.14538461538461542,112.04534412955462,,,0.8103975535168195,0.3688458434221146,0.14538461538461542,112.04534412955462,0.8103975535168195,0.3688458434221146,0.8103975535168195,0.3688458434221146,0.14538461538461542,112.04534412955462,1.9311740890688258,99.15743902439027,0.36709393220616243,,0.5212600633303343,,114.57499999999973,99.0,0.36709393220616243,0.5212600633303343,124.2,,,0.3276247397429652,-1.1259323662655054,0.9405460868921027,-0.7852564102564139,2.918888460051857,8.388429752066125,0.38304230896556885,-1.1172161172161172,1.2493606343583885,0.26324556723942766,19.0,7.0,27.0,0.0,0.0,0.0,0.0,0.14078121781744615,1.572461247076045,0.7968477377525303,-0.3468721576916144,0.587253834352936,-1.2522373510360865,0.2274490725883528,-0.6606923076923084,-1.2216682353586672,2.9917012363932725,-0.12170559112243456,-0.8664745250858866,-6.694296576358237,-0.3609797615125369,-0.9440931544828726,5.646107794222467,-0.04871549737858397,-0.25603125855902803,0.7038930298621846,-0.7748086818116726,0.16510124705177623,-1.8553287444693907,11.57971006666366,28.279522819236853,0.3966358265976225,0.3288886488782852,-0.42794104115200915,0.7113295755450905,1.7596732570836149,2.0644910167297548,-0.29459790884494386,8.236990246655072,49.76272002809692,,0.5465759683405977,
92468,0,Rudy Gobert,203497,0022300069,2023-10-25,2023-24,MIN,85,10.0,10.0,1,1,1.0,1.0,9.0,,0.0,1.0,0.0,,0.0,0.16327125506072865,114.23198380566805,,,0.6523605150214592,0.0,0.16327125506072865,114.23198380566805,0.6523605150214592,0.0,0.6523605150214592,0.0,0.16327125506072865,114.23198380566805,0.0,99.15743902439027,0.36709393220616243,,0.5212600633303343,,114.57499999999973,101.0,0.36709393220616243,0.5212600633303343,93.1,,,-0.43419430867216413,-0.2618228232594934,0.37864410232473283,-1.1251618525639304,3.8729833462074166,14.999999999999995,0.0,-3.0,0.0,-3.0,15.0,8.0,23.0,0.0,0.0,0.0,0.0,0.9294048451754174,0.5281075832576811,-0.15636608597698046,-0.8508145579701971,-0.0363300584636596,0.08454442248806479,0.7318330075238209,1.1367255026025707,0.36318949708297676,-0.7278593497964732,0.24180877322920136,-1.5881867100659064,3.04129541698084,0.5442190964754147,-0.8789572878982338,-0.3667710650150238,-0.3126720758887543,0.016755525704635142,1.607275787741607,-0.0964653161916095,-0.3118231858422,0.5283989469895989,9.706852573492768,22.02297020321017,0.29423764678381653,-0.0,-0.0,0.0,0.0,0.0,0.0,0.0,0.0,,0.0,
92469,3,Tim Hardaway Jr.,203501,0022300073,2023-10-25,2023-24,DAL,77,10.0,10.0,1,1,1.0,1.0,9.0,,0.0,1.0,0.0,,2.8582995951417005,0.21310526315789488,114.64655870445335,,,0.7947454844006568,0.3844893500819224,0.21310526315789488,114.64655870445335,0.7947454844006568,0.3844893500819224,0.7947454844006568,0.3844893500819224,0.21310526315789488,114.64655870445335,2.8582995951417005,99.15743902439027,0.36709393220616243,,0.5212600633303343,,114.57499999999973,107.0,0.36709393220616243,0.5212600633303343,117.8,,,0.813920820591383,0.712015257469804,0.27423743669284434,-1.498982346233235,0.061977786051081604,-0.8104870907639062,0.4300350114789412,-0.5906593406593376,0.15237297869956465,-1.1573775940505617,27.0,11.0,36.0,0.0,0.0,0.0,0.0,-0.5542797196787428,-0.4039149229674024,0.020323353503602565,-0.534307677260878,0.5870655388104239,0.30947802197802293,1.9230287160211863,4.090048736443678,-0.19017059489319438,-0.7277740322816201,0.44074214573497544,0.8972822825345081,-4.471792735357913,-0.005327825274195536,-0.16448520407957126,-1.2489582461324222,-0.8271385464592075,0.5197240350314922,-0.11595758196486297,-1.304606128604023,2.1125061311551976,-1.3817730864752216,7.147181721537495,30.047406798497413,0.5360050250790771,-0.17635307148561963,-0.2540041963405821,1.2110259251117093,3.8398412564310673,1.2080161590623262,-0.51461064452263,8.655422356266444,115.3772722736377,,0.7110751386150375,
92470,0,Seth Curry,203552,0022300073,2023-10-25,2023-24,DAL,73,10.0,10.0,1,1,1.0,1.0,9.0,,0.0,1.0,0.0,,2.064777327935223,0.17620242914979767,111.63117408906871,,,0.8682432432432432,0.4552238805970149,0.17620242914979767,111.63117408906871,0.8682432432432432,0.4552238805970149,0.8682432432432432,0.4552238805970149,0.17620242914979767,111.63117408906871,2.064777327935223,99.15743902439027,0.36709393220616243,,0.5212600633303343,,114.57499999999973,107.0,0.36709393220616243,0.5212600633303343,117.8,,,1.1763539004879047,-0.7342657342650253,1.334783731392551,0.47059361565902547,-0.28961308610794967,-0.7538461538461522,1.3526146230885958,0.5864019420346537,0.19882813673925212,-1.0077784898238822,27.0,11.0,36.0,0.0,0.0,0.0,0.0,-0.5542797196787428,-0.4039149229674024,0.020323353503602565,-0.534307677260878,0.5870655388104239,0.30947802197802293,1.9230287160211863,4.090048736443678,-0.19017059489319438,-0.7277740322816201,0.44074214573497544,0.8972822825345081,-4.471792735357913,-0.005327825274195536,-0.16448520407957126,-1.2489582461324222,-0.8271385464592075,0.5197240350314922,-0.11595758196486297,-1.304606128604023,2.1125061311551976,-1.3817730864752216,7.147181721537495,30.047406798497413,0.5360050250790771,-0.20037471937757984,0.7931758418036237,0.39395162518533366,0.6323420526821131,0.3681424604876051,-0.13732763635137965,2.815643854694607,19.000238892736334,,0.1897556319395927,
92471,2,Zach LaVine,203897,0022300070,2023-10-25,2023-24,CHI,77,9.0,10.0,1,1,1.0,1.0,9.0,,1.0,1.0,0.0,,2.6493506493506493,0.2791558441558441,111.97662337662337,,,0.8481308411214953,0.3754646840148699,0.2791558441558441,111.97662337662337,0.8481308411214953,0.3754646840148699,0.8481308411214953,0.3754646840148699,0.2791558441558441,111.97662337662337,2.6493506493506493,99.15743902439027,0.36709393220616243,,0.5212600633303343,,114.57499999999973,99.5,0.36709393220616243,0.5212600633303343,105.1,,,0.2602078938582209,-0.635141458918491,1.052219920285871,0.26889848422757795,-0.2410890012964994,1.1522480289793293,0.7145529463707672,-1.0000441959649093,-0.3495365594346441,-0.2549803693470956,20.0,16.0,26.0,0.0,0.0,0.0,0.0,0.5936660591062312,0.5312434805083484,0.49493607138633816,-0.4400980397565075,-0.054575738070172825,-0.43708052903711986,0.65360516275961,-0.5766184007197699,2.845046097885443,9.700607193204773,0.6064904196044574,1.5783824397471296,-1.2240278837100176,0.05644853485677678,0.8893269515609293,-3.5406434910260454,-0.25224838695821383,-0.3536909799309485,2.4165514920661613,0.5007200327959608,-0.39650324604073134,-4.429697282064193,10.239091845676827,24.064842409807756,0.2428298879706713,0.0891249610249586,-0.7145845267277108,0.19729835964545828,3.2886501080890556,1.0176548824074387,-0.7351978563373132,2.0201560254112256,79.14084659216037,,3.2567039459968172,
92472,2,Jordan Clarkson,203903,0022300072,2023-10-25,2023-24,UTA,75,9.0,10.0,1,1,1.0,1.0,9.0,,1.0,1.0,0.0,,2.574898785425101,0.26819838056680145,115.88947368421059,,,0.8309409888357256,0.3405757740358501,0.26819838056680145,115.88947368421059,0.8309409888357256,0.3405757740358501,0.8309409888357256,0.3405757740358501,0.26819838056680145,115.88947368421059,2.574898785425101,99.15743902439027,0.36709393220616243,,0.5212600633303343,,114.57499999999973,105.0,0.36709393220616243,0.5212600633303343,108.6,,,0.2516411043572924,-1.5827682323085241,0.4939274809735746,-0.7492640323025319,0.12791724574823116,-1.3476532378292234,1.046716309569106,0.3193681318681325,0.14680394930320023,-0.751913524706348,15.0,7.0,21.0,0.0,0.0,0.0,0.0,0.9150548204236953,0.6528118689495331,-0.14676064296891872,-1.0252594761190392,1.007114406739275,0.5319925262505318,-0.24653149808582894,-0.9395356451209383,-0.19341883275111693,-1.0373926738810144,-0.10534233578697025,-1.32080573670565,2.4514754773442373,0.30442436621422486,-0.8741354164475578,1.120204977404342,0.6284435345852106,2.349635867091488,-1.1522527928189936,-0.5124868868119062,-0.09383225533235581,-0.3441247776349148,5.384726704646099,28.775527975718592,0.3165347246118249,-0.1103838749613813,0.3342878323829913,1.8777930449841518,4.397848649541174,1.3954336245246088,-0.29459790884494386,10.111402355124877,126.5504168478483,,0.1013784398729772,
92473,1,Gary Harris,203914,0022300066,2023-10-25,2023-24,ORL,76,9.0,10.0,1,1,1.0,1.0,9.0,,1.0,1.0,0.0,,1.6963562753036436,0.1669068825910933,109.40971659919023,,,0.8398268398268398,0.3784530386740331,0.1669068825910933,109.40971659919023,0.8398268398268398,0.3784530386740331,0.8398268398268398,0.3784530386740331,0.1669068825910933,109.40971659919023,1.6963562753036436,99.15743902439027,0.36709393220616243,,0.5212600633303343,,114.57499999999973,95.5,0.36709393220616243,0.5212600633303343,120.8,,,0.6280447997343245,-0.6541640178003769,1.0846268206190348,0.39751216873984435,1.6720819322526292,0.8974358974359018,0.33983322935157945,-1.007624032771964,0.14683871163687112,-1.3392358060615572,13.0,9.0,25.0,0.0,0.0,0.0,0.0,-0.2506695230281926,0.14771833393219516,-0.4276507118662091,-0.03452661477739018,0.7165072856651408,-0.45333569810524377,1.2472923513258363,3.631468612583832,-0.10832981612603386,-0.5237360869213982,-0.14232226672729256,-0.078867630390537,-2.9100789996338268,-0.1028365698776627,-0.7478074141069766,-0.5532230130583263,-0.5344414071918182,2.156507013120374,1.3383892011480598,-1.2885182895343081,3.3642474267576277,-3.103878039040166,10.626698383756244,25.84664826012989,0.24860366073628673,-0.19665166034004566,-0.3424241290291583,3.012894562360117,4.152067677012696,4.144544331213747,-0.005339380832623263,32.01712177626023,107.31703280000175,,0.016572786908451344,
92474,1,Spencer Dinwiddie,203915,0022300067,2023-10-25,2023-24,BKN,77,9.0,10.0,1,1,1.0,1.0,9.0,,1.0,1.0,0.0,,1.9473684210526316,0.2369554655870445,110.89595141700399,,,0.7949526813880127,0.3436154949784792,0.2369554655870445,110.89595141700399,0.7949526813880127,0.3436154949784792,0.7949526813880127,0.3436154949784792,0.2369554655870445,110.89595141700399,1.9473684210526316,99.15743902439027,0.36709393220616243,,0.5212600633303343,,114.57499999999973,99.5,0.36709393220616243,0.5212600633303343,113.0,,,0.4839349334265459,-0.9183243485434692,0.6507102656920991,-0.26528627936269433,1.983347286958312,3.4109156836429553,0.8407206199057432,-0.46984871084594004,0.030301387349612588,-1.2383286621927942,11.0,11.0,15.0,0.0,0.0,0.0,0.0,-0.46391016036526117,-0.6097426792898819,-0.09604475257345893,0.2509523864000373,1.1320289732189004,2.007880307704457,-0.5318418202692894,0.564258184996821,0.6124382458863012,-0.45376833261411337,0.018109694954261187,-0.6428151936016221,2.8561339596019564,-1.0054477746503396,1.3586401530475065,1.2465583521411816,-0.46378035120385064,0.07479560377376952,-1.710230684212407,0.1320703127349317,-0.7078172580855372,1.9006845955249054,9.200871962013068,18.9090266043383,0.4446838132322702,-0.03752307645923141,-0.395011499444313,0.5107976389719643,4.613796622185863,1.1508445681583042,-0.7351978563373132,4.69978367467962,87.24240307591866,,-1.3973792402032637,
92475,0,Jerami Grant,203924,0022300074,2023-10-25,2023-24,POR,79,9.0,10.0,1,1,1.0,1.0,9.0,,0.0,1.0,0.0,,1.94331983805668,0.22591902834008115,109.37692307692302,,,0.8160621761658031,0.38027048528241847,0.22591902834008115,109.37692307692302,0.8160621761658031,0.38027048528241847,0.8160621761658031,0.38027048528241847,0.22591902834008115,109.37692307692302,1.94331983805668,99.15743902439027,0.36709393220616243,,0.5212600633303343,,114.57499999999973,99.0,0.36709393220616243,0.5212600633303343,112.1,,,0.05653889926076359,-1.1946841876330672,0.1356285728694315,-0.8163226832965099,0.2993546212724706,0.6174365741714212,-0.47080494884671054,-0.5195325958245153,-0.16956516488324153,-1.0441606183429166,21.0,10.0,22.0,0.0,0.0,0.0,0.0,0.006524820408913201,-1.2186735766190826,0.03363787099477455,-0.10166060297622692,0.4860934169571669,0.24539540193293072,-0.10214849012165296,-1.1546656837437963,-0.22096028100999854,-0.0033479992085348478,0.19782667871175277,-0.4520533406356078,1.5208973394625733,0.18155975730621918,-0.9369213963762326,-2.1566535945666785,0.3929544607977359,-0.349987112985455,-1.6611836142588128,-0.20822977888159613,-0.4063885467965655,0.8611197420770604,4.830340402812659,23.580443564055056,0.2682573888908502,0.1770532674139041,0.24459851720135967,2.9315996291989044,4.659563922596322,3.088192717942216,-0.13732763635137965,14.160624133790078,109.87458410988958,,-0.11825553879495239,
92476,0,Joe Harris,203925,0022300068,2023-10-25,2023-24,DET,78,9.0,10.0,1,1,1.0,1.0,9.0,,0.0,1.0,0.0,,2.526315789473684,0.15970445344129564,112.01821862348184,,,0.7489539748953975,0.4583963691376702,0.15970445344129564,112.01821862348184,0.7489539748953975,0.4583963691376702,0.7489539748953975,0.4583963691376702,0.15970445344129564,112.01821862348184,2.526315789473684,99.15743902439027,0.36709393220616243,,0.5212600633303343,,114.57499999999973,95.5,0.36709393220616243,0.5212600633303343,106.3,,,2.272968452080342,4.784795190200488,0.0,-3.0,0.0,-3.0,1.7184125503451768,2.9144858315657767,0.7336534738207682,0.9816389277826698,21.0,6.0,25.0,0.0,0.0,0.0,0.0,0.25825148930089686,-1.28973346661588,0.5047558785701627,0.042299582714735044,0.3165419081034907,1.0519688644688638,1.114497676199658,1.3164531544027256,0.2248741774962994,-1.100150248865052,0.47241682913420796,0.14494856875689466,1.1713941733132942,0.08477523616022661,-1.2120920104365267,-2.8630047661842872,-1.005976359501535,0.5757504298022695,-0.13949694863320744,0.5326509482455439,-1.0699951756266775,0.8951018421771282,11.372671954638186,23.44756927113108,0.25851020111534445,0.7201828094054499,5.008289030765829,1.1116890512041546,2.435965670068934,1.3883112792669141,-0.29459790884494386,12.642874894907823,57.11747379103857,,-0.26369513090863894,
92477,0,Doug McDermott,203926,0022300073,2023-10-25,2023-24,SAS,78,9.0,10.0,1,1,1.0,1.0,9.0,,1.0,1.0,0.0,,1.8623481781376519,0.1879352226720649,109.29635627530352,,,0.7962264150943397,0.42570281124497994,0.1879352226720649,109.29635627530352,0.7962264150943397,0.42570281124497994,0.7962264150943397,0.42570281124497994,0.1879352226720649,109.29635627530352,1.8623481781376519,99.15743902439027,0.36709393220616243,,0.5212600633303343,,114.57499999999973,107.0,0.36709393220616243,0.5212600633303343,111.2,,,0.5893909390489321,0.044500953591863616,0.7916553620407791,-0.07554945054944867,1.3526146230885958,0.5864019420346537,0.3442414949051464,-1.315444127386202,0.13170279535854928,-0.6532805429864262,17.0,6.0,29.0,0.0,0.0,0.0,0.0,-0.16405525050713696,-0.5828133278787383,0.2488070073807006,0.16499243670501057,0.42313413088104834,-0.13059888758292587,0.4919013353268924,-0.5618267334243668,-0.11994649729455716,-0.9131718335259856,-0.24673211007017629,-0.7035565224533874,1.888074398314933,0.7889917800813748,0.25940819356014216,2.3952113864870266,-0.10885027312638507,0.8460088962383896,-2.1631398212849007,0.08020227898140492,-0.934773482163892,0.3504768077337389,7.073270043429441,23.5799878704372,0.25877458475338283,-0.08603887366466326,-0.452830452875622,1.8453174427781607,4.301211771201272,3.4424734457197474,-0.29459790884494386,13.052428588620586,101.4225213931077,,-0.10324973465701093,
92478,2,Marcus Smart,203935,0022300071,2023-10-25,2023-24,MEM,75,9.0,10.0,1,1,1.0,1.0,9.0,,1.0,1.0,0.0,,1.9311740890688258,0.176991869918699,114.78130081300817,,,0.8003300330033003,0.34273318872017355,0.176991869918699,114.78130081300817,0.8003300330033003,0.34273318872017355,0.8003300330033003,0.34273318872017355,0.176991869918699,114.78130081300817,1.9311740890688258,99.15743902439027,0.36709393220616243,,0.5212600633303343,,114.57499999999973,103.5,0.36709393220616243,0.5212600633303343,100.0,,,1.443962258441445,2.6916347100227482,0.5874024977822337,-0.08814525164072726,1.4073873102947176,1.2637362637362621,1.2424306190469285,1.2669937016996784,0.8610509981621518,0.7443044249602855,21.0,9.0,34.0,0.0,0.0,0.0,0.0,0.5807066112454882,0.31829158056834433,0.5136395379187086,-0.21192459784236187,0.09329397594116594,-0.935621172107659,0.6334643832331259,-0.0073863036825995414,0.044061465605854604,-1.1264255990581848,-0.39108325586799175,0.08604538829449272,4.855009648806637,-0.8096010038680436,0.8899334545086526,-3.633633699745444,-0.8005999507458954,0.013643858455230301,1.356569877979757,0.0247500308134284,-0.06929788586297092,0.4970886322828334,8.569340103739568,26.99046267841391,0.23414074196858056,0.6408840680485602,1.574151769131291,2.8283462146572527,3.664009974269894,2.20639922033372,-0.005339380832623263,24.237060644522398,98.89332446386788,,-0.002654145515325874,
92479,0,Kyle Anderson,203937,0022300069,2023-10-25,2023-24,MIN,81,9.0,10.0,1,1,1.0,1.0,9.0,,0.0,1.0,0.0,,0.7773279352226721,0.15375708502024302,110.50971659919031,,,0.7274678111587983,0.35714285714285715,0.15375708502024302,110.50971659919031,0.7274678111587983,0.35714285714285715,0.7274678111587983,0.35714285714285715,0.15375708502024302,110.50971659919031,0.7773279352226721,99.15743902439027,0.36709393220616243,,0.5212600633303343,,114.57499999999973,101.0,0.36709393220616243,0.5212600633303343,93.1,,,0.26699552474363253,-1.4021930312219342,0.11634187942225943,0.7217186515869357,1.3093907547571029,1.1585364088281018,0.628044799734325,-0.6541640178003809,-0.4330255302223144,-0.6690942193900574,15.0,8.0,23.0,0.0,0.0,0.0,0.0,0.9294048451754174,0.5281075832576811,-0.15636608597698046,-0.8508145579701971,-0.0363300584636596,0.08454442248806479,0.7318330075238209,1.1367255026025707,0.36318949708297676,-0.7278593497964732,0.24180877322920136,-1.5881867100659064,3.04129541698084,0.5442190964754147,-0.8789572878982338,-0.3667710650150238,-0.3126720758887543,0.016755525704635142,1.607275787741607,-0.0964653161916095,-0.3118231858422,0.5283989469895989,9.706852573492768,22.02297020321017,0.29423764678381653,0.2897348791200652,-0.4108443095528417,0.978380863045835,1.5353527144380557,1.269491930633111,-0.13732763635137965,9.49699879831254,33.81302708148716,,-0.07256377844063956,
92480,3,Julius Randle,203944,0022300065,2023-10-25,2023-24,NYK,80,9.0,10.0,1,1,1.0,1.0,9.0,,1.0,1.0,0.0,,2.0890688259109313,0.28333603238866417,111.32995951416991,,,0.7744708994708994,0.34700739744451914,0.28333603238866417,111.32995951416991,0.7744708994708994,0.34700739744451914,0.7744708994708994,0.34700739744451914,0.28333603238866417,111.32995951416991,2.0890688259109313,99.15743902439027,0.36709393220616243,,0.5212600633303343,,114.57499999999973,96.5,0.36709393220616243,0.5212600633303343,107.2,,,-0.21459564210581814,-1.496632444195974,0.5131093437691328,0.3081111217348335,0.48652907642303156,0.07252747252747382,-0.12791724574823116,-1.3476532378292234,-0.185493895592593,-1.1694647772435558,25.0,8.0,33.0,0.0,0.0,0.0,0.0,0.5767144007765348,-0.21973238091935016,0.6186296536624613,1.5163723276507688,0.269982221100168,-0.900131868131868,-0.2407585743890022,0.6002428594547775,0.01478147287256035,-0.7692595214307355,-0.6522425635696566,0.3801860089324713,1.084706063393507,-0.506061321923468,-0.8321022640675287,-2.6417281334027543,-0.30589329006942895,-1.367542373107586,-1.7727942549098044,0.5958048371580584,1.0987848031042313,0.8464264540964194,6.741452531139275,29.852031489450326,0.22714764197748427,0.21692857728923115,0.17238809040680017,0.6309899568416518,6.814537239229339,1.5086034667813757,-0.7351978563373132,4.253788841673615,203.4277802515061,,-0.6222909145988808,
92481,0,Dante Exum,203957,0022300073,2023-10-25,2023-24,DAL,77,9.0,10.0,1,1,1.0,1.0,9.0,,0.0,1.0,0.0,,0.5833333333333334,0.18614393939393956,102.65757575757577,,,0.806930693069307,0.3088235294117647,0.18614393939393956,102.65757575757577,0.806930693069307,0.3088235294117647,0.806930693069307,0.3088235294117647,0.18614393939393956,102.65757575757577,0.5833333333333334,99.15743902439027,0.36709393220616243,,0.5212600633303343,,114.57499999999973,107.0,0.36709393220616243,0.5212600633303343,117.8,,,0.11226494077122623,-1.2905276541640127,2.011917047073768,4.866766747982729,0.0,-3.0,1.4073873102947176,1.2637362637362621,1.4480654305397451,1.8307692307692252,27.0,11.0,36.0,0.0,0.0,0.0,0.0,-0.5542797196787428,-0.4039149229674024,0.020323353503602565,-0.534307677260878,0.5870655388104239,0.30947802197802293,1.9230287160211863,4.090048736443678,-0.19017059489319438,-0.7277740322816201,0.44074214573497544,0.8972822825345081,-4.471792735357913,-0.005327825274195536,-0.16448520407957126,-1.2489582461324222,-0.8271385464592075,0.5197240350314922,-0.11595758196486297,-1.304606128604023,2.1125061311551976,-1.3817730864752216,7.147181721537495,30.047406798497413,0.5360050250790771,2.651073634372756,1.7785663811416739,0.2028729253731357,0.7247368082307019,0.04125422312478348,-0.51461064452263,1.449969664021716,21.776461698752506,,0.7110751386150375,
92482,0,Clint Capela,203991,0022300063,2023-10-25,2023-24,ATL,82,9.0,10.0,1,1,1.0,1.0,9.0,,0.0,1.0,0.0,,0.0,0.16536991869918685,115.559756097561,,,0.5732394366197183,0.371349463559655,0.16536991869918685,115.559756097561,0.5732394366197183,0.371349463559655,0.5732394366197183,0.371349463559655,0.16536991869918685,115.559756097561,0.0,99.15743902439027,0.36709393220616243,,0.5212600633303343,,114.57499999999973,104.0,0.36709393220616243,0.5212600633303343,105.8,,,0.1306627928858982,-0.42765777839247365,1.004128156217789,0.4138588684043225,0.0,-3.0,0.0,-3.0,0.0,-3.0,15.0,10.0,19.0,0.0,0.0,0.0,0.0,0.31236827869728323,0.005905381604412113,0.20434757715748486,0.3718339587242011,-0.39411349099844595,-0.7897435897435893,0.6155831635430433,-0.3370616580493132,0.06222411249358008,-0.5360183142689976,-1.0989312834875573,2.134701624452205,-0.5036793316624709,-0.5562971157657459,-0.46515708596778566,1.3013568591714182,-0.14791477125789312,0.3402499307493612,2.105119661803525,-0.6838106436283512,-0.4064364831593471,-1.223366165798269,11.31047211095764,28.68863739568081,0.27981793527448146,-0.0,-0.0,0.0,0.0,0.0,0.0,0.0,0.0,,-0.0,
92483,1,Bogdan Bogdanovic,203992,0022300063,2023-10-25,2023-24,ATL,77,9.0,10.0,1,1,1.0,1.0,9.0,,0.0,1.0,0.0,,2.720647773279352,0.2099552845528454,113.44268292682926,,,0.8195121951219512,0.3940298507462687,0.2099552845528454,113.44268292682926,0.8195121951219512,0.3940298507462687,0.8195121951219512,0.3940298507462687,0.2099552845528454,113.44268292682926,2.720647773279352,99.15743902439027,0.36709393220616243,,0.5212600633303343,,114.57499999999973,104.0,0.36709393220616243,0.5212600633303343,105.8,,,1.1114481824677664,1.328262096958784,-0.14224444562254254,-1.782592779023476,1.1797171112932616,2.4828296703296693,0.1423776724514579,-0.8488753702073156,0.7308302175659526,-0.2536324208511874,15.0,10.0,19.0,0.0,0.0,0.0,0.0,0.31236827869728323,0.005905381604412113,0.20434757715748486,0.3718339587242011,-0.39411349099844595,-0.7897435897435893,0.6155831635430433,-0.3370616580493132,0.06222411249358008,-0.5360183142689976,-1.0989312834875573,2.134701624452205,-0.5036793316624709,-0.5562971157657459,-0.46515708596778566,1.3013568591714182,-0.14791477125789312,0.3402499307493612,2.105119661803525,-0.6838106436283512,-0.4064364831593471,-1.223366165798269,11.31047211095764,28.68863739568081,0.27981793527448146,-0.18536223731245255,-0.12086089941148725,1.2532862063851542,3.241435824950253,1.5941417989779436,-0.29459790884494386,14.175258684367188,92.99237702336731,,0.36040111419582693,
92484,5,Kristaps Porzingis,204001,0022300065,2023-10-25,2023-24,BOS,86,8.0,10.0,1,1,1.0,1.0,9.0,,0.0,1.0,0.0,,2.080971659919028,0.2758380566801622,113.45263157894728,,,0.8263888888888888,0.3718887262079063,0.2758380566801622,113.45263157894728,0.8263888888888888,0.3718887262079063,0.8263888888888888,0.3718887262079063,0.2758380566801622,113.45263157894728,2.080971659919028,99.15743902439027,0.36709393220616243,,0.5212600633303343,,114.57499999999973,96.5,0.36709393220616243,0.5212600633303343,112.5,,,0.3756309832327964,0.07443062288484506,0.11560753349199981,0.40082977924115337,0.7882269819968927,-0.4243938461538473,1.7915509142233272,2.625,-0.3549268013882134,-1.2941014963620574,11.0,9.0,30.0,0.0,0.0,0.0,0.0,-0.1341250274017994,-0.9503904674912838,0.9396746450502086,0.7790613952929533,0.2106316201579239,-0.6615626242039883,0.26754530269194526,-1.1202917807305646,1.0841301976891167,2.4629054559644854,-0.2569904110190146,-0.157914499622861,0.660264054548162,-0.15971521405064282,-1.2469167863075052,0.6995610155478222,0.7044772010596769,-0.6694111416158757,-0.7148877042373658,0.4119425354171791,-0.1517367541763056,-0.3799413090421453,8.772985856246011,21.647123008120893,0.21820040692945203,0.45931130477548576,4.702821149836234,0.21966117644610358,5.235254079802472,0.7962637668554409,0.824414167986588,1.9270843941280262,113.32818904425086,,-0.3132289981777153,
92485,0,Joe Ingles,204060,0022300066,2023-10-25,2023-24,ORL,81,9.0,10.0,1,1,1.0,1.0,9.0,,1.0,1.0,0.0,,2.222672064777328,0.1518178137651821,113.12631578947364,,,0.7891156462585034,0.4185867895545315,0.1518178137651821,113.12631578947364,0.7891156462585034,0.4185867895545315,0.7891156462585034,0.4185867895545315,0.1518178137651821,113.12631578947364,2.222672064777328,99.15743902439027,0.36709393220616243,,0.5212600633303343,,114.57499999999973,95.5,0.36709393220616243,0.5212600633303343,120.8,,,2.4047631387104955,4.349112426039439,1.4002538242196834,0.13792456370801284,0.0,-3.0,0.704614484417818,-0.3339274181021443,0.5977134654887659,-0.8373089110979551,13.0,9.0,25.0,0.0,0.0,0.0,0.0,-0.2506695230281926,0.14771833393219516,-0.4276507118662091,-0.03452661477739018,0.7165072856651408,-0.45333569810524377,1.2472923513258363,3.631468612583832,-0.10832981612603386,-0.5237360869213982,-0.14232226672729256,-0.078867630390537,-2.9100789996338268,-0.1028365698776627,-0.7478074141069766,-0.5532230130583263,-0.5344414071918182,2.156507013120374,1.3383892011480598,-1.2885182895343081,3.3642474267576277,-3.103878039040166,10.626698383756244,25.84664826012989,0.24860366073628673,-0.5004708109369838,-0.2352900955390156,0.90776826050883,2.043010367908534,0.9425158892410412,-0.29459790884494386,9.646579506774401,52.80497037113044,,0.914395979610978,
92486,0,T.J. McConnell,204456,0022300064,2023-10-25,2023-24,IND,73,8.0,10.0,1,1,1.0,1.0,9.0,,1.0,1.0,0.0,,0.23481781376518218,0.16669635627530333,108.4020242914979,,,0.797752808988764,0.38926174496644295,0.16669635627530333,108.4020242914979,0.797752808988764,0.38926174496644295,0.797752808988764,0.38926174496644295,0.16669635627530333,108.4020242914979,0.23481781376518218,99.15743902439027,0.36709393220616243,,0.5212600633303343,,114.57499999999973,110.5,0.36709393220616243,0.5212600633303343,128.8,,,0.37864410232473283,0.43605713731086215,0.17750645711048596,0.9923712650985393,1.1274729985585323,1.1813881389282948,2.272968452080367,4.784795190200593,1.0441029313106924,0.49587769150725136,30.0,12.0,31.0,0.0,0.0,0.0,0.0,0.360775080053254,-0.4158860702515611,-0.15729598080757282,-0.15782018268251435,0.20450283919981885,-0.4955032086916217,-0.7048813442055591,-0.3460130325425111,0.5114912470465601,-0.9174089011550393,-0.6845545526979164,1.7308096806533484,-1.6568637240499489,0.03522493883524229,2.005024872244801,-3.5080802923497094,0.6361047537220524,0.011164164368183585,0.18509910197874113,-0.47101633363854295,0.20612540580232044,3.252326623554589,9.672425592231246,26.928003530830676,0.2741811235905182,0.5177473512743004,10.875688516991827,0.09182069342849451,1.096854264552118,0.15257092518580784,-0.7351978563373132,0.8881288250141897,29.53609550866612,,-2.3911035617461054,
93166,1,Bilal Coulibaly,1641731,0022300103,2023-10-30,2023-24,WAS,80,0.0,1.0,2,2,2.0,1.0,2.0,-1.0,1.0,3.0,0.0,0.0,0.5,0.0985,90.3,-18.6,18.675,0.8500000000000001,0.5,0.0985,90.3,0.8500000000000001,0.5,0.8500000000000001,0.5,0.0985,90.3,0.5,98.0,11.5,0.3108108108108108,20.0,1.0810810810810811,109.65,100.0,0.3108108108108108,0.5405405405405406,107.40000000000002,0.8513513513513513,106.75,,,,,,,,,,,27.0,9.0,27.0,3.0,0.5,-2.0,1.5,0.9486534262370869,0.3513968402908344,0.513582445360188,0.8073077107794396,-0.07792985411404425,-1.0470437408072029,-0.024557955793705073,0.023641131595678207,-0.35249106201970415,-0.8328620959496436,-0.028077223784106174,-0.17027325153659773,3.9579286399854943,-0.6587792786908899,-0.9619740817853573,-4.3689740189094435,-0.17123823209380934,-1.2649572135905445,-0.691338512003191,-0.2376816527404079,0.9312336227971282,1.6129131702036017,6.616718741762344,25.658335477187933,0.23765705748388033,,,,,,0.0,,,10.0,0.0,9.653
93167,0,Toumani Camara,1641739,0022300105,2023-10-30,2023-24,POR,79,0.0,0.0,3,2,3.0,2.0,1.0,-1.0,0.0,4.0,0.0,0.0,1.0,0.16266666666666665,111.93333333333334,9.200000000000008,22.13888888888889,0.6666666666666666,0.14285714285714285,0.16266666666666665,111.93333333333334,0.6666666666666666,0.14285714285714285,0.6666666666666666,0.14285714285714285,0.16266666666666665,111.93333333333334,1.0,97.57333333333334,9.333333333333334,0.28865979381443296,19.333333333333332,1.7938144329896906,103.26666666666667,96.43,0.28865979381443296,0.5979381443298969,104.075,0.8865979381443299,99.33333333333333,,,,,,,,,,,24.0,7.0,28.0,0.6666666666666679,-2.0,4.0,-2.333333333333334,0.6984134208182307,-0.518182156444552,0.3929634171169534,-0.2135339157957518,0.20434212946838765,-1.0267987164891508,0.9396559410578672,1.301319981793355,0.09077081101206379,-0.9364448137596275,-0.34844687208315944,-0.6588362112838239,1.1753788392036022,0.04086640328009729,-1.1078781731325908,2.521160109848524,-0.9125899144390178,1.3904149857074817,-0.6124622412608022,-0.5219938084030702,0.08648935760999596,0.8384626814416432,7.985269349900472,25.140520374662422,0.2921987169496332,,,,,,0.0,,,2.7619047619047614,0.0,15.871928888888888
93168,0,Brandin Podziemski,1641764,0022300108,2023-10-30,2023-24,GSW,76,0.0,9.0,1,1,2.0,2.0,1.0,0.25,0.0,4.0,0.0,0.0,1.0625,0.14362499999999995,106.96875,-1.4729166666666824,19.831666666666667,0.8361111111111112,0.480952380952381,0.143625,106.96875,0.8361111111111112,0.48095238095238074,0.8361111111111112,0.4809523809523809,0.14362499999999997,106.96875,1.0625000000000002,102.0,18.0,0.45,18.5,0.925,93.5,101.5,0.45,0.4625,105.23333333333333,0.9125,100.16666666666667,,,,,,,,,,,22.0,11.0,30.0,-13.0,4.666666666666666,-2.0,-1.0,0.752132562472642,1.33273114971456,-0.04848363439574373,-0.44545697204972684,-0.1407387310294718,-0.5428571428571437,0.5916673245897502,0.10107270998573534,0.1932902475134413,-1.0857735165110434,0.1618018405281987,-0.9940345743127098,2.1437828525291085,-0.6906130894264697,0.07755488058266434,-1.6645280316950297,-0.7263416550117708,-0.24511046182434046,-0.9325211567366442,0.9576959415575171,0.8580956010132097,2.817222075453027,8.259975254237865,24.511895366622777,0.23993797863586516,,,,,,0.0,,,8.27936507936508,0.0,14.275939027777778
